2025-06-23 17:30:26,828 [Worker-1: Loading available Gradle versions] INFO  o.e.b.c.i.u.g.PublishedGradleVersions - Gradle version information cache is not available. Remote download required.
2025-06-23 17:32:58,950 [Worker-7: Import Getting Started Content] INFO  o.e.m.c.i.l.LifecycleMappingFactory - Using org.maven.ide.eclipse.wtp.WarLifecycleMapping lifecycle mapping for MavenProject: com.example:Insurance_Report_App:0.0.1-SNAPSHOT @ C:\Users\Shree\Desktop\FULL STACK\JRTP\01_MINI_projects\Insurance_Report_App\pom.xml.
2025-06-23 17:33:01,592 [Worker-7: Import Getting Started Content] INFO  o.e.m.j.i.AbstractJavaProjectConfigurator - Adding source folder /Insurance_Report_App/src/main/java
2025-06-23 17:33:01,595 [Worker-7: Import Getting Started Content] INFO  o.e.m.j.i.AbstractJavaProjectConfigurator - Adding resource folder /Insurance_Report_App/src/main/resources
2025-06-23 17:33:01,603 [Worker-7: Import Getting Started Content] INFO  o.e.m.j.i.AbstractJavaProjectConfigurator - Adding resource folder /Insurance_Report_App/src/main/resources
2025-06-23 17:33:01,612 [Worker-7: Import Getting Started Content] INFO  o.e.m.j.i.AbstractJavaProjectConfigurator - Adding source folder /Insurance_Report_App/src/test/java
2025-06-23 17:33:01,614 [Worker-7: Import Getting Started Content] INFO  o.e.m.j.i.AbstractJavaProjectConfigurator - Adding resource folder /Insurance_Report_App/src/test/resources
2025-06-23 17:33:06,073 [Worker-7: Import Getting Started Content] INFO  o.e.m.c.i.p.ProjectConfigurationManager - Imported and configured 1 project(s) in 10 sec
2025-06-23 17:33:06,083 [Worker-7: Import Getting Started Content] INFO  o.e.m.c.i.p.ProjectConfigurationManager - Update started
2025-06-23 17:33:07,157 [Worker-7: Import Getting Started Content] INFO  o.e.m.c.i.l.LifecycleMappingFactory - Using org.maven.ide.eclipse.wtp.WarLifecycleMapping lifecycle mapping for MavenProject: com.example:Insurance_Report_App:0.0.1-SNAPSHOT @ C:\Users\Shree\Desktop\FULL STACK\JRTP\01_MINI_projects\Insurance_Report_App\pom.xml.
2025-06-23 17:33:09,227 [Worker-7: Import Getting Started Content] INFO  o.e.m.j.i.AbstractJavaProjectConfigurator - Adding source folder /Insurance_Report_App/src/main/java
2025-06-23 17:33:09,229 [Worker-7: Import Getting Started Content] INFO  o.e.m.j.i.AbstractJavaProjectConfigurator - Adding resource folder /Insurance_Report_App/src/main/resources
2025-06-23 17:33:09,231 [Worker-7: Import Getting Started Content] INFO  o.e.m.j.i.AbstractJavaProjectConfigurator - Adding resource folder /Insurance_Report_App/src/main/resources
2025-06-23 17:33:09,232 [Worker-7: Import Getting Started Content] INFO  o.e.m.j.i.AbstractJavaProjectConfigurator - Adding source folder /Insurance_Report_App/src/test/java
2025-06-23 17:33:09,233 [Worker-7: Import Getting Started Content] INFO  o.e.m.j.i.AbstractJavaProjectConfigurator - Adding resource folder /Insurance_Report_App/src/test/resources
2025-06-23 17:33:11,492 [Worker-7: Import Getting Started Content] INFO  o.e.m.w.i.f.ResourceFilteringBuildParticipant - Cleaning filtered folder for Insurance_Report_App
2025-06-23 17:33:11,570 [Worker-7: Import Getting Started Content] INFO  o.e.m.c.i.p.ProjectConfigurationManager - Update completed for 1 poms: local refresh takes 0.00 sec, refresh facades takes 3.00 sec, update config takes 1.00 sec 
2025-06-23 17:33:14,223 [Worker-9: Building] INFO  o.a.m.s.f.DefaultMavenResourcesFiltering - Copying 1 resource from src\main\resources to target\classes
2025-06-23 17:33:14,285 [Worker-9: Building] INFO  o.a.m.s.f.DefaultMavenResourcesFiltering - Copying 0 resource from src\main\resources to target\classes
2025-06-23 17:33:14,309 [Worker-9: Building] INFO  o.a.m.s.f.DefaultMavenResourcesFiltering - skip non existing resourceDirectory C:\Users\Shree\Desktop\FULL STACK\JRTP\01_MINI_projects\Insurance_Report_App\src\test\resources
2025-06-23 17:33:14,310 [Worker-9: Building] INFO  o.e.m.w.i.f.ResourceFilteringBuildParticipant - Changed resources require a complete clean of filtered resources of Insurance_Report_App
2025-06-23 17:33:14,312 [Worker-9: Building] INFO  o.e.m.w.i.f.ResourceFilteringBuildParticipant - Executing resource filtering for Insurance_Report_App
2025-06-23 17:34:05,821 [Worker-0: Building] INFO  o.a.m.s.f.DefaultMavenResourcesFiltering - Copying 1 resource from src\main\resources to target\classes
2025-06-23 17:34:05,841 [Worker-0: Building] INFO  o.a.m.s.f.DefaultMavenResourcesFiltering - Copying 0 resource from src\main\resources to target\classes
2025-06-23 17:34:05,850 [Worker-0: Building] INFO  o.a.m.s.f.DefaultMavenResourcesFiltering - skip non existing resourceDirectory C:\Users\Shree\Desktop\FULL STACK\JRTP\01_MINI_projects\Insurance_Report_App\src\test\resources
2025-06-23 17:35:09,442 [Worker-4: Building] INFO  o.a.m.s.f.DefaultMavenResourcesFiltering - Copying 1 resource from src\main\resources to target\classes
2025-06-23 17:35:09,470 [Worker-4: Building] INFO  o.a.m.s.f.DefaultMavenResourcesFiltering - Copying 0 resource from src\main\resources to target\classes
2025-06-23 17:35:09,493 [Worker-4: Building] INFO  o.a.m.s.f.DefaultMavenResourcesFiltering - skip non existing resourceDirectory C:\Users\Shree\Desktop\FULL STACK\JRTP\01_MINI_projects\Insurance_Report_App\src\test\resources
2025-06-23 17:35:17,625 [Worker-10: Building] INFO  o.a.m.s.f.DefaultMavenResourcesFiltering - Copying 1 resource from src\main\resources to target\classes
2025-06-23 17:35:17,642 [Worker-10: Building] INFO  o.a.m.s.f.DefaultMavenResourcesFiltering - Copying 0 resource from src\main\resources to target\classes
2025-06-23 17:35:17,650 [Worker-10: Building] INFO  o.a.m.s.f.DefaultMavenResourcesFiltering - skip non existing resourceDirectory C:\Users\Shree\Desktop\FULL STACK\JRTP\01_MINI_projects\Insurance_Report_App\src\test\resources
2025-06-23 17:35:48,338 [Worker-4: Building] INFO  o.a.m.s.f.DefaultMavenResourcesFiltering - Copying 1 resource from src\main\resources to target\classes
2025-06-23 17:35:48,363 [Worker-4: Building] INFO  o.a.m.s.f.DefaultMavenResourcesFiltering - Copying 0 resource from src\main\resources to target\classes
2025-06-23 17:35:48,370 [Worker-4: Building] INFO  o.a.m.s.f.DefaultMavenResourcesFiltering - skip non existing resourceDirectory C:\Users\Shree\Desktop\FULL STACK\JRTP\01_MINI_projects\Insurance_Report_App\src\test\resources
2025-06-23 17:35:53,761 [Worker-3: Building] INFO  o.a.m.s.f.DefaultMavenResourcesFiltering - Copying 1 resource from src\main\resources to target\classes
2025-06-23 17:35:53,777 [Worker-3: Building] INFO  o.a.m.s.f.DefaultMavenResourcesFiltering - Copying 0 resource from src\main\resources to target\classes
2025-06-23 17:35:53,785 [Worker-3: Building] INFO  o.a.m.s.f.DefaultMavenResourcesFiltering - skip non existing resourceDirectory C:\Users\Shree\Desktop\FULL STACK\JRTP\01_MINI_projects\Insurance_Report_App\src\test\resources
2025-06-23 17:36:15,805 [Worker-4: Building] INFO  o.a.m.s.f.DefaultMavenResourcesFiltering - Copying 1 resource from src\main\resources to target\classes
2025-06-23 17:36:15,828 [Worker-4: Building] INFO  o.a.m.s.f.DefaultMavenResourcesFiltering - Copying 0 resource from src\main\resources to target\classes
2025-06-23 17:36:15,839 [Worker-4: Building] INFO  o.a.m.s.f.DefaultMavenResourcesFiltering - skip non existing resourceDirectory C:\Users\Shree\Desktop\FULL STACK\JRTP\01_MINI_projects\Insurance_Report_App\src\test\resources
2025-06-23 17:36:21,436 [Worker-10: Building] INFO  o.a.m.s.f.DefaultMavenResourcesFiltering - Copying 1 resource from src\main\resources to target\classes
2025-06-23 17:36:21,459 [Worker-10: Building] INFO  o.a.m.s.f.DefaultMavenResourcesFiltering - Copying 0 resource from src\main\resources to target\classes
2025-06-23 17:36:21,468 [Worker-10: Building] INFO  o.a.m.s.f.DefaultMavenResourcesFiltering - skip non existing resourceDirectory C:\Users\Shree\Desktop\FULL STACK\JRTP\01_MINI_projects\Insurance_Report_App\src\test\resources
2025-06-23 17:39:34,514 [Worker-11: Building] INFO  o.a.m.s.f.DefaultMavenResourcesFiltering - Copying 1 resource from src\main\resources to target\classes
2025-06-23 17:39:34,526 [Worker-11: Building] INFO  o.a.m.s.f.DefaultMavenResourcesFiltering - Copying 0 resource from src\main\resources to target\classes
2025-06-23 17:39:34,530 [Worker-11: Building] INFO  o.a.m.s.f.DefaultMavenResourcesFiltering - skip non existing resourceDirectory C:\Users\Shree\Desktop\FULL STACK\JRTP\01_MINI_projects\Insurance_Report_App\src\test\resources
2025-06-23 17:41:02,114 [Worker-0: Building] INFO  o.a.m.s.f.DefaultMavenResourcesFiltering - Copying 1 resource from src\main\resources to target\classes
2025-06-23 17:41:02,159 [Worker-0: Building] INFO  o.a.m.s.f.DefaultMavenResourcesFiltering - Copying 0 resource from src\main\resources to target\classes
2025-06-23 17:41:02,169 [Worker-0: Building] INFO  o.a.m.s.f.DefaultMavenResourcesFiltering - skip non existing resourceDirectory C:\Users\Shree\Desktop\FULL STACK\JRTP\01_MINI_projects\Insurance_Report_App\src\test\resources
2025-06-23 17:53:37,416 [Worker-12: Building] INFO  o.a.m.s.f.DefaultMavenResourcesFiltering - Copying 1 resource from src\main\resources to target\classes
2025-06-23 17:53:37,461 [Worker-12: Building] INFO  o.a.m.s.f.DefaultMavenResourcesFiltering - Copying 0 resource from src\main\resources to target\classes
2025-06-23 17:53:37,468 [Worker-12: Building] INFO  o.a.m.s.f.DefaultMavenResourcesFiltering - skip non existing resourceDirectory C:\Users\Shree\Desktop\FULL STACK\JRTP\01_MINI_projects\Insurance_Report_App\src\test\resources
2025-06-24 09:49:54,628 [Worker-5: Loading available Gradle versions] INFO  o.e.b.c.i.u.g.PublishedGradleVersions - Gradle version information cache is up-to-date. Trying to read.
2025-06-24 10:39:08,279 [Worker-18: Building] INFO  o.a.m.s.f.DefaultMavenResourcesFiltering - Copying 1 resource from src\main\resources to target\classes
2025-06-24 10:39:08,310 [Worker-18: Building] INFO  o.a.m.s.f.DefaultMavenResourcesFiltering - Copying 0 resource from src\main\resources to target\classes
2025-06-24 10:39:08,319 [Worker-18: Building] INFO  o.a.m.s.f.DefaultMavenResourcesFiltering - skip non existing resourceDirectory C:\Users\Shree\Desktop\FULL STACK\JRTP\01_MINI_projects\Insurance_Report_App\src\test\resources
2025-06-24 11:08:38,468 [Worker-20: Building] INFO  o.a.m.s.f.DefaultMavenResourcesFiltering - Copying 1 resource from src\main\resources to target\classes
2025-06-24 11:08:38,486 [Worker-20: Building] INFO  o.a.m.s.f.DefaultMavenResourcesFiltering - Copying 0 resource from src\main\resources to target\classes
2025-06-24 11:08:38,497 [Worker-20: Building] INFO  o.a.m.s.f.DefaultMavenResourcesFiltering - skip non existing resourceDirectory C:\Users\Shree\Desktop\FULL STACK\JRTP\01_MINI_projects\Insurance_Report_App\src\test\resources
2025-06-24 11:14:11,256 [Worker-23: Building] INFO  o.a.m.s.f.DefaultMavenResourcesFiltering - Copying 1 resource from src\main\resources to target\classes
2025-06-24 11:14:11,278 [Worker-23: Building] INFO  o.a.m.s.f.DefaultMavenResourcesFiltering - Copying 0 resource from src\main\resources to target\classes
2025-06-24 11:14:11,289 [Worker-23: Building] INFO  o.a.m.s.f.DefaultMavenResourcesFiltering - skip non existing resourceDirectory C:\Users\Shree\Desktop\FULL STACK\JRTP\01_MINI_projects\Insurance_Report_App\src\test\resources
2025-06-24 11:17:02,072 [Worker-21: Building] INFO  o.a.m.s.f.DefaultMavenResourcesFiltering - Copying 1 resource from src\main\resources to target\classes
2025-06-24 11:17:02,083 [Worker-21: Building] INFO  o.a.m.s.f.DefaultMavenResourcesFiltering - Copying 0 resource from src\main\resources to target\classes
2025-06-24 11:17:02,090 [Worker-21: Building] INFO  o.a.m.s.f.DefaultMavenResourcesFiltering - skip non existing resourceDirectory C:\Users\Shree\Desktop\FULL STACK\JRTP\01_MINI_projects\Insurance_Report_App\src\test\resources
2025-06-24 11:24:08,298 [Worker-4: Loading available Gradle versions] INFO  o.e.b.c.i.u.g.PublishedGradleVersions - Gradle version information cache is up-to-date. Trying to read.
2025-06-24 11:29:35,330 [Worker-8: Building] INFO  o.a.m.s.f.DefaultMavenResourcesFiltering - Copying 1 resource from src\main\resources to target\classes
2025-06-24 11:29:35,374 [Worker-8: Building] INFO  o.a.m.s.f.DefaultMavenResourcesFiltering - Copying 0 resource from src\main\resources to target\classes
2025-06-24 11:29:35,394 [Worker-8: Building] INFO  o.a.m.s.f.DefaultMavenResourcesFiltering - skip non existing resourceDirectory C:\Users\Shree\Desktop\FULL STACK\JRTP\01_MINI_projects\Insurance_Report_App\src\test\resources
2025-06-24 12:34:04,941 [Worker-33: Building] INFO  o.a.m.s.f.DefaultMavenResourcesFiltering - Copying 1 resource from src\main\resources to target\classes
2025-06-24 12:34:04,978 [Worker-33: Building] INFO  o.a.m.s.f.DefaultMavenResourcesFiltering - Copying 0 resource from src\main\resources to target\classes
2025-06-24 12:34:04,998 [Worker-33: Building] INFO  o.a.m.s.f.DefaultMavenResourcesFiltering - skip non existing resourceDirectory C:\Users\Shree\Desktop\FULL STACK\JRTP\01_MINI_projects\Insurance_Report_App\src\test\resources
2025-06-24 12:35:23,213 [Worker-30: Building] INFO  o.a.m.s.f.DefaultMavenResourcesFiltering - Copying 1 resource from src\main\resources to target\classes
2025-06-24 12:35:23,232 [Worker-30: Building] INFO  o.a.m.s.f.DefaultMavenResourcesFiltering - Copying 0 resource from src\main\resources to target\classes
2025-06-24 12:35:23,247 [Worker-30: Building] INFO  o.a.m.s.f.DefaultMavenResourcesFiltering - skip non existing resourceDirectory C:\Users\Shree\Desktop\FULL STACK\JRTP\01_MINI_projects\Insurance_Report_App\src\test\resources
2025-06-24 12:36:49,900 [Worker-32: Building] INFO  o.a.m.s.f.DefaultMavenResourcesFiltering - Copying 1 resource from src\main\resources to target\classes
2025-06-24 12:36:49,918 [Worker-32: Building] INFO  o.a.m.s.f.DefaultMavenResourcesFiltering - Copying 0 resource from src\main\resources to target\classes
2025-06-24 12:36:49,930 [Worker-32: Building] INFO  o.a.m.s.f.DefaultMavenResourcesFiltering - skip non existing resourceDirectory C:\Users\Shree\Desktop\FULL STACK\JRTP\01_MINI_projects\Insurance_Report_App\src\test\resources
2025-06-24 12:37:33,696 [Worker-21: Building] INFO  o.a.m.s.f.DefaultMavenResourcesFiltering - Copying 0 resource from src\main\resources to target\classes
2025-06-24 12:37:33,700 [Worker-21: Building] INFO  o.a.m.s.f.DefaultMavenResourcesFiltering - Copying 0 resource from src\main\resources to target\classes
2025-06-24 12:37:33,711 [Worker-21: Building] INFO  o.a.m.s.f.DefaultMavenResourcesFiltering - skip non existing resourceDirectory C:\Users\Shree\Desktop\FULL STACK\JRTP\01_MINI_projects\Insurance_Report_App\src\test\resources
2025-06-24 12:38:54,388 [Worker-33: Building] INFO  o.a.m.s.f.DefaultMavenResourcesFiltering - Copying 0 resource from src\main\resources to target\classes
2025-06-24 12:38:54,393 [Worker-33: Building] INFO  o.a.m.s.f.DefaultMavenResourcesFiltering - Copying 0 resource from src\main\resources to target\classes
2025-06-24 12:38:54,405 [Worker-33: Building] INFO  o.a.m.s.f.DefaultMavenResourcesFiltering - skip non existing resourceDirectory C:\Users\Shree\Desktop\FULL STACK\JRTP\01_MINI_projects\Insurance_Report_App\src\test\resources
2025-06-24 12:40:30,676 [Worker-6: Loading available Gradle versions] INFO  o.e.b.c.i.u.g.PublishedGradleVersions - Gradle version information cache is up-to-date. Trying to read.
2025-06-24 12:44:06,700 [Worker-5: Building] INFO  o.a.m.s.f.DefaultMavenResourcesFiltering - Copying 1 resource from src\main\resources to target\classes
2025-06-24 12:44:06,737 [Worker-5: Building] INFO  o.a.m.s.f.DefaultMavenResourcesFiltering - Copying 0 resource from src\main\resources to target\classes
2025-06-24 12:44:06,752 [Worker-5: Building] INFO  o.a.m.s.f.DefaultMavenResourcesFiltering - skip non existing resourceDirectory C:\Users\Shree\Desktop\FULL STACK\JRTP\01_MINI_projects\Insurance_Report_App\src\test\resources
2025-06-24 12:53:46,343 [Worker-14: Launching Insurance_Report_App - InsuranceReportAppApplication] INFO  o.a.m.s.f.DefaultMavenResourcesFiltering - Copying 1 resource from src\main\resources to target\classes
2025-06-24 12:53:46,372 [Worker-14: Launching Insurance_Report_App - InsuranceReportAppApplication] INFO  o.a.m.s.f.DefaultMavenResourcesFiltering - Copying 0 resource from src\main\resources to target\classes
2025-06-24 12:53:46,396 [Worker-14: Launching Insurance_Report_App - InsuranceReportAppApplication] INFO  o.a.m.s.f.DefaultMavenResourcesFiltering - skip non existing resourceDirectory C:\Users\Shree\Desktop\FULL STACK\JRTP\01_MINI_projects\Insurance_Report_App\src\test\resources
2025-06-24 12:55:45,432 [Worker-14: Building] INFO  o.a.m.s.f.DefaultMavenResourcesFiltering - Copying 1 resource from src\main\resources to target\classes
2025-06-24 12:55:45,457 [Worker-14: Building] INFO  o.a.m.s.f.DefaultMavenResourcesFiltering - Copying 0 resource from src\main\resources to target\classes
2025-06-24 12:55:45,471 [Worker-14: Building] INFO  o.a.m.s.f.DefaultMavenResourcesFiltering - skip non existing resourceDirectory C:\Users\Shree\Desktop\FULL STACK\JRTP\01_MINI_projects\Insurance_Report_App\src\test\resources
2025-06-24 12:56:10,237 [Worker-10: Building] INFO  o.a.m.s.f.DefaultMavenResourcesFiltering - Copying 1 resource from src\main\resources to target\classes
2025-06-24 12:56:10,256 [Worker-10: Building] INFO  o.a.m.s.f.DefaultMavenResourcesFiltering - Copying 0 resource from src\main\resources to target\classes
2025-06-24 12:56:10,271 [Worker-10: Building] INFO  o.a.m.s.f.DefaultMavenResourcesFiltering - skip non existing resourceDirectory C:\Users\Shree\Desktop\FULL STACK\JRTP\01_MINI_projects\Insurance_Report_App\src\test\resources
2025-06-24 12:56:33,760 [Worker-10: Building] INFO  o.a.m.s.f.DefaultMavenResourcesFiltering - Copying 1 resource from src\main\resources to target\classes
2025-06-24 12:56:33,784 [Worker-10: Building] INFO  o.a.m.s.f.DefaultMavenResourcesFiltering - Copying 0 resource from src\main\resources to target\classes
2025-06-24 12:56:33,797 [Worker-10: Building] INFO  o.a.m.s.f.DefaultMavenResourcesFiltering - skip non existing resourceDirectory C:\Users\Shree\Desktop\FULL STACK\JRTP\01_MINI_projects\Insurance_Report_App\src\test\resources
2025-06-24 13:00:14,282 [Worker-10: Building] INFO  o.e.m.c.i.l.LifecycleMappingFactory - Using org.maven.ide.eclipse.wtp.WarLifecycleMapping lifecycle mapping for MavenProject: com.example:Insurance_Report_App:0.0.1-SNAPSHOT @ C:\Users\Shree\Desktop\FULL STACK\JRTP\01_MINI_projects\Insurance_Report_App\pom.xml.
2025-06-24 13:00:16,232 [Worker-10: Building] INFO  o.e.m.c.i.e.AbstractTransferListenerAdapter - Downloading https://repo.maven.apache.org/maven2/org/apache/tomcat/embed/tomcat-embed-jasper/10.1.42/tomcat-embed-jasper-10.1.42.pom
2025-06-24 13:00:16,275 [Worker-10: Building] INFO  o.e.m.c.i.e.AbstractTransferListenerAdapter - Downloaded https://repo.maven.apache.org/maven2/org/apache/tomcat/embed/tomcat-embed-jasper/10.1.42/tomcat-embed-jasper-10.1.42.pom
2025-06-24 13:00:16,374 [Worker-10: Building] INFO  o.e.m.c.i.e.AbstractTransferListenerAdapter - Downloading https://repo.maven.apache.org/maven2/org/apache/tomcat/tomcat-annotations-api/10.1.42/tomcat-annotations-api-10.1.42.pom
2025-06-24 13:00:16,391 [Worker-10: Building] INFO  o.e.m.c.i.e.AbstractTransferListenerAdapter - Downloaded https://repo.maven.apache.org/maven2/org/apache/tomcat/tomcat-annotations-api/10.1.42/tomcat-annotations-api-10.1.42.pom
2025-06-24 13:00:17,201 [Worker-10: Building] INFO  o.e.m.c.i.e.AbstractTransferListenerAdapter - Downloading https://repo.maven.apache.org/maven2/org/apache/tomcat/embed/tomcat-embed-jasper/10.1.42/tomcat-embed-jasper-10.1.42.jar
2025-06-24 13:00:17,688 [Worker-10: Building] INFO  o.e.m.c.i.e.AbstractTransferListenerAdapter - Downloaded https://repo.maven.apache.org/maven2/org/apache/tomcat/embed/tomcat-embed-jasper/10.1.42/tomcat-embed-jasper-10.1.42.jar
2025-06-24 13:00:17,775 [BasicRepositoryConnector-repo.maven.apache.org-0-0] INFO  o.e.m.c.i.e.AbstractTransferListenerAdapter - Downloading https://repo.maven.apache.org/maven2/org/apache/tomcat/tomcat-annotations-api/10.1.42/tomcat-annotations-api-10.1.42.jar
2025-06-24 13:00:17,790 [BasicRepositoryConnector-repo.maven.apache.org-0-0] INFO  o.e.m.c.i.e.AbstractTransferListenerAdapter - Downloaded https://repo.maven.apache.org/maven2/org/apache/tomcat/tomcat-annotations-api/10.1.42/tomcat-annotations-api-10.1.42.jar
2025-06-24 13:00:19,342 [Worker-10: Building] INFO  o.a.m.s.f.DefaultMavenResourcesFiltering - Copying 0 resource from src\main\resources to target\classes
2025-06-24 13:00:19,345 [Worker-10: Building] INFO  o.a.m.s.f.DefaultMavenResourcesFiltering - Copying 0 resource from src\main\resources to target\classes
2025-06-24 13:00:19,360 [Worker-10: Building] INFO  o.a.m.s.f.DefaultMavenResourcesFiltering - skip non existing resourceDirectory C:\Users\Shree\Desktop\FULL STACK\JRTP\01_MINI_projects\Insurance_Report_App\src\test\resources
2025-06-24 13:00:19,365 [Worker-10: Building] INFO  o.e.m.w.i.f.ResourceFilteringBuildParticipant - Changed resources require a complete clean of filtered resources of Insurance_Report_App
2025-06-24 13:00:19,368 [Worker-10: Building] INFO  o.e.m.w.i.f.ResourceFilteringBuildParticipant - Executing resource filtering for Insurance_Report_App
2025-06-24 13:00:20,150 [Worker-5: Download sources and javadoc] INFO  o.e.m.c.i.e.AbstractTransferListenerAdapter - Downloading https://repo.maven.apache.org/maven2/org/apache/tomcat/embed/tomcat-embed-jasper/10.1.42/tomcat-embed-jasper-10.1.42-sources.jar
2025-06-24 13:00:20,640 [Worker-5: Download sources and javadoc] INFO  o.e.m.c.i.e.AbstractTransferListenerAdapter - Downloaded https://repo.maven.apache.org/maven2/org/apache/tomcat/embed/tomcat-embed-jasper/10.1.42/tomcat-embed-jasper-10.1.42-sources.jar
2025-06-24 13:00:20,662 [Worker-5: Download sources and javadoc] INFO  o.e.m.j.internal.DownloadSourcesJob - Downloaded sources for org.apache.tomcat.embed:tomcat-embed-jasper:10.1.42
2025-06-24 13:00:20,890 [Worker-5: Download sources and javadoc] INFO  o.e.m.c.i.e.AbstractTransferListenerAdapter - Downloading https://repo.maven.apache.org/maven2/org/apache/tomcat/tomcat-annotations-api/10.1.42/tomcat-annotations-api-10.1.42-sources.jar
2025-06-24 13:00:20,934 [Worker-5: Download sources and javadoc] INFO  o.e.m.c.i.e.AbstractTransferListenerAdapter - Downloaded https://repo.maven.apache.org/maven2/org/apache/tomcat/tomcat-annotations-api/10.1.42/tomcat-annotations-api-10.1.42-sources.jar
2025-06-24 13:00:20,950 [Worker-5: Download sources and javadoc] INFO  o.e.m.j.internal.DownloadSourcesJob - Downloaded sources for org.apache.tomcat:tomcat-annotations-api:10.1.42
2025-06-24 13:00:23,682 [Worker-17: Building] INFO  o.a.m.s.f.DefaultMavenResourcesFiltering - Copying 1 resource from src\main\resources to target\classes
2025-06-24 13:00:23,854 [Worker-17: Building] INFO  o.a.m.s.f.DefaultMavenResourcesFiltering - Copying 0 resource from src\main\resources to target\classes
2025-06-24 13:00:23,876 [Worker-17: Building] INFO  o.a.m.s.f.DefaultMavenResourcesFiltering - skip non existing resourceDirectory C:\Users\Shree\Desktop\FULL STACK\JRTP\01_MINI_projects\Insurance_Report_App\src\test\resources
2025-06-24 13:02:30,274 [Worker-5: Building] INFO  o.a.m.s.f.DefaultMavenResourcesFiltering - Copying 1 resource from src\main\resources to target\classes
2025-06-24 13:02:30,298 [Worker-5: Building] INFO  o.a.m.s.f.DefaultMavenResourcesFiltering - Copying 0 resource from src\main\resources to target\classes
2025-06-24 13:02:30,307 [Worker-5: Building] INFO  o.a.m.s.f.DefaultMavenResourcesFiltering - skip non existing resourceDirectory C:\Users\Shree\Desktop\FULL STACK\JRTP\01_MINI_projects\Insurance_Report_App\src\test\resources
2025-06-24 13:03:27,938 [Worker-14: Building] INFO  o.a.m.s.f.DefaultMavenResourcesFiltering - Copying 1 resource from src\main\resources to target\classes
2025-06-24 13:03:27,957 [Worker-14: Building] INFO  o.a.m.s.f.DefaultMavenResourcesFiltering - Copying 0 resource from src\main\resources to target\classes
2025-06-24 13:03:27,970 [Worker-14: Building] INFO  o.a.m.s.f.DefaultMavenResourcesFiltering - skip non existing resourceDirectory C:\Users\Shree\Desktop\FULL STACK\JRTP\01_MINI_projects\Insurance_Report_App\src\test\resources
2025-06-24 13:03:34,274 [Worker-20: Building] INFO  o.a.m.s.f.DefaultMavenResourcesFiltering - Copying 1 resource from src\main\resources to target\classes
2025-06-24 13:03:34,290 [Worker-20: Building] INFO  o.a.m.s.f.DefaultMavenResourcesFiltering - Copying 0 resource from src\main\resources to target\classes
2025-06-24 13:03:34,300 [Worker-20: Building] INFO  o.a.m.s.f.DefaultMavenResourcesFiltering - skip non existing resourceDirectory C:\Users\Shree\Desktop\FULL STACK\JRTP\01_MINI_projects\Insurance_Report_App\src\test\resources
2025-06-24 13:05:56,355 [Worker-14: Building] INFO  o.a.m.s.f.DefaultMavenResourcesFiltering - Copying 0 resource from src\main\resources to target\classes
2025-06-24 13:05:56,360 [Worker-14: Building] INFO  o.a.m.s.f.DefaultMavenResourcesFiltering - Copying 0 resource from src\main\resources to target\classes
2025-06-24 13:05:56,369 [Worker-14: Building] INFO  o.a.m.s.f.DefaultMavenResourcesFiltering - skip non existing resourceDirectory C:\Users\Shree\Desktop\FULL STACK\JRTP\01_MINI_projects\Insurance_Report_App\src\test\resources
2025-06-24 13:08:56,561 [Worker-13: Building] INFO  o.a.m.s.f.DefaultMavenResourcesFiltering - Copying 0 resource from src\main\resources to target\classes
2025-06-24 13:08:56,565 [Worker-13: Building] INFO  o.a.m.s.f.DefaultMavenResourcesFiltering - Copying 0 resource from src\main\resources to target\classes
2025-06-24 13:08:56,577 [Worker-13: Building] INFO  o.a.m.s.f.DefaultMavenResourcesFiltering - skip non existing resourceDirectory C:\Users\Shree\Desktop\FULL STACK\JRTP\01_MINI_projects\Insurance_Report_App\src\test\resources
2025-06-24 13:09:01,577 [Worker-19: Building] INFO  o.a.m.s.f.DefaultMavenResourcesFiltering - Copying 0 resource from src\main\resources to target\classes
2025-06-24 13:09:01,580 [Worker-19: Building] INFO  o.a.m.s.f.DefaultMavenResourcesFiltering - Copying 0 resource from src\main\resources to target\classes
2025-06-24 13:09:01,589 [Worker-19: Building] INFO  o.a.m.s.f.DefaultMavenResourcesFiltering - skip non existing resourceDirectory C:\Users\Shree\Desktop\FULL STACK\JRTP\01_MINI_projects\Insurance_Report_App\src\test\resources
2025-06-24 13:10:18,060 [Worker-17: Building] INFO  o.a.m.s.f.DefaultMavenResourcesFiltering - Copying 1 resource from src\main\resources to target\classes
2025-06-24 13:10:18,079 [Worker-17: Building] INFO  o.a.m.s.f.DefaultMavenResourcesFiltering - Copying 0 resource from src\main\resources to target\classes
2025-06-24 13:10:18,085 [Worker-17: Building] INFO  o.a.m.s.f.DefaultMavenResourcesFiltering - skip non existing resourceDirectory C:\Users\Shree\Desktop\FULL STACK\JRTP\01_MINI_projects\Insurance_Report_App\src\test\resources
2025-06-24 13:12:25,851 [Worker-1: Building] INFO  o.a.m.s.f.DefaultMavenResourcesFiltering - Copying 1 resource from src\main\resources to target\classes
2025-06-24 13:12:25,873 [Worker-1: Building] INFO  o.a.m.s.f.DefaultMavenResourcesFiltering - Copying 0 resource from src\main\resources to target\classes
2025-06-24 13:12:25,884 [Worker-1: Building] INFO  o.a.m.s.f.DefaultMavenResourcesFiltering - skip non existing resourceDirectory C:\Users\Shree\Desktop\FULL STACK\JRTP\01_MINI_projects\Insurance_Report_App\src\test\resources
2025-06-24 13:17:59,309 [Worker-13: Building] INFO  o.a.m.s.f.DefaultMavenResourcesFiltering - Copying 0 resource from src\main\resources to target\classes
2025-06-24 13:17:59,316 [Worker-13: Building] INFO  o.a.m.s.f.DefaultMavenResourcesFiltering - Copying 0 resource from src\main\resources to target\classes
2025-06-24 13:17:59,325 [Worker-13: Building] INFO  o.a.m.s.f.DefaultMavenResourcesFiltering - skip non existing resourceDirectory C:\Users\Shree\Desktop\FULL STACK\JRTP\01_MINI_projects\Insurance_Report_App\src\test\resources
2025-06-24 13:18:23,114 [Worker-20: Building] INFO  o.a.m.s.f.DefaultMavenResourcesFiltering - Copying 0 resource from src\main\resources to target\classes
2025-06-24 13:18:23,117 [Worker-20: Building] INFO  o.a.m.s.f.DefaultMavenResourcesFiltering - Copying 0 resource from src\main\resources to target\classes
2025-06-24 13:18:23,129 [Worker-20: Building] INFO  o.a.m.s.f.DefaultMavenResourcesFiltering - skip non existing resourceDirectory C:\Users\Shree\Desktop\FULL STACK\JRTP\01_MINI_projects\Insurance_Report_App\src\test\resources
2025-06-24 13:19:24,081 [Worker-20: Building] INFO  o.a.m.s.f.DefaultMavenResourcesFiltering - Copying 0 resource from src\main\resources to target\classes
2025-06-24 13:19:24,085 [Worker-20: Building] INFO  o.a.m.s.f.DefaultMavenResourcesFiltering - Copying 0 resource from src\main\resources to target\classes
2025-06-24 13:19:24,095 [Worker-20: Building] INFO  o.a.m.s.f.DefaultMavenResourcesFiltering - skip non existing resourceDirectory C:\Users\Shree\Desktop\FULL STACK\JRTP\01_MINI_projects\Insurance_Report_App\src\test\resources
2025-06-24 13:19:47,424 [Worker-14: Building] INFO  o.a.m.s.f.DefaultMavenResourcesFiltering - Copying 0 resource from src\main\resources to target\classes
2025-06-24 13:19:47,428 [Worker-14: Building] INFO  o.a.m.s.f.DefaultMavenResourcesFiltering - Copying 0 resource from src\main\resources to target\classes
2025-06-24 13:19:47,435 [Worker-14: Building] INFO  o.a.m.s.f.DefaultMavenResourcesFiltering - skip non existing resourceDirectory C:\Users\Shree\Desktop\FULL STACK\JRTP\01_MINI_projects\Insurance_Report_App\src\test\resources
2025-06-24 13:20:04,476 [Worker-18: Building] INFO  o.a.m.s.f.DefaultMavenResourcesFiltering - Copying 0 resource from src\main\resources to target\classes
2025-06-24 13:20:04,479 [Worker-18: Building] INFO  o.a.m.s.f.DefaultMavenResourcesFiltering - Copying 0 resource from src\main\resources to target\classes
2025-06-24 13:20:04,484 [Worker-18: Building] INFO  o.a.m.s.f.DefaultMavenResourcesFiltering - skip non existing resourceDirectory C:\Users\Shree\Desktop\FULL STACK\JRTP\01_MINI_projects\Insurance_Report_App\src\test\resources
2025-06-24 19:15:42,661 [Worker-1: Building] INFO  o.a.m.s.f.DefaultMavenResourcesFiltering - Copying 0 resource from src\main\resources to target\classes
2025-06-24 19:15:42,667 [Worker-1: Building] INFO  o.a.m.s.f.DefaultMavenResourcesFiltering - Copying 0 resource from src\main\resources to target\classes
2025-06-24 19:15:42,679 [Worker-1: Building] INFO  o.a.m.s.f.DefaultMavenResourcesFiltering - skip non existing resourceDirectory C:\Users\Shree\Desktop\FULL STACK\JRTP\01_MINI_projects\Insurance_Report_App\src\test\resources
2025-06-24 19:38:06,106 [Worker-5: Building] INFO  o.a.m.s.f.DefaultMavenResourcesFiltering - Copying 1 resource from src\main\resources to target\classes
2025-06-24 19:38:06,119 [Worker-5: Building] INFO  o.a.m.s.f.DefaultMavenResourcesFiltering - Copying 0 resource from src\main\resources to target\classes
2025-06-24 19:38:06,124 [Worker-5: Building] INFO  o.a.m.s.f.DefaultMavenResourcesFiltering - skip non existing resourceDirectory C:\Users\Shree\Desktop\FULL STACK\JRTP\01_MINI_projects\Insurance_Report_App\src\test\resources
2025-06-24 19:40:00,782 [Worker-5: Building] INFO  o.a.m.s.f.DefaultMavenResourcesFiltering - Copying 1 resource from src\main\resources to target\classes
2025-06-24 19:40:00,832 [Worker-5: Building] INFO  o.a.m.s.f.DefaultMavenResourcesFiltering - Copying 0 resource from src\main\resources to target\classes
2025-06-24 19:40:00,839 [Worker-5: Building] INFO  o.a.m.s.f.DefaultMavenResourcesFiltering - skip non existing resourceDirectory C:\Users\Shree\Desktop\FULL STACK\JRTP\01_MINI_projects\Insurance_Report_App\src\test\resources
2025-06-24 19:41:31,121 [Worker-24: Building] INFO  o.a.m.s.f.DefaultMavenResourcesFiltering - Copying 1 resource from src\main\resources to target\classes
2025-06-24 19:41:31,136 [Worker-24: Building] INFO  o.a.m.s.f.DefaultMavenResourcesFiltering - Copying 0 resource from src\main\resources to target\classes
2025-06-24 19:41:31,144 [Worker-24: Building] INFO  o.a.m.s.f.DefaultMavenResourcesFiltering - skip non existing resourceDirectory C:\Users\Shree\Desktop\FULL STACK\JRTP\01_MINI_projects\Insurance_Report_App\src\test\resources
2025-06-24 19:44:08,331 [Worker-23: Building] INFO  o.a.m.s.f.DefaultMavenResourcesFiltering - Copying 1 resource from src\main\resources to target\classes
2025-06-24 19:44:08,351 [Worker-23: Building] INFO  o.a.m.s.f.DefaultMavenResourcesFiltering - Copying 0 resource from src\main\resources to target\classes
2025-06-24 19:44:08,358 [Worker-23: Building] INFO  o.a.m.s.f.DefaultMavenResourcesFiltering - skip non existing resourceDirectory C:\Users\Shree\Desktop\FULL STACK\JRTP\01_MINI_projects\Insurance_Report_App\src\test\resources
2025-06-24 19:44:27,692 [Worker-22: Building] INFO  o.a.m.s.f.DefaultMavenResourcesFiltering - Copying 1 resource from src\main\resources to target\classes
2025-06-24 19:44:27,704 [Worker-22: Building] INFO  o.a.m.s.f.DefaultMavenResourcesFiltering - Copying 0 resource from src\main\resources to target\classes
2025-06-24 19:44:27,711 [Worker-22: Building] INFO  o.a.m.s.f.DefaultMavenResourcesFiltering - skip non existing resourceDirectory C:\Users\Shree\Desktop\FULL STACK\JRTP\01_MINI_projects\Insurance_Report_App\src\test\resources
2025-06-24 19:45:00,160 [Worker-15: Building] INFO  o.a.m.s.f.DefaultMavenResourcesFiltering - Copying 1 resource from src\main\resources to target\classes
2025-06-24 19:45:00,174 [Worker-15: Building] INFO  o.a.m.s.f.DefaultMavenResourcesFiltering - Copying 0 resource from src\main\resources to target\classes
2025-06-24 19:45:00,180 [Worker-15: Building] INFO  o.a.m.s.f.DefaultMavenResourcesFiltering - skip non existing resourceDirectory C:\Users\Shree\Desktop\FULL STACK\JRTP\01_MINI_projects\Insurance_Report_App\src\test\resources
2025-06-24 19:47:54,109 [Worker-22: Building] INFO  o.a.m.s.f.DefaultMavenResourcesFiltering - Copying 1 resource from src\main\resources to target\classes
2025-06-24 19:47:54,120 [Worker-22: Building] INFO  o.a.m.s.f.DefaultMavenResourcesFiltering - Copying 0 resource from src\main\resources to target\classes
2025-06-24 19:47:54,124 [Worker-22: Building] INFO  o.a.m.s.f.DefaultMavenResourcesFiltering - skip non existing resourceDirectory C:\Users\Shree\Desktop\FULL STACK\JRTP\01_MINI_projects\Insurance_Report_App\src\test\resources
2025-06-24 20:06:35,775 [Worker-23: Launching Insurance_Report_App - InsuranceReportAppApplication] INFO  o.a.m.s.f.DefaultMavenResourcesFiltering - Copying 1 resource from src\main\resources to target\classes
2025-06-24 20:06:35,802 [Worker-23: Launching Insurance_Report_App - InsuranceReportAppApplication] INFO  o.a.m.s.f.DefaultMavenResourcesFiltering - Copying 0 resource from src\main\resources to target\classes
2025-06-24 20:06:35,807 [Worker-23: Launching Insurance_Report_App - InsuranceReportAppApplication] INFO  o.a.m.s.f.DefaultMavenResourcesFiltering - skip non existing resourceDirectory C:\Users\Shree\Desktop\FULL STACK\JRTP\01_MINI_projects\Insurance_Report_App\src\test\resources
2025-06-24 20:14:32,814 [Worker-28: Building] INFO  o.e.m.c.i.l.LifecycleMappingFactory - Using org.maven.ide.eclipse.wtp.WarLifecycleMapping lifecycle mapping for MavenProject: com.example:Insurance_Report_App:0.0.1-SNAPSHOT @ C:\Users\Shree\Desktop\FULL STACK\JRTP\01_MINI_projects\Insurance_Report_App\pom.xml.
2025-06-24 20:14:33,906 [Worker-28: Building] ERROR o.e.m.c.i.p.ProjectConfigurationManager - Could not read maven project
org.eclipse.core.runtime.CoreException: Could not read maven project
	at org.eclipse.m2e.core.internal.embedder.MavenImpl.lambda$4(MavenImpl.java:371)
	at org.eclipse.m2e.core.internal.embedder.MavenExecutionContext.executeBare(MavenExecutionContext.java:458)
	at org.eclipse.m2e.core.internal.embedder.MavenExecutionContext.execute(MavenExecutionContext.java:292)
	at org.eclipse.m2e.core.internal.embedder.MavenExecutionContext.execute(MavenExecutionContext.java:278)
	at org.eclipse.m2e.core.internal.embedder.MavenImpl.readProject(MavenImpl.java:361)
	at org.eclipse.m2e.mavenarchiver.internal.AbstractMavenArchiverConfigurator.lambda$4(AbstractMavenArchiverConfigurator.java:576)
	at org.eclipse.m2e.core.internal.embedder.MavenExecutionContext.executeBare(MavenExecutionContext.java:458)
	at org.eclipse.m2e.core.internal.embedder.MavenExecutionContext.execute(MavenExecutionContext.java:339)
	at org.eclipse.m2e.mavenarchiver.internal.AbstractMavenArchiverConfigurator.loadParentHierarchy(AbstractMavenArchiverConfigurator.java:568)
	at org.eclipse.m2e.mavenarchiver.internal.AbstractMavenArchiverConfigurator.generateManifest(AbstractMavenArchiverConfigurator.java:365)
	at org.eclipse.m2e.mavenarchiver.internal.AbstractMavenArchiverConfigurator.mavenProjectChanged(AbstractMavenArchiverConfigurator.java:228)
	at org.eclipse.m2e.wtp.mavenarchiver.AbstractWTPArchiverConfigurator.mavenProjectChanged(AbstractWTPArchiverConfigurator.java:56)
	at org.eclipse.m2e.core.internal.project.ProjectConfigurationManager.mavenProjectChanged(ProjectConfigurationManager.java:885)
	at org.eclipse.m2e.core.internal.project.registry.ProjectRegistryManager.notifyProjectChangeListeners(ProjectRegistryManager.java:892)
	at org.eclipse.m2e.core.internal.project.registry.ProjectRegistryManager.applyMutableProjectRegistry(ProjectRegistryManager.java:1042)
	at org.eclipse.m2e.core.internal.project.registry.ProjectRegistryManager.refresh(ProjectRegistryManager.java:324)
	at org.eclipse.m2e.core.internal.builder.MavenBuilder$BuildMethod.getProjectFacade(MavenBuilder.java:146)
	at org.eclipse.m2e.core.internal.builder.MavenBuilder$BuildMethod.lambda$0(MavenBuilder.java:84)
	at org.eclipse.m2e.core.internal.embedder.MavenExecutionContext.executeBare(MavenExecutionContext.java:458)
	at org.eclipse.m2e.core.internal.embedder.MavenExecutionContext.execute(MavenExecutionContext.java:339)
	at org.eclipse.m2e.core.internal.embedder.MavenExecutionContext.execute(MavenExecutionContext.java:278)
	at org.eclipse.m2e.core.internal.builder.MavenBuilder$BuildMethod.execute(MavenBuilder.java:83)
	at org.eclipse.m2e.core.internal.builder.MavenBuilder.build(MavenBuilder.java:192)
	at org.eclipse.core.internal.events.BuildManager$2.run(BuildManager.java:1077)
	at org.eclipse.core.runtime.SafeRunner.run(SafeRunner.java:47)
	at org.eclipse.core.internal.events.BuildManager.basicBuild(BuildManager.java:296)
	at org.eclipse.core.internal.events.BuildManager.basicBuild(BuildManager.java:352)
	at org.eclipse.core.internal.events.BuildManager$1.run(BuildManager.java:441)
	at org.eclipse.core.runtime.SafeRunner.run(SafeRunner.java:47)
	at org.eclipse.core.internal.events.BuildManager.basicBuild(BuildManager.java:444)
	at org.eclipse.core.internal.events.BuildManager.basicBuildLoop(BuildManager.java:555)
	at org.eclipse.core.internal.events.BuildManager.basicBuildLoop(BuildManager.java:503)
	at org.eclipse.core.internal.events.BuildManager.build(BuildManager.java:585)
	at org.eclipse.core.internal.events.AutoBuildJob.doBuild(AutoBuildJob.java:207)
	at org.eclipse.core.internal.events.AutoBuildJob.run(AutoBuildJob.java:300)
	at org.eclipse.core.internal.jobs.Worker.run(Worker.java:63)
Caused by: org.apache.maven.project.ProjectBuildingException: 1 problem was encountered while building the effective model
[FATAL] Non-readable POM C:\Users\Shree\Desktop\FULL STACK\JRTP\01_MINI_projects\Insurance_Report_App: C:\Users\Shree\Desktop\FULL STACK\JRTP\01_MINI_projects\Insurance_Report_App (Access is denied) @ 
 for project  at C:\Users\Shree\Desktop\FULL STACK\JRTP\01_MINI_projects\Insurance_Report_App
	at org.apache.maven.project.DefaultProjectBuilder.build(DefaultProjectBuilder.java:180)
	at org.apache.maven.project.DefaultProjectBuilder.build(DefaultProjectBuilder.java:123)
	at org.eclipse.m2e.core.internal.embedder.MavenImpl.lambda$4(MavenImpl.java:369)
	... 35 common frames omitted
Caused by: org.apache.maven.model.building.ModelBuildingException: 1 problem was encountered while building the effective model
[FATAL] Non-readable POM C:\Users\Shree\Desktop\FULL STACK\JRTP\01_MINI_projects\Insurance_Report_App: C:\Users\Shree\Desktop\FULL STACK\JRTP\01_MINI_projects\Insurance_Report_App (Access is denied) @ 

	at org.apache.maven.model.building.DefaultModelProblemCollector.newModelBuildingException(DefaultModelProblemCollector.java:176)
	at org.apache.maven.model.building.DefaultModelBuilder.readModel(DefaultModelBuilder.java:642)
	at org.apache.maven.model.building.DefaultModelBuilder.build(DefaultModelBuilder.java:262)
	at org.apache.maven.model.building.DefaultModelBuilder.build(DefaultModelBuilder.java:248)
	at org.apache.maven.project.DefaultProjectBuilder.build(DefaultProjectBuilder.java:176)
	... 37 common frames omitted
2025-06-24 20:14:34,801 [Worker-28: Building] INFO  o.e.m.w.i.f.ResourceFilteringBuildParticipant - Changed resources require a complete clean of filtered resources of Insurance_Report_App
2025-06-24 20:14:34,802 [Worker-28: Building] INFO  o.e.m.w.i.f.ResourceFilteringBuildParticipant - Executing resource filtering for Insurance_Report_App
2025-06-24 20:16:01,268 [Worker-29: Building] INFO  o.e.m.c.i.l.LifecycleMappingFactory - Using org.maven.ide.eclipse.wtp.WarLifecycleMapping lifecycle mapping for MavenProject: com.example:Insurance_Report_App:0.0.1-SNAPSHOT @ C:\Users\Shree\Desktop\FULL STACK\JRTP\01_MINI_projects\Insurance_Report_App\pom.xml.
2025-06-24 20:16:01,843 [Worker-29: Building] ERROR o.e.m.c.i.p.ProjectConfigurationManager - Could not read maven project
org.eclipse.core.runtime.CoreException: Could not read maven project
	at org.eclipse.m2e.core.internal.embedder.MavenImpl.lambda$4(MavenImpl.java:371)
	at org.eclipse.m2e.core.internal.embedder.MavenExecutionContext.executeBare(MavenExecutionContext.java:458)
	at org.eclipse.m2e.core.internal.embedder.MavenExecutionContext.execute(MavenExecutionContext.java:292)
	at org.eclipse.m2e.core.internal.embedder.MavenExecutionContext.execute(MavenExecutionContext.java:278)
	at org.eclipse.m2e.core.internal.embedder.MavenImpl.readProject(MavenImpl.java:361)
	at org.eclipse.m2e.mavenarchiver.internal.AbstractMavenArchiverConfigurator.lambda$4(AbstractMavenArchiverConfigurator.java:576)
	at org.eclipse.m2e.core.internal.embedder.MavenExecutionContext.executeBare(MavenExecutionContext.java:458)
	at org.eclipse.m2e.core.internal.embedder.MavenExecutionContext.execute(MavenExecutionContext.java:339)
	at org.eclipse.m2e.mavenarchiver.internal.AbstractMavenArchiverConfigurator.loadParentHierarchy(AbstractMavenArchiverConfigurator.java:568)
	at org.eclipse.m2e.mavenarchiver.internal.AbstractMavenArchiverConfigurator.generateManifest(AbstractMavenArchiverConfigurator.java:365)
	at org.eclipse.m2e.mavenarchiver.internal.AbstractMavenArchiverConfigurator.mavenProjectChanged(AbstractMavenArchiverConfigurator.java:228)
	at org.eclipse.m2e.wtp.mavenarchiver.AbstractWTPArchiverConfigurator.mavenProjectChanged(AbstractWTPArchiverConfigurator.java:56)
	at org.eclipse.m2e.core.internal.project.ProjectConfigurationManager.mavenProjectChanged(ProjectConfigurationManager.java:885)
	at org.eclipse.m2e.core.internal.project.registry.ProjectRegistryManager.notifyProjectChangeListeners(ProjectRegistryManager.java:892)
	at org.eclipse.m2e.core.internal.project.registry.ProjectRegistryManager.applyMutableProjectRegistry(ProjectRegistryManager.java:1042)
	at org.eclipse.m2e.core.internal.project.registry.ProjectRegistryManager.refresh(ProjectRegistryManager.java:324)
	at org.eclipse.m2e.core.internal.builder.MavenBuilder$BuildMethod.getProjectFacade(MavenBuilder.java:146)
	at org.eclipse.m2e.core.internal.builder.MavenBuilder$BuildMethod.lambda$0(MavenBuilder.java:84)
	at org.eclipse.m2e.core.internal.embedder.MavenExecutionContext.executeBare(MavenExecutionContext.java:458)
	at org.eclipse.m2e.core.internal.embedder.MavenExecutionContext.execute(MavenExecutionContext.java:339)
	at org.eclipse.m2e.core.internal.embedder.MavenExecutionContext.execute(MavenExecutionContext.java:278)
	at org.eclipse.m2e.core.internal.builder.MavenBuilder$BuildMethod.execute(MavenBuilder.java:83)
	at org.eclipse.m2e.core.internal.builder.MavenBuilder.build(MavenBuilder.java:192)
	at org.eclipse.core.internal.events.BuildManager$2.run(BuildManager.java:1077)
	at org.eclipse.core.runtime.SafeRunner.run(SafeRunner.java:47)
	at org.eclipse.core.internal.events.BuildManager.basicBuild(BuildManager.java:296)
	at org.eclipse.core.internal.events.BuildManager.basicBuild(BuildManager.java:352)
	at org.eclipse.core.internal.events.BuildManager$1.run(BuildManager.java:441)
	at org.eclipse.core.runtime.SafeRunner.run(SafeRunner.java:47)
	at org.eclipse.core.internal.events.BuildManager.basicBuild(BuildManager.java:444)
	at org.eclipse.core.internal.events.BuildManager.basicBuildLoop(BuildManager.java:555)
	at org.eclipse.core.internal.events.BuildManager.basicBuildLoop(BuildManager.java:503)
	at org.eclipse.core.internal.events.BuildManager.build(BuildManager.java:585)
	at org.eclipse.core.internal.events.AutoBuildJob.doBuild(AutoBuildJob.java:207)
	at org.eclipse.core.internal.events.AutoBuildJob.run(AutoBuildJob.java:300)
	at org.eclipse.core.internal.jobs.Worker.run(Worker.java:63)
Caused by: org.apache.maven.project.ProjectBuildingException: 1 problem was encountered while building the effective model
[FATAL] Non-readable POM C:\Users\Shree\Desktop\FULL STACK\JRTP\01_MINI_projects\Insurance_Report_App: C:\Users\Shree\Desktop\FULL STACK\JRTP\01_MINI_projects\Insurance_Report_App (Access is denied) @ 
 for project  at C:\Users\Shree\Desktop\FULL STACK\JRTP\01_MINI_projects\Insurance_Report_App
	at org.apache.maven.project.DefaultProjectBuilder.build(DefaultProjectBuilder.java:180)
	at org.apache.maven.project.DefaultProjectBuilder.build(DefaultProjectBuilder.java:123)
	at org.eclipse.m2e.core.internal.embedder.MavenImpl.lambda$4(MavenImpl.java:369)
	... 35 common frames omitted
Caused by: org.apache.maven.model.building.ModelBuildingException: 1 problem was encountered while building the effective model
[FATAL] Non-readable POM C:\Users\Shree\Desktop\FULL STACK\JRTP\01_MINI_projects\Insurance_Report_App: C:\Users\Shree\Desktop\FULL STACK\JRTP\01_MINI_projects\Insurance_Report_App (Access is denied) @ 

	at org.apache.maven.model.building.DefaultModelProblemCollector.newModelBuildingException(DefaultModelProblemCollector.java:176)
	at org.apache.maven.model.building.DefaultModelBuilder.readModel(DefaultModelBuilder.java:642)
	at org.apache.maven.model.building.DefaultModelBuilder.build(DefaultModelBuilder.java:262)
	at org.apache.maven.model.building.DefaultModelBuilder.build(DefaultModelBuilder.java:248)
	at org.apache.maven.project.DefaultProjectBuilder.build(DefaultProjectBuilder.java:176)
	... 37 common frames omitted
2025-06-24 20:16:02,152 [Worker-29: Building] INFO  o.e.m.w.i.f.ResourceFilteringBuildParticipant - Changed resources require a complete clean of filtered resources of Insurance_Report_App
2025-06-24 20:16:02,152 [Worker-29: Building] INFO  o.e.m.w.i.f.ResourceFilteringBuildParticipant - Executing resource filtering for Insurance_Report_App
2025-06-24 20:18:55,682 [Worker-29: Building] INFO  o.e.m.c.i.l.LifecycleMappingFactory - Using org.maven.ide.eclipse.wtp.WarLifecycleMapping lifecycle mapping for MavenProject: com.example:Insurance_Report_App:0.0.1-SNAPSHOT @ C:\Users\Shree\Desktop\FULL STACK\JRTP\01_MINI_projects\Insurance_Report_App\pom.xml.
2025-06-24 20:18:56,745 [Worker-29: Building] INFO  o.e.m.c.i.e.AbstractTransferListenerAdapter - Downloading https://repo.maven.apache.org/maven2/com/mysql/mysql-connector-j/8.0.33/mysql-connector-j-8.0.33.pom
2025-06-24 20:18:56,758 [Worker-29: Building] INFO  o.e.m.c.i.e.AbstractTransferListenerAdapter - Downloaded https://repo.maven.apache.org/maven2/com/mysql/mysql-connector-j/8.0.33/mysql-connector-j-8.0.33.pom
2025-06-24 20:18:57,096 [Worker-29: Building] INFO  o.e.m.c.i.e.AbstractTransferListenerAdapter - Downloading https://repo.maven.apache.org/maven2/com/mysql/mysql-connector-j/8.0.33/mysql-connector-j-8.0.33.jar
2025-06-24 20:18:58,003 [Worker-29: Building] INFO  o.e.m.c.i.e.AbstractTransferListenerAdapter - Downloaded https://repo.maven.apache.org/maven2/com/mysql/mysql-connector-j/8.0.33/mysql-connector-j-8.0.33.jar
2025-06-24 20:18:58,019 [Worker-29: Building] ERROR o.e.m.c.i.p.ProjectConfigurationManager - Could not read maven project
org.eclipse.core.runtime.CoreException: Could not read maven project
	at org.eclipse.m2e.core.internal.embedder.MavenImpl.lambda$4(MavenImpl.java:371)
	at org.eclipse.m2e.core.internal.embedder.MavenExecutionContext.executeBare(MavenExecutionContext.java:458)
	at org.eclipse.m2e.core.internal.embedder.MavenExecutionContext.execute(MavenExecutionContext.java:292)
	at org.eclipse.m2e.core.internal.embedder.MavenExecutionContext.execute(MavenExecutionContext.java:278)
	at org.eclipse.m2e.core.internal.embedder.MavenImpl.readProject(MavenImpl.java:361)
	at org.eclipse.m2e.mavenarchiver.internal.AbstractMavenArchiverConfigurator.lambda$4(AbstractMavenArchiverConfigurator.java:576)
	at org.eclipse.m2e.core.internal.embedder.MavenExecutionContext.executeBare(MavenExecutionContext.java:458)
	at org.eclipse.m2e.core.internal.embedder.MavenExecutionContext.execute(MavenExecutionContext.java:339)
	at org.eclipse.m2e.mavenarchiver.internal.AbstractMavenArchiverConfigurator.loadParentHierarchy(AbstractMavenArchiverConfigurator.java:568)
	at org.eclipse.m2e.mavenarchiver.internal.AbstractMavenArchiverConfigurator.generateManifest(AbstractMavenArchiverConfigurator.java:365)
	at org.eclipse.m2e.mavenarchiver.internal.AbstractMavenArchiverConfigurator.mavenProjectChanged(AbstractMavenArchiverConfigurator.java:228)
	at org.eclipse.m2e.wtp.mavenarchiver.AbstractWTPArchiverConfigurator.mavenProjectChanged(AbstractWTPArchiverConfigurator.java:56)
	at org.eclipse.m2e.core.internal.project.ProjectConfigurationManager.mavenProjectChanged(ProjectConfigurationManager.java:885)
	at org.eclipse.m2e.core.internal.project.registry.ProjectRegistryManager.notifyProjectChangeListeners(ProjectRegistryManager.java:892)
	at org.eclipse.m2e.core.internal.project.registry.ProjectRegistryManager.applyMutableProjectRegistry(ProjectRegistryManager.java:1042)
	at org.eclipse.m2e.core.internal.project.registry.ProjectRegistryManager.refresh(ProjectRegistryManager.java:324)
	at org.eclipse.m2e.core.internal.builder.MavenBuilder$BuildMethod.getProjectFacade(MavenBuilder.java:146)
	at org.eclipse.m2e.core.internal.builder.MavenBuilder$BuildMethod.lambda$0(MavenBuilder.java:84)
	at org.eclipse.m2e.core.internal.embedder.MavenExecutionContext.executeBare(MavenExecutionContext.java:458)
	at org.eclipse.m2e.core.internal.embedder.MavenExecutionContext.execute(MavenExecutionContext.java:339)
	at org.eclipse.m2e.core.internal.embedder.MavenExecutionContext.execute(MavenExecutionContext.java:278)
	at org.eclipse.m2e.core.internal.builder.MavenBuilder$BuildMethod.execute(MavenBuilder.java:83)
	at org.eclipse.m2e.core.internal.builder.MavenBuilder.build(MavenBuilder.java:192)
	at org.eclipse.core.internal.events.BuildManager$2.run(BuildManager.java:1077)
	at org.eclipse.core.runtime.SafeRunner.run(SafeRunner.java:47)
	at org.eclipse.core.internal.events.BuildManager.basicBuild(BuildManager.java:296)
	at org.eclipse.core.internal.events.BuildManager.basicBuild(BuildManager.java:352)
	at org.eclipse.core.internal.events.BuildManager$1.run(BuildManager.java:441)
	at org.eclipse.core.runtime.SafeRunner.run(SafeRunner.java:47)
	at org.eclipse.core.internal.events.BuildManager.basicBuild(BuildManager.java:444)
	at org.eclipse.core.internal.events.BuildManager.basicBuildLoop(BuildManager.java:555)
	at org.eclipse.core.internal.events.BuildManager.basicBuildLoop(BuildManager.java:503)
	at org.eclipse.core.internal.events.BuildManager.build(BuildManager.java:585)
	at org.eclipse.core.internal.events.AutoBuildJob.doBuild(AutoBuildJob.java:207)
	at org.eclipse.core.internal.events.AutoBuildJob.run(AutoBuildJob.java:300)
	at org.eclipse.core.internal.jobs.Worker.run(Worker.java:63)
Caused by: org.apache.maven.project.ProjectBuildingException: 1 problem was encountered while building the effective model
[FATAL] Non-readable POM C:\Users\Shree\Desktop\FULL STACK\JRTP\01_MINI_projects\Insurance_Report_App: C:\Users\Shree\Desktop\FULL STACK\JRTP\01_MINI_projects\Insurance_Report_App (Access is denied) @ 
 for project  at C:\Users\Shree\Desktop\FULL STACK\JRTP\01_MINI_projects\Insurance_Report_App
	at org.apache.maven.project.DefaultProjectBuilder.build(DefaultProjectBuilder.java:180)
	at org.apache.maven.project.DefaultProjectBuilder.build(DefaultProjectBuilder.java:123)
	at org.eclipse.m2e.core.internal.embedder.MavenImpl.lambda$4(MavenImpl.java:369)
	... 35 common frames omitted
Caused by: org.apache.maven.model.building.ModelBuildingException: 1 problem was encountered while building the effective model
[FATAL] Non-readable POM C:\Users\Shree\Desktop\FULL STACK\JRTP\01_MINI_projects\Insurance_Report_App: C:\Users\Shree\Desktop\FULL STACK\JRTP\01_MINI_projects\Insurance_Report_App (Access is denied) @ 

	at org.apache.maven.model.building.DefaultModelProblemCollector.newModelBuildingException(DefaultModelProblemCollector.java:176)
	at org.apache.maven.model.building.DefaultModelBuilder.readModel(DefaultModelBuilder.java:642)
	at org.apache.maven.model.building.DefaultModelBuilder.build(DefaultModelBuilder.java:262)
	at org.apache.maven.model.building.DefaultModelBuilder.build(DefaultModelBuilder.java:248)
	at org.apache.maven.project.DefaultProjectBuilder.build(DefaultProjectBuilder.java:176)
	... 37 common frames omitted
2025-06-24 20:18:58,355 [Worker-29: Building] INFO  o.e.m.w.i.f.ResourceFilteringBuildParticipant - Changed resources require a complete clean of filtered resources of Insurance_Report_App
2025-06-24 20:18:58,355 [Worker-29: Building] INFO  o.e.m.w.i.f.ResourceFilteringBuildParticipant - Executing resource filtering for Insurance_Report_App
2025-06-24 20:18:59,500 [Worker-30: Download sources and javadoc] INFO  o.e.m.c.i.e.AbstractTransferListenerAdapter - Downloading https://repo.maven.apache.org/maven2/com/mysql/mysql-connector-j/8.0.33/mysql-connector-j-8.0.33-sources.jar
2025-06-24 20:19:00,277 [Worker-30: Download sources and javadoc] INFO  o.e.m.c.i.e.AbstractTransferListenerAdapter - Downloaded https://repo.maven.apache.org/maven2/com/mysql/mysql-connector-j/8.0.33/mysql-connector-j-8.0.33-sources.jar
2025-06-24 20:19:00,287 [Worker-30: Download sources and javadoc] INFO  o.e.m.j.internal.DownloadSourcesJob - Downloaded sources for com.mysql:mysql-connector-j:8.0.33
2025-06-24 20:19:45,267 [Worker-29: Building] INFO  o.e.m.c.i.l.LifecycleMappingFactory - Using org.maven.ide.eclipse.wtp.WarLifecycleMapping lifecycle mapping for MavenProject: com.example:Insurance_Report_App:0.0.1-SNAPSHOT @ C:\Users\Shree\Desktop\FULL STACK\JRTP\01_MINI_projects\Insurance_Report_App\pom.xml.
2025-06-24 20:19:46,330 [Worker-29: Building] INFO  o.a.m.s.f.DefaultMavenResourcesFiltering - Copying 0 resource from src\main\resources to target\classes
2025-06-24 20:19:46,332 [Worker-29: Building] INFO  o.a.m.s.f.DefaultMavenResourcesFiltering - Copying 0 resource from src\main\resources to target\classes
2025-06-24 20:19:46,341 [Worker-29: Building] INFO  o.a.m.s.f.DefaultMavenResourcesFiltering - skip non existing resourceDirectory C:\Users\Shree\Desktop\FULL STACK\JRTP\01_MINI_projects\Insurance_Report_App\src\test\resources
2025-06-24 20:19:46,341 [Worker-29: Building] INFO  o.e.m.w.i.f.ResourceFilteringBuildParticipant - Changed resources require a complete clean of filtered resources of Insurance_Report_App
2025-06-24 20:19:46,343 [Worker-29: Building] INFO  o.e.m.w.i.f.ResourceFilteringBuildParticipant - Executing resource filtering for Insurance_Report_App
2025-06-24 20:20:20,902 [Worker-31: Building] INFO  o.e.m.c.i.l.LifecycleMappingFactory - Using org.maven.ide.eclipse.wtp.WarLifecycleMapping lifecycle mapping for MavenProject: com.example:Insurance_Report_App:0.0.1-SNAPSHOT @ C:\Users\Shree\Desktop\FULL STACK\JRTP\01_MINI_projects\Insurance_Report_App\pom.xml.
2025-06-24 20:20:21,480 [Worker-31: Building] INFO  o.e.m.c.i.e.AbstractTransferListenerAdapter - Downloading https://repo.maven.apache.org/maven2/jakarta/servlet/jsp/jstl/jakarta.servlet.jsp.jstl-api/3.0.0/jakarta.servlet.jsp.jstl-api-3.0.0.pom
2025-06-24 20:20:21,490 [Worker-31: Building] INFO  o.e.m.c.i.e.AbstractTransferListenerAdapter - Downloaded https://repo.maven.apache.org/maven2/jakarta/servlet/jsp/jstl/jakarta.servlet.jsp.jstl-api/3.0.0/jakarta.servlet.jsp.jstl-api-3.0.0.pom
2025-06-24 20:20:21,547 [Worker-31: Building] INFO  o.e.m.c.i.e.AbstractTransferListenerAdapter - Downloading https://repo.maven.apache.org/maven2/jakarta/el/jakarta.el-api/5.0.0/jakarta.el-api-5.0.0.pom
2025-06-24 20:20:21,563 [Worker-31: Building] INFO  o.e.m.c.i.e.AbstractTransferListenerAdapter - Downloaded https://repo.maven.apache.org/maven2/jakarta/el/jakarta.el-api/5.0.0/jakarta.el-api-5.0.0.pom
2025-06-24 20:20:21,636 [Worker-31: Building] INFO  o.e.m.c.i.e.AbstractTransferListenerAdapter - Downloading https://repo.maven.apache.org/maven2/org/glassfish/web/jakarta.servlet.jsp.jstl/3.0.1/jakarta.servlet.jsp.jstl-3.0.1.pom
2025-06-24 20:20:21,652 [Worker-31: Building] INFO  o.e.m.c.i.e.AbstractTransferListenerAdapter - Downloaded https://repo.maven.apache.org/maven2/org/glassfish/web/jakarta.servlet.jsp.jstl/3.0.1/jakarta.servlet.jsp.jstl-3.0.1.pom
2025-06-24 20:20:22,003 [Worker-31: Building] INFO  o.e.m.c.i.e.AbstractTransferListenerAdapter - Downloading https://repo.maven.apache.org/maven2/jakarta/servlet/jsp/jstl/jakarta.servlet.jsp.jstl-api/3.0.0/jakarta.servlet.jsp.jstl-api-3.0.0.jar
2025-06-24 20:20:22,063 [Worker-31: Building] INFO  o.e.m.c.i.e.AbstractTransferListenerAdapter - Downloaded https://repo.maven.apache.org/maven2/jakarta/servlet/jsp/jstl/jakarta.servlet.jsp.jstl-api/3.0.0/jakarta.servlet.jsp.jstl-api-3.0.0.jar
2025-06-24 20:20:22,116 [BasicRepositoryConnector-repo.maven.apache.org-1-0] INFO  o.e.m.c.i.e.AbstractTransferListenerAdapter - Downloading https://repo.maven.apache.org/maven2/jakarta/el/jakarta.el-api/5.0.0/jakarta.el-api-5.0.0.jar
2025-06-24 20:20:22,173 [BasicRepositoryConnector-repo.maven.apache.org-1-0] INFO  o.e.m.c.i.e.AbstractTransferListenerAdapter - Downloaded https://repo.maven.apache.org/maven2/jakarta/el/jakarta.el-api/5.0.0/jakarta.el-api-5.0.0.jar
2025-06-24 20:20:22,227 [BasicRepositoryConnector-repo.maven.apache.org-1-1] INFO  o.e.m.c.i.e.AbstractTransferListenerAdapter - Downloading https://repo.maven.apache.org/maven2/org/glassfish/web/jakarta.servlet.jsp.jstl/3.0.1/jakarta.servlet.jsp.jstl-3.0.1.jar
2025-06-24 20:20:23,252 [BasicRepositoryConnector-repo.maven.apache.org-1-1] INFO  o.e.m.c.i.e.AbstractTransferListenerAdapter - Downloaded https://repo.maven.apache.org/maven2/org/glassfish/web/jakarta.servlet.jsp.jstl/3.0.1/jakarta.servlet.jsp.jstl-3.0.1.jar
2025-06-24 20:20:23,819 [Worker-31: Building] INFO  o.a.m.s.f.DefaultMavenResourcesFiltering - Copying 0 resource from src\main\resources to target\classes
2025-06-24 20:20:23,821 [Worker-31: Building] INFO  o.a.m.s.f.DefaultMavenResourcesFiltering - Copying 0 resource from src\main\resources to target\classes
2025-06-24 20:20:23,827 [Worker-31: Building] INFO  o.a.m.s.f.DefaultMavenResourcesFiltering - skip non existing resourceDirectory C:\Users\Shree\Desktop\FULL STACK\JRTP\01_MINI_projects\Insurance_Report_App\src\test\resources
2025-06-24 20:20:23,827 [Worker-31: Building] INFO  o.e.m.w.i.f.ResourceFilteringBuildParticipant - Changed resources require a complete clean of filtered resources of Insurance_Report_App
2025-06-24 20:20:23,827 [Worker-31: Building] INFO  o.e.m.w.i.f.ResourceFilteringBuildParticipant - Executing resource filtering for Insurance_Report_App
2025-06-24 20:20:24,778 [Worker-30: Download sources and javadoc] INFO  o.e.m.c.i.e.AbstractTransferListenerAdapter - Downloading https://repo.maven.apache.org/maven2/jakarta/servlet/jsp/jstl/jakarta.servlet.jsp.jstl-api/3.0.0/jakarta.servlet.jsp.jstl-api-3.0.0-sources.jar
2025-06-24 20:20:24,864 [Worker-30: Download sources and javadoc] INFO  o.e.m.c.i.e.AbstractTransferListenerAdapter - Downloaded https://repo.maven.apache.org/maven2/jakarta/servlet/jsp/jstl/jakarta.servlet.jsp.jstl-api/3.0.0/jakarta.servlet.jsp.jstl-api-3.0.0-sources.jar
2025-06-24 20:20:24,886 [Worker-30: Download sources and javadoc] INFO  o.e.m.j.internal.DownloadSourcesJob - Downloaded sources for jakarta.servlet.jsp.jstl:jakarta.servlet.jsp.jstl-api:3.0.0
2025-06-24 20:20:25,078 [Worker-30: Download sources and javadoc] INFO  o.e.m.c.i.e.AbstractTransferListenerAdapter - Downloading https://repo.maven.apache.org/maven2/jakarta/el/jakarta.el-api/5.0.0/jakarta.el-api-5.0.0-sources.jar
2025-06-24 20:20:25,243 [Worker-30: Download sources and javadoc] INFO  o.e.m.c.i.e.AbstractTransferListenerAdapter - Downloaded https://repo.maven.apache.org/maven2/jakarta/el/jakarta.el-api/5.0.0/jakarta.el-api-5.0.0-sources.jar
2025-06-24 20:20:25,254 [Worker-30: Download sources and javadoc] INFO  o.e.m.j.internal.DownloadSourcesJob - Downloaded sources for jakarta.el:jakarta.el-api:5.0.0
2025-06-24 20:20:25,479 [Worker-30: Download sources and javadoc] INFO  o.e.m.c.i.e.AbstractTransferListenerAdapter - Downloading https://repo.maven.apache.org/maven2/org/glassfish/web/jakarta.servlet.jsp.jstl/3.0.1/jakarta.servlet.jsp.jstl-3.0.1-sources.jar
2025-06-24 20:20:25,812 [Worker-30: Download sources and javadoc] INFO  o.e.m.c.i.e.AbstractTransferListenerAdapter - Downloaded https://repo.maven.apache.org/maven2/org/glassfish/web/jakarta.servlet.jsp.jstl/3.0.1/jakarta.servlet.jsp.jstl-3.0.1-sources.jar
2025-06-24 20:20:25,821 [Worker-30: Download sources and javadoc] INFO  o.e.m.j.internal.DownloadSourcesJob - Downloaded sources for org.glassfish.web:jakarta.servlet.jsp.jstl:3.0.1
2025-06-24 20:20:38,400 [Worker-34: Updating Maven Project] INFO  o.e.m.c.i.p.ProjectConfigurationManager - Update started
2025-06-24 20:20:38,971 [Worker-34: Updating Maven Project] INFO  o.e.m.c.i.l.LifecycleMappingFactory - Using org.maven.ide.eclipse.wtp.WarLifecycleMapping lifecycle mapping for MavenProject: com.example:Insurance_Report_App:0.0.1-SNAPSHOT @ C:\Users\Shree\Desktop\FULL STACK\JRTP\01_MINI_projects\Insurance_Report_App\pom.xml.
2025-06-24 20:20:40,881 [Worker-34: Updating Maven Project] INFO  o.e.m.j.i.AbstractJavaProjectConfigurator - Adding source folder /Insurance_Report_App/src/main/java
2025-06-24 20:20:40,886 [Worker-34: Updating Maven Project] INFO  o.e.m.j.i.AbstractJavaProjectConfigurator - Adding resource folder /Insurance_Report_App/src/main/resources
2025-06-24 20:20:40,888 [Worker-34: Updating Maven Project] INFO  o.e.m.j.i.AbstractJavaProjectConfigurator - Adding resource folder /Insurance_Report_App/src/main/resources
2025-06-24 20:20:40,889 [Worker-34: Updating Maven Project] INFO  o.e.m.j.i.AbstractJavaProjectConfigurator - Adding source folder /Insurance_Report_App/src/test/java
2025-06-24 20:20:40,891 [Worker-34: Updating Maven Project] INFO  o.e.m.j.i.AbstractJavaProjectConfigurator - Adding resource folder /Insurance_Report_App/src/test/resources
2025-06-24 20:20:41,760 [Worker-34: Updating Maven Project] INFO  o.e.m.w.i.f.ResourceFilteringBuildParticipant - Cleaning filtered folder for Insurance_Report_App
2025-06-24 20:20:41,803 [Worker-34: Updating Maven Project] INFO  o.e.m.c.i.p.ProjectConfigurationManager - Update completed for 1 poms: local refresh takes 0.00 sec, refresh facades takes 2.00 sec, update config takes 0.00 sec 
2025-06-24 20:20:42,276 [Worker-32: Building] INFO  o.a.m.s.f.DefaultMavenResourcesFiltering - Copying 1 resource from src\main\resources to target\classes
2025-06-24 20:20:42,298 [Worker-32: Building] INFO  o.a.m.s.f.DefaultMavenResourcesFiltering - Copying 0 resource from src\main\resources to target\classes
2025-06-24 20:20:42,305 [Worker-32: Building] INFO  o.a.m.s.f.DefaultMavenResourcesFiltering - skip non existing resourceDirectory C:\Users\Shree\Desktop\FULL STACK\JRTP\01_MINI_projects\Insurance_Report_App\src\test\resources
2025-06-24 20:20:42,305 [Worker-32: Building] INFO  o.e.m.w.i.f.ResourceFilteringBuildParticipant - Changed resources require a complete clean of filtered resources of Insurance_Report_App
2025-06-24 20:20:42,305 [Worker-32: Building] INFO  o.e.m.w.i.f.ResourceFilteringBuildParticipant - Executing resource filtering for Insurance_Report_App
2025-06-24 20:23:56,449 [Worker-34: Building] INFO  o.e.m.c.i.l.LifecycleMappingFactory - Using org.maven.ide.eclipse.wtp.WarLifecycleMapping lifecycle mapping for MavenProject: com.example:Insurance_Report_App:0.0.1-SNAPSHOT @ C:\Users\Shree\Desktop\FULL STACK\JRTP\01_MINI_projects\Insurance_Report_App\pom.xml.
2025-06-24 20:23:57,755 [Worker-34: Building] INFO  o.a.m.s.f.DefaultMavenResourcesFiltering - Copying 0 resource from src\main\resources to target\classes
2025-06-24 20:23:57,757 [Worker-34: Building] INFO  o.a.m.s.f.DefaultMavenResourcesFiltering - Copying 0 resource from src\main\resources to target\classes
2025-06-24 20:23:57,766 [Worker-34: Building] INFO  o.a.m.s.f.DefaultMavenResourcesFiltering - skip non existing resourceDirectory C:\Users\Shree\Desktop\FULL STACK\JRTP\01_MINI_projects\Insurance_Report_App\src\test\resources
2025-06-24 20:23:57,767 [Worker-34: Building] INFO  o.e.m.w.i.f.ResourceFilteringBuildParticipant - Changed resources require a complete clean of filtered resources of Insurance_Report_App
2025-06-24 20:23:57,767 [Worker-34: Building] INFO  o.e.m.w.i.f.ResourceFilteringBuildParticipant - Executing resource filtering for Insurance_Report_App
2025-06-24 20:23:59,120 [Worker-30: Building] INFO  o.a.m.s.f.DefaultMavenResourcesFiltering - Copying 1 resource from src\main\resources to target\classes
2025-06-24 20:23:59,137 [Worker-30: Building] INFO  o.a.m.s.f.DefaultMavenResourcesFiltering - Copying 0 resource from src\main\resources to target\classes
2025-06-24 20:23:59,141 [Worker-30: Building] INFO  o.a.m.s.f.DefaultMavenResourcesFiltering - skip non existing resourceDirectory C:\Users\Shree\Desktop\FULL STACK\JRTP\01_MINI_projects\Insurance_Report_App\src\test\resources
2025-06-24 20:26:05,252 [Worker-30: Building] INFO  o.e.m.c.i.l.LifecycleMappingFactory - Using org.maven.ide.eclipse.wtp.WarLifecycleMapping lifecycle mapping for MavenProject: com.example:Insurance_Report_App:0.0.1-SNAPSHOT @ C:\Users\Shree\Desktop\FULL STACK\JRTP\01_MINI_projects\Insurance_Report_App\pom.xml.
2025-06-24 20:26:06,479 [Worker-30: Building] INFO  o.a.m.s.f.DefaultMavenResourcesFiltering - Copying 0 resource from src\main\resources to target\classes
2025-06-24 20:26:06,481 [Worker-30: Building] INFO  o.a.m.s.f.DefaultMavenResourcesFiltering - Copying 0 resource from src\main\resources to target\classes
2025-06-24 20:26:06,488 [Worker-30: Building] INFO  o.a.m.s.f.DefaultMavenResourcesFiltering - skip non existing resourceDirectory C:\Users\Shree\Desktop\FULL STACK\JRTP\01_MINI_projects\Insurance_Report_App\src\test\resources
2025-06-24 20:26:06,489 [Worker-30: Building] INFO  o.e.m.w.i.f.ResourceFilteringBuildParticipant - Changed resources require a complete clean of filtered resources of Insurance_Report_App
2025-06-24 20:26:06,489 [Worker-30: Building] INFO  o.e.m.w.i.f.ResourceFilteringBuildParticipant - Executing resource filtering for Insurance_Report_App
2025-06-24 20:26:25,996 [Worker-29: Updating Maven Project] INFO  o.e.m.c.i.p.ProjectConfigurationManager - Update started
2025-06-24 20:26:26,488 [Worker-29: Updating Maven Project] INFO  o.e.m.c.i.l.LifecycleMappingFactory - Using org.maven.ide.eclipse.wtp.WarLifecycleMapping lifecycle mapping for MavenProject: com.example:Insurance_Report_App:0.0.1-SNAPSHOT @ C:\Users\Shree\Desktop\FULL STACK\JRTP\01_MINI_projects\Insurance_Report_App\pom.xml.
2025-06-24 20:26:27,460 [Worker-29: Updating Maven Project] INFO  o.e.m.j.i.AbstractJavaProjectConfigurator - Adding source folder /Insurance_Report_App/src/main/java
2025-06-24 20:26:27,462 [Worker-29: Updating Maven Project] INFO  o.e.m.j.i.AbstractJavaProjectConfigurator - Adding resource folder /Insurance_Report_App/src/main/resources
2025-06-24 20:26:27,463 [Worker-29: Updating Maven Project] INFO  o.e.m.j.i.AbstractJavaProjectConfigurator - Adding resource folder /Insurance_Report_App/src/main/resources
2025-06-24 20:26:27,463 [Worker-29: Updating Maven Project] INFO  o.e.m.j.i.AbstractJavaProjectConfigurator - Adding source folder /Insurance_Report_App/src/test/java
2025-06-24 20:26:27,465 [Worker-29: Updating Maven Project] INFO  o.e.m.j.i.AbstractJavaProjectConfigurator - Adding resource folder /Insurance_Report_App/src/test/resources
2025-06-24 20:26:28,309 [Worker-29: Updating Maven Project] INFO  o.e.m.w.i.f.ResourceFilteringBuildParticipant - Cleaning filtered folder for Insurance_Report_App
2025-06-24 20:26:28,351 [Worker-29: Updating Maven Project] INFO  o.e.m.c.i.p.ProjectConfigurationManager - Update completed for 1 poms: local refresh takes 0.00 sec, refresh facades takes 1.00 sec, update config takes 0.00 sec 
2025-06-24 20:26:28,855 [Worker-30: Building] INFO  o.a.m.s.f.DefaultMavenResourcesFiltering - Copying 1 resource from src\main\resources to target\classes
2025-06-24 20:26:28,873 [Worker-30: Building] INFO  o.a.m.s.f.DefaultMavenResourcesFiltering - Copying 0 resource from src\main\resources to target\classes
2025-06-24 20:26:28,881 [Worker-30: Building] INFO  o.a.m.s.f.DefaultMavenResourcesFiltering - skip non existing resourceDirectory C:\Users\Shree\Desktop\FULL STACK\JRTP\01_MINI_projects\Insurance_Report_App\src\test\resources
2025-06-24 20:26:28,881 [Worker-30: Building] INFO  o.e.m.w.i.f.ResourceFilteringBuildParticipant - Changed resources require a complete clean of filtered resources of Insurance_Report_App
2025-06-24 20:26:28,881 [Worker-30: Building] INFO  o.e.m.w.i.f.ResourceFilteringBuildParticipant - Executing resource filtering for Insurance_Report_App
2025-06-24 20:27:48,362 [Worker-31: Building] INFO  o.e.m.c.i.e.AbstractTransferListenerAdapter - Downloading https://repo.maven.apache.org/maven2/org/springframework/boot/spring-boot-starter-mail/3.5.0/spring-boot-starter-mail-3.5.0.pom
2025-06-24 20:27:48,376 [Worker-31: Building] INFO  o.e.m.c.i.e.AbstractTransferListenerAdapter - Downloaded https://repo.maven.apache.org/maven2/org/springframework/boot/spring-boot-starter-mail/3.5.0/spring-boot-starter-mail-3.5.0.pom
2025-06-24 20:27:48,465 [Worker-31: Building] INFO  o.e.m.c.i.e.AbstractTransferListenerAdapter - Downloading https://repo.maven.apache.org/maven2/org/apache/tomcat/embed/tomcat-embed-jasper/10.1.41/tomcat-embed-jasper-10.1.41.pom
2025-06-24 20:27:48,473 [Worker-31: Building] INFO  o.e.m.c.i.e.AbstractTransferListenerAdapter - Downloaded https://repo.maven.apache.org/maven2/org/apache/tomcat/embed/tomcat-embed-jasper/10.1.41/tomcat-embed-jasper-10.1.41.pom
2025-06-24 20:27:48,541 [Worker-31: Building] INFO  o.e.m.c.i.e.AbstractTransferListenerAdapter - Downloading https://repo.maven.apache.org/maven2/org/apache/tomcat/tomcat-annotations-api/10.1.41/tomcat-annotations-api-10.1.41.pom
2025-06-24 20:27:48,550 [Worker-31: Building] INFO  o.e.m.c.i.e.AbstractTransferListenerAdapter - Downloaded https://repo.maven.apache.org/maven2/org/apache/tomcat/tomcat-annotations-api/10.1.41/tomcat-annotations-api-10.1.41.pom
2025-06-24 20:27:48,666 [Worker-31: Building] INFO  o.e.m.c.i.e.AbstractTransferListenerAdapter - Downloading https://repo.maven.apache.org/maven2/org/apache/poi/poi-ooxml/5.4.0/poi-ooxml-5.4.0.pom
2025-06-24 20:27:48,678 [Worker-31: Building] INFO  o.e.m.c.i.e.AbstractTransferListenerAdapter - Downloaded https://repo.maven.apache.org/maven2/org/apache/poi/poi-ooxml/5.4.0/poi-ooxml-5.4.0.pom
2025-06-24 20:27:48,790 [Worker-31: Building] INFO  o.e.m.c.i.e.AbstractTransferListenerAdapter - Downloading https://repo.maven.apache.org/maven2/org/apache/poi/poi/5.4.0/poi-5.4.0.pom
2025-06-24 20:27:48,800 [Worker-31: Building] INFO  o.e.m.c.i.e.AbstractTransferListenerAdapter - Downloaded https://repo.maven.apache.org/maven2/org/apache/poi/poi/5.4.0/poi-5.4.0.pom
2025-06-24 20:27:48,875 [Worker-31: Building] INFO  o.e.m.c.i.e.AbstractTransferListenerAdapter - Downloading https://repo.maven.apache.org/maven2/org/apache/commons/commons-math3/3.6.1/commons-math3-3.6.1.pom
2025-06-24 20:27:48,893 [Worker-31: Building] INFO  o.e.m.c.i.e.AbstractTransferListenerAdapter - Downloaded https://repo.maven.apache.org/maven2/org/apache/commons/commons-math3/3.6.1/commons-math3-3.6.1.pom
2025-06-24 20:27:48,960 [Worker-31: Building] INFO  o.e.m.c.i.e.AbstractTransferListenerAdapter - Downloading https://repo.maven.apache.org/maven2/commons-io/commons-io/2.18.0/commons-io-2.18.0.pom
2025-06-24 20:27:48,982 [Worker-31: Building] INFO  o.e.m.c.i.e.AbstractTransferListenerAdapter - Downloaded https://repo.maven.apache.org/maven2/commons-io/commons-io/2.18.0/commons-io-2.18.0.pom
2025-06-24 20:27:49,060 [Worker-31: Building] INFO  o.e.m.c.i.e.AbstractTransferListenerAdapter - Downloading https://repo.maven.apache.org/maven2/com/zaxxer/SparseBitSet/1.3/SparseBitSet-1.3.pom
2025-06-24 20:27:49,068 [Worker-31: Building] INFO  o.e.m.c.i.e.AbstractTransferListenerAdapter - Downloaded https://repo.maven.apache.org/maven2/com/zaxxer/SparseBitSet/1.3/SparseBitSet-1.3.pom
2025-06-24 20:27:49,140 [Worker-31: Building] INFO  o.e.m.c.i.e.AbstractTransferListenerAdapter - Downloading https://repo.maven.apache.org/maven2/org/apache/poi/poi-ooxml-lite/5.4.0/poi-ooxml-lite-5.4.0.pom
2025-06-24 20:27:49,149 [Worker-31: Building] INFO  o.e.m.c.i.e.AbstractTransferListenerAdapter - Downloaded https://repo.maven.apache.org/maven2/org/apache/poi/poi-ooxml-lite/5.4.0/poi-ooxml-lite-5.4.0.pom
2025-06-24 20:27:49,221 [Worker-31: Building] INFO  o.e.m.c.i.e.AbstractTransferListenerAdapter - Downloading https://repo.maven.apache.org/maven2/org/apache/xmlbeans/xmlbeans/5.3.0/xmlbeans-5.3.0.pom
2025-06-24 20:27:49,228 [Worker-31: Building] INFO  o.e.m.c.i.e.AbstractTransferListenerAdapter - Downloaded https://repo.maven.apache.org/maven2/org/apache/xmlbeans/xmlbeans/5.3.0/xmlbeans-5.3.0.pom
2025-06-24 20:27:49,295 [Worker-31: Building] INFO  o.e.m.c.i.e.AbstractTransferListenerAdapter - Downloading https://repo.maven.apache.org/maven2/org/apache/commons/commons-compress/1.27.1/commons-compress-1.27.1.pom
2025-06-24 20:27:49,312 [Worker-31: Building] INFO  o.e.m.c.i.e.AbstractTransferListenerAdapter - Downloaded https://repo.maven.apache.org/maven2/org/apache/commons/commons-compress/1.27.1/commons-compress-1.27.1.pom
2025-06-24 20:27:49,405 [Worker-31: Building] INFO  o.e.m.c.i.e.AbstractTransferListenerAdapter - Downloading https://repo.maven.apache.org/maven2/com/github/virtuald/curvesapi/1.08/curvesapi-1.08.pom
2025-06-24 20:27:49,416 [Worker-31: Building] INFO  o.e.m.c.i.e.AbstractTransferListenerAdapter - Downloaded https://repo.maven.apache.org/maven2/com/github/virtuald/curvesapi/1.08/curvesapi-1.08.pom
2025-06-24 20:27:49,486 [Worker-31: Building] INFO  o.e.m.c.i.e.AbstractTransferListenerAdapter - Downloading https://repo.maven.apache.org/maven2/com/github/librepdf/openpdf/2.0.3/openpdf-2.0.3.pom
2025-06-24 20:27:49,493 [Worker-31: Building] INFO  o.e.m.c.i.e.AbstractTransferListenerAdapter - Downloaded https://repo.maven.apache.org/maven2/com/github/librepdf/openpdf/2.0.3/openpdf-2.0.3.pom
2025-06-24 20:27:49,571 [Worker-31: Building] INFO  o.e.m.c.i.e.AbstractTransferListenerAdapter - Downloading https://repo.maven.apache.org/maven2/com/github/librepdf/openpdf-parent/2.0.3/openpdf-parent-2.0.3.pom
2025-06-24 20:27:49,583 [Worker-31: Building] INFO  o.e.m.c.i.e.AbstractTransferListenerAdapter - Downloaded https://repo.maven.apache.org/maven2/com/github/librepdf/openpdf-parent/2.0.3/openpdf-parent-2.0.3.pom
2025-06-24 20:27:49,684 [Worker-31: Building] INFO  o.e.m.c.i.e.AbstractTransferListenerAdapter - Downloading https://repo.maven.apache.org/maven2/jakarta/servlet/jsp/jstl/jakarta.servlet.jsp.jstl-api/3.0.2/jakarta.servlet.jsp.jstl-api-3.0.2.pom
2025-06-24 20:27:49,695 [Worker-31: Building] INFO  o.e.m.c.i.e.AbstractTransferListenerAdapter - Downloaded https://repo.maven.apache.org/maven2/jakarta/servlet/jsp/jstl/jakarta.servlet.jsp.jstl-api/3.0.2/jakarta.servlet.jsp.jstl-api-3.0.2.pom
2025-06-24 20:27:50,104 [Worker-31: Building] INFO  o.e.m.c.i.e.AbstractTransferListenerAdapter - Downloading https://repo.maven.apache.org/maven2/org/springframework/boot/spring-boot-starter-mail/3.5.0/spring-boot-starter-mail-3.5.0.jar
2025-06-24 20:27:50,108 [Worker-31: Building] INFO  o.e.m.c.i.e.AbstractTransferListenerAdapter - Downloaded https://repo.maven.apache.org/maven2/org/springframework/boot/spring-boot-starter-mail/3.5.0/spring-boot-starter-mail-3.5.0.jar
2025-06-24 20:27:50,174 [BasicRepositoryConnector-repo.maven.apache.org-2-1] INFO  o.e.m.c.i.e.AbstractTransferListenerAdapter - Downloading https://repo.maven.apache.org/maven2/org/apache/tomcat/tomcat-annotations-api/10.1.41/tomcat-annotations-api-10.1.41.jar
2025-06-24 20:27:50,183 [BasicRepositoryConnector-repo.maven.apache.org-2-1] INFO  o.e.m.c.i.e.AbstractTransferListenerAdapter - Downloaded https://repo.maven.apache.org/maven2/org/apache/tomcat/tomcat-annotations-api/10.1.41/tomcat-annotations-api-10.1.41.jar
2025-06-24 20:27:50,231 [BasicRepositoryConnector-repo.maven.apache.org-2-1] INFO  o.e.m.c.i.e.AbstractTransferListenerAdapter - Downloading https://repo.maven.apache.org/maven2/com/zaxxer/SparseBitSet/1.3/SparseBitSet-1.3.jar
2025-06-24 20:27:50,248 [BasicRepositoryConnector-repo.maven.apache.org-2-1] INFO  o.e.m.c.i.e.AbstractTransferListenerAdapter - Downloaded https://repo.maven.apache.org/maven2/com/zaxxer/SparseBitSet/1.3/SparseBitSet-1.3.jar
2025-06-24 20:27:50,288 [BasicRepositoryConnector-repo.maven.apache.org-2-4] INFO  o.e.m.c.i.e.AbstractTransferListenerAdapter - Downloading https://repo.maven.apache.org/maven2/org/apache/commons/commons-math3/3.6.1/commons-math3-3.6.1.jar
2025-06-24 20:27:50,299 [BasicRepositoryConnector-repo.maven.apache.org-2-2] INFO  o.e.m.c.i.e.AbstractTransferListenerAdapter - Downloading https://repo.maven.apache.org/maven2/org/apache/poi/poi-ooxml/5.4.0/poi-ooxml-5.4.0.jar
2025-06-24 20:27:50,299 [BasicRepositoryConnector-repo.maven.apache.org-2-1] INFO  o.e.m.c.i.e.AbstractTransferListenerAdapter - Downloading https://repo.maven.apache.org/maven2/org/apache/poi/poi-ooxml-lite/5.4.0/poi-ooxml-lite-5.4.0.jar
2025-06-24 20:27:50,305 [BasicRepositoryConnector-repo.maven.apache.org-2-3] INFO  o.e.m.c.i.e.AbstractTransferListenerAdapter - Downloading https://repo.maven.apache.org/maven2/org/apache/poi/poi/5.4.0/poi-5.4.0.jar
2025-06-24 20:27:50,306 [BasicRepositoryConnector-repo.maven.apache.org-2-0] INFO  o.e.m.c.i.e.AbstractTransferListenerAdapter - Downloading https://repo.maven.apache.org/maven2/org/apache/tomcat/embed/tomcat-embed-jasper/10.1.41/tomcat-embed-jasper-10.1.41.jar
2025-06-24 20:27:51,704 [BasicRepositoryConnector-repo.maven.apache.org-2-0] INFO  o.e.m.c.i.e.AbstractTransferListenerAdapter - Downloaded https://repo.maven.apache.org/maven2/org/apache/tomcat/embed/tomcat-embed-jasper/10.1.41/tomcat-embed-jasper-10.1.41.jar
2025-06-24 20:27:51,820 [BasicRepositoryConnector-repo.maven.apache.org-2-0] INFO  o.e.m.c.i.e.AbstractTransferListenerAdapter - Downloading https://repo.maven.apache.org/maven2/org/apache/xmlbeans/xmlbeans/5.3.0/xmlbeans-5.3.0.jar
2025-06-24 20:27:51,933 [BasicRepositoryConnector-repo.maven.apache.org-2-4] INFO  o.e.m.c.i.e.AbstractTransferListenerAdapter - Downloaded https://repo.maven.apache.org/maven2/org/apache/commons/commons-math3/3.6.1/commons-math3-3.6.1.jar
2025-06-24 20:27:52,031 [BasicRepositoryConnector-repo.maven.apache.org-2-4] INFO  o.e.m.c.i.e.AbstractTransferListenerAdapter - Downloading https://repo.maven.apache.org/maven2/org/apache/commons/commons-compress/1.27.1/commons-compress-1.27.1.jar
2025-06-24 20:27:53,021 [BasicRepositoryConnector-repo.maven.apache.org-2-4] INFO  o.e.m.c.i.e.AbstractTransferListenerAdapter - Downloaded https://repo.maven.apache.org/maven2/org/apache/commons/commons-compress/1.27.1/commons-compress-1.27.1.jar
2025-06-24 20:27:53,071 [BasicRepositoryConnector-repo.maven.apache.org-2-2] INFO  o.e.m.c.i.e.AbstractTransferListenerAdapter - Downloaded https://repo.maven.apache.org/maven2/org/apache/poi/poi-ooxml/5.4.0/poi-ooxml-5.4.0.jar
2025-06-24 20:27:53,202 [BasicRepositoryConnector-repo.maven.apache.org-2-4] INFO  o.e.m.c.i.e.AbstractTransferListenerAdapter - Downloading https://repo.maven.apache.org/maven2/commons-io/commons-io/2.18.0/commons-io-2.18.0.jar
2025-06-24 20:27:53,206 [BasicRepositoryConnector-repo.maven.apache.org-2-2] INFO  o.e.m.c.i.e.AbstractTransferListenerAdapter - Downloading https://repo.maven.apache.org/maven2/com/github/virtuald/curvesapi/1.08/curvesapi-1.08.jar
2025-06-24 20:27:53,421 [BasicRepositoryConnector-repo.maven.apache.org-2-2] INFO  o.e.m.c.i.e.AbstractTransferListenerAdapter - Downloaded https://repo.maven.apache.org/maven2/com/github/virtuald/curvesapi/1.08/curvesapi-1.08.jar
2025-06-24 20:27:53,651 [BasicRepositoryConnector-repo.maven.apache.org-2-2] INFO  o.e.m.c.i.e.AbstractTransferListenerAdapter - Downloading https://repo.maven.apache.org/maven2/com/github/librepdf/openpdf/2.0.3/openpdf-2.0.3.jar
2025-06-24 20:27:53,715 [BasicRepositoryConnector-repo.maven.apache.org-2-4] INFO  o.e.m.c.i.e.AbstractTransferListenerAdapter - Downloaded https://repo.maven.apache.org/maven2/commons-io/commons-io/2.18.0/commons-io-2.18.0.jar
2025-06-24 20:27:53,935 [BasicRepositoryConnector-repo.maven.apache.org-2-4] INFO  o.e.m.c.i.e.AbstractTransferListenerAdapter - Downloading https://repo.maven.apache.org/maven2/jakarta/servlet/jsp/jstl/jakarta.servlet.jsp.jstl-api/3.0.2/jakarta.servlet.jsp.jstl-api-3.0.2.jar
2025-06-24 20:27:53,988 [BasicRepositoryConnector-repo.maven.apache.org-2-4] INFO  o.e.m.c.i.e.AbstractTransferListenerAdapter - Downloaded https://repo.maven.apache.org/maven2/jakarta/servlet/jsp/jstl/jakarta.servlet.jsp.jstl-api/3.0.2/jakarta.servlet.jsp.jstl-api-3.0.2.jar
2025-06-24 20:27:54,974 [BasicRepositoryConnector-repo.maven.apache.org-2-1] INFO  o.e.m.c.i.e.AbstractTransferListenerAdapter - Downloaded https://repo.maven.apache.org/maven2/org/apache/poi/poi-ooxml-lite/5.4.0/poi-ooxml-lite-5.4.0.jar
2025-06-24 20:27:55,713 [BasicRepositoryConnector-repo.maven.apache.org-2-0] INFO  o.e.m.c.i.e.AbstractTransferListenerAdapter - Downloaded https://repo.maven.apache.org/maven2/org/apache/xmlbeans/xmlbeans/5.3.0/xmlbeans-5.3.0.jar
2025-06-24 20:27:55,771 [BasicRepositoryConnector-repo.maven.apache.org-2-3] INFO  o.e.m.c.i.e.AbstractTransferListenerAdapter - Downloaded https://repo.maven.apache.org/maven2/org/apache/poi/poi/5.4.0/poi-5.4.0.jar
2025-06-24 20:27:56,460 [BasicRepositoryConnector-repo.maven.apache.org-2-2] INFO  o.e.m.c.i.e.AbstractTransferListenerAdapter - Downloaded https://repo.maven.apache.org/maven2/com/github/librepdf/openpdf/2.0.3/openpdf-2.0.3.jar
2025-06-24 20:27:56,608 [Worker-31: Building] INFO  o.e.m.c.i.l.LifecycleMappingFactory - Using org.maven.ide.eclipse.wtp.WarLifecycleMapping lifecycle mapping for MavenProject: com.example:01_ReportsApp:0.0.1-SNAPSHOT @ C:\Users\Shree\Desktop\FULL STACK\JRTP\01_MINI_projects\Insurance_Report_App\pom.xml.
2025-06-24 20:27:57,668 [Worker-31: Building] INFO  o.a.m.s.f.DefaultMavenResourcesFiltering - Copying 0 resource from src\main\resources to target\classes
2025-06-24 20:27:57,669 [Worker-31: Building] INFO  o.a.m.s.f.DefaultMavenResourcesFiltering - Copying 0 resource from src\main\resources to target\classes
2025-06-24 20:27:57,676 [Worker-31: Building] INFO  o.a.m.s.f.DefaultMavenResourcesFiltering - skip non existing resourceDirectory C:\Users\Shree\Desktop\FULL STACK\JRTP\01_MINI_projects\Insurance_Report_App\src\test\resources
2025-06-24 20:27:57,676 [Worker-31: Building] INFO  o.e.m.w.i.f.ResourceFilteringBuildParticipant - Changed resources require a complete clean of filtered resources of Insurance_Report_App
2025-06-24 20:27:57,677 [Worker-31: Building] INFO  o.e.m.w.i.f.ResourceFilteringBuildParticipant - Executing resource filtering for Insurance_Report_App
2025-06-24 20:27:58,477 [Worker-34: Download sources and javadoc] INFO  o.e.m.c.i.e.AbstractTransferListenerAdapter - Downloading https://repo.maven.apache.org/maven2/org/springframework/boot/spring-boot-starter-mail/3.5.0/spring-boot-starter-mail-3.5.0-sources.jar
2025-06-24 20:27:58,487 [Worker-34: Download sources and javadoc] INFO  o.e.m.c.i.e.AbstractTransferListenerAdapter - Downloaded https://repo.maven.apache.org/maven2/org/springframework/boot/spring-boot-starter-mail/3.5.0/spring-boot-starter-mail-3.5.0-sources.jar
2025-06-24 20:27:58,496 [Worker-34: Download sources and javadoc] INFO  o.e.m.j.internal.DownloadSourcesJob - Downloaded sources for org.springframework.boot:spring-boot-starter-mail:3.5.0
2025-06-24 20:27:58,685 [Worker-34: Download sources and javadoc] INFO  o.e.m.c.i.e.AbstractTransferListenerAdapter - Downloading https://repo.maven.apache.org/maven2/org/apache/tomcat/embed/tomcat-embed-jasper/10.1.41/tomcat-embed-jasper-10.1.41-sources.jar
2025-06-24 20:27:59,083 [Worker-34: Download sources and javadoc] INFO  o.e.m.c.i.e.AbstractTransferListenerAdapter - Downloaded https://repo.maven.apache.org/maven2/org/apache/tomcat/embed/tomcat-embed-jasper/10.1.41/tomcat-embed-jasper-10.1.41-sources.jar
2025-06-24 20:27:59,093 [Worker-34: Download sources and javadoc] INFO  o.e.m.j.internal.DownloadSourcesJob - Downloaded sources for org.apache.tomcat.embed:tomcat-embed-jasper:10.1.41
2025-06-24 20:27:59,353 [Worker-34: Download sources and javadoc] INFO  o.e.m.c.i.e.AbstractTransferListenerAdapter - Downloading https://repo.maven.apache.org/maven2/org/apache/tomcat/tomcat-annotations-api/10.1.41/tomcat-annotations-api-10.1.41-sources.jar
2025-06-24 20:27:59,364 [Worker-34: Download sources and javadoc] INFO  o.e.m.c.i.e.AbstractTransferListenerAdapter - Downloaded https://repo.maven.apache.org/maven2/org/apache/tomcat/tomcat-annotations-api/10.1.41/tomcat-annotations-api-10.1.41-sources.jar
2025-06-24 20:27:59,376 [Worker-34: Download sources and javadoc] INFO  o.e.m.j.internal.DownloadSourcesJob - Downloaded sources for org.apache.tomcat:tomcat-annotations-api:10.1.41
2025-06-24 20:27:59,474 [Worker-26: Building] INFO  o.a.m.s.f.DefaultMavenResourcesFiltering - Copying 1 resource from src\main\resources to target\classes
2025-06-24 20:27:59,513 [Worker-26: Building] INFO  o.a.m.s.f.DefaultMavenResourcesFiltering - Copying 0 resource from src\main\resources to target\classes
2025-06-24 20:27:59,518 [Worker-26: Building] INFO  o.a.m.s.f.DefaultMavenResourcesFiltering - skip non existing resourceDirectory C:\Users\Shree\Desktop\FULL STACK\JRTP\01_MINI_projects\Insurance_Report_App\src\test\resources
2025-06-24 20:27:59,613 [Worker-34: Download sources and javadoc] INFO  o.e.m.c.i.e.AbstractTransferListenerAdapter - Downloading https://repo.maven.apache.org/maven2/org/apache/poi/poi-ooxml/5.4.0/poi-ooxml-5.4.0-sources.jar
2025-06-24 20:28:00,155 [Worker-34: Download sources and javadoc] INFO  o.e.m.c.i.e.AbstractTransferListenerAdapter - Downloaded https://repo.maven.apache.org/maven2/org/apache/poi/poi-ooxml/5.4.0/poi-ooxml-5.4.0-sources.jar
2025-06-24 20:28:00,191 [Worker-34: Download sources and javadoc] INFO  o.e.m.j.internal.DownloadSourcesJob - Downloaded sources for org.apache.poi:poi-ooxml:5.4.0
2025-06-24 20:28:00,401 [Worker-34: Download sources and javadoc] INFO  o.e.m.c.i.e.AbstractTransferListenerAdapter - Downloading https://repo.maven.apache.org/maven2/org/apache/poi/poi/5.4.0/poi-5.4.0-sources.jar
2025-06-24 20:28:01,053 [Worker-34: Download sources and javadoc] INFO  o.e.m.c.i.e.AbstractTransferListenerAdapter - Downloaded https://repo.maven.apache.org/maven2/org/apache/poi/poi/5.4.0/poi-5.4.0-sources.jar
2025-06-24 20:28:01,063 [Worker-34: Download sources and javadoc] INFO  o.e.m.j.internal.DownloadSourcesJob - Downloaded sources for org.apache.poi:poi:5.4.0
2025-06-24 20:28:01,348 [Worker-34: Download sources and javadoc] INFO  o.e.m.c.i.e.AbstractTransferListenerAdapter - Downloading https://repo.maven.apache.org/maven2/org/apache/commons/commons-math3/3.6.1/commons-math3-3.6.1-sources.jar
2025-06-24 20:28:02,270 [Worker-34: Download sources and javadoc] INFO  o.e.m.c.i.e.AbstractTransferListenerAdapter - Downloaded https://repo.maven.apache.org/maven2/org/apache/commons/commons-math3/3.6.1/commons-math3-3.6.1-sources.jar
2025-06-24 20:28:02,280 [Worker-34: Download sources and javadoc] INFO  o.e.m.j.internal.DownloadSourcesJob - Downloaded sources for org.apache.commons:commons-math3:3.6.1
2025-06-24 20:28:02,542 [Worker-34: Download sources and javadoc] INFO  o.e.m.c.i.e.AbstractTransferListenerAdapter - Downloading https://repo.maven.apache.org/maven2/com/zaxxer/SparseBitSet/1.3/SparseBitSet-1.3-sources.jar
2025-06-24 20:28:02,563 [Worker-34: Download sources and javadoc] INFO  o.e.m.c.i.e.AbstractTransferListenerAdapter - Downloaded https://repo.maven.apache.org/maven2/com/zaxxer/SparseBitSet/1.3/SparseBitSet-1.3-sources.jar
2025-06-24 20:28:02,572 [Worker-34: Download sources and javadoc] INFO  o.e.m.j.internal.DownloadSourcesJob - Downloaded sources for com.zaxxer:SparseBitSet:1.3
2025-06-24 20:28:02,771 [Worker-34: Download sources and javadoc] INFO  o.e.m.c.i.e.AbstractTransferListenerAdapter - Downloading https://repo.maven.apache.org/maven2/org/apache/poi/poi-ooxml-lite/5.4.0/poi-ooxml-lite-5.4.0-sources.jar
2025-06-24 20:28:05,939 [Worker-34: Download sources and javadoc] INFO  o.e.m.c.i.e.AbstractTransferListenerAdapter - Downloaded https://repo.maven.apache.org/maven2/org/apache/poi/poi-ooxml-lite/5.4.0/poi-ooxml-lite-5.4.0-sources.jar
2025-06-24 20:28:05,951 [Worker-34: Download sources and javadoc] INFO  o.e.m.j.internal.DownloadSourcesJob - Downloaded sources for org.apache.poi:poi-ooxml-lite:5.4.0
2025-06-24 20:28:06,178 [Worker-34: Download sources and javadoc] INFO  o.e.m.c.i.e.AbstractTransferListenerAdapter - Downloading https://repo.maven.apache.org/maven2/org/apache/xmlbeans/xmlbeans/5.3.0/xmlbeans-5.3.0-sources.jar
2025-06-24 20:28:06,703 [Worker-34: Download sources and javadoc] INFO  o.e.m.c.i.e.AbstractTransferListenerAdapter - Downloaded https://repo.maven.apache.org/maven2/org/apache/xmlbeans/xmlbeans/5.3.0/xmlbeans-5.3.0-sources.jar
2025-06-24 20:28:06,712 [Worker-34: Download sources and javadoc] INFO  o.e.m.j.internal.DownloadSourcesJob - Downloaded sources for org.apache.xmlbeans:xmlbeans:5.3.0
2025-06-24 20:28:06,926 [Worker-34: Download sources and javadoc] INFO  o.e.m.c.i.e.AbstractTransferListenerAdapter - Downloading https://repo.maven.apache.org/maven2/org/apache/commons/commons-compress/1.27.1/commons-compress-1.27.1-sources.jar
2025-06-24 20:28:07,416 [Worker-34: Download sources and javadoc] INFO  o.e.m.c.i.e.AbstractTransferListenerAdapter - Downloaded https://repo.maven.apache.org/maven2/org/apache/commons/commons-compress/1.27.1/commons-compress-1.27.1-sources.jar
2025-06-24 20:28:07,425 [Worker-34: Download sources and javadoc] INFO  o.e.m.j.internal.DownloadSourcesJob - Downloaded sources for org.apache.commons:commons-compress:1.27.1
2025-06-24 20:28:07,664 [Worker-34: Download sources and javadoc] INFO  o.e.m.c.i.e.AbstractTransferListenerAdapter - Downloading https://repo.maven.apache.org/maven2/commons-io/commons-io/2.18.0/commons-io-2.18.0-sources.jar
2025-06-24 20:28:08,070 [Worker-34: Download sources and javadoc] INFO  o.e.m.c.i.e.AbstractTransferListenerAdapter - Downloaded https://repo.maven.apache.org/maven2/commons-io/commons-io/2.18.0/commons-io-2.18.0-sources.jar
2025-06-24 20:28:08,077 [Worker-34: Download sources and javadoc] INFO  o.e.m.j.internal.DownloadSourcesJob - Downloaded sources for commons-io:commons-io:2.18.0
2025-06-24 20:28:08,294 [Worker-34: Download sources and javadoc] INFO  o.e.m.c.i.e.AbstractTransferListenerAdapter - Downloading https://repo.maven.apache.org/maven2/com/github/virtuald/curvesapi/1.08/curvesapi-1.08-sources.jar
2025-06-24 20:28:08,466 [Worker-34: Download sources and javadoc] INFO  o.e.m.c.i.e.AbstractTransferListenerAdapter - Downloaded https://repo.maven.apache.org/maven2/com/github/virtuald/curvesapi/1.08/curvesapi-1.08-sources.jar
2025-06-24 20:28:08,467 [Worker-28: Updating Maven Project] INFO  o.e.m.c.i.p.ProjectConfigurationManager - Update started
2025-06-24 20:28:08,474 [Worker-34: Download sources and javadoc] INFO  o.e.m.j.internal.DownloadSourcesJob - Downloaded sources for com.github.virtuald:curvesapi:1.08
2025-06-24 20:28:08,662 [Worker-34: Download sources and javadoc] INFO  o.e.m.c.i.e.AbstractTransferListenerAdapter - Downloading https://repo.maven.apache.org/maven2/org/apache/commons/commons-collections4/4.4/commons-collections4-4.4-sources.jar
2025-06-24 20:28:09,003 [Worker-34: Download sources and javadoc] INFO  o.e.m.c.i.e.AbstractTransferListenerAdapter - Downloaded https://repo.maven.apache.org/maven2/org/apache/commons/commons-collections4/4.4/commons-collections4-4.4-sources.jar
2025-06-24 20:28:09,037 [Worker-34: Download sources and javadoc] INFO  o.e.m.j.internal.DownloadSourcesJob - Downloaded sources for org.apache.commons:commons-collections4:4.4
2025-06-24 20:28:09,068 [Worker-28: Updating Maven Project] INFO  o.e.m.c.i.l.LifecycleMappingFactory - Using org.maven.ide.eclipse.wtp.WarLifecycleMapping lifecycle mapping for MavenProject: com.example:01_ReportsApp:0.0.1-SNAPSHOT @ C:\Users\Shree\Desktop\FULL STACK\JRTP\01_MINI_projects\Insurance_Report_App\pom.xml.
2025-06-24 20:28:09,242 [Worker-34: Download sources and javadoc] INFO  o.e.m.c.i.e.AbstractTransferListenerAdapter - Downloading https://repo.maven.apache.org/maven2/com/github/librepdf/openpdf/2.0.3/openpdf-2.0.3-sources.jar
2025-06-24 20:28:10,149 [Worker-34: Download sources and javadoc] INFO  o.e.m.c.i.e.AbstractTransferListenerAdapter - Downloaded https://repo.maven.apache.org/maven2/com/github/librepdf/openpdf/2.0.3/openpdf-2.0.3-sources.jar
2025-06-24 20:28:10,154 [Worker-34: Download sources and javadoc] INFO  o.e.m.j.internal.DownloadSourcesJob - Downloaded sources for com.github.librepdf:openpdf:2.0.3
2025-06-24 20:28:10,327 [Worker-28: Updating Maven Project] INFO  o.e.m.j.i.AbstractJavaProjectConfigurator - Adding source folder /Insurance_Report_App/src/main/java
2025-06-24 20:28:10,329 [Worker-28: Updating Maven Project] INFO  o.e.m.j.i.AbstractJavaProjectConfigurator - Adding resource folder /Insurance_Report_App/src/main/resources
2025-06-24 20:28:10,330 [Worker-28: Updating Maven Project] INFO  o.e.m.j.i.AbstractJavaProjectConfigurator - Adding resource folder /Insurance_Report_App/src/main/resources
2025-06-24 20:28:10,331 [Worker-28: Updating Maven Project] INFO  o.e.m.j.i.AbstractJavaProjectConfigurator - Adding source folder /Insurance_Report_App/src/test/java
2025-06-24 20:28:10,332 [Worker-28: Updating Maven Project] INFO  o.e.m.j.i.AbstractJavaProjectConfigurator - Adding resource folder /Insurance_Report_App/src/test/resources
2025-06-24 20:28:10,386 [Worker-34: Download sources and javadoc] INFO  o.e.m.c.i.e.AbstractTransferListenerAdapter - Downloading https://repo.maven.apache.org/maven2/jakarta/servlet/jsp/jstl/jakarta.servlet.jsp.jstl-api/3.0.2/jakarta.servlet.jsp.jstl-api-3.0.2-sources.jar
2025-06-24 20:28:10,488 [Worker-34: Download sources and javadoc] INFO  o.e.m.c.i.e.AbstractTransferListenerAdapter - Downloaded https://repo.maven.apache.org/maven2/jakarta/servlet/jsp/jstl/jakarta.servlet.jsp.jstl-api/3.0.2/jakarta.servlet.jsp.jstl-api-3.0.2-sources.jar
2025-06-24 20:28:10,495 [Worker-34: Download sources and javadoc] INFO  o.e.m.j.internal.DownloadSourcesJob - Downloaded sources for jakarta.servlet.jsp.jstl:jakarta.servlet.jsp.jstl-api:3.0.2
2025-06-24 20:28:11,486 [Worker-28: Updating Maven Project] INFO  o.e.m.w.i.f.ResourceFilteringBuildParticipant - Cleaning filtered folder for Insurance_Report_App
2025-06-24 20:28:11,542 [Worker-28: Updating Maven Project] INFO  o.e.m.c.i.p.ProjectConfigurationManager - Update completed for 1 poms: local refresh takes 0.00 sec, refresh facades takes 1.00 sec, update config takes 1.00 sec 
2025-06-24 20:28:12,633 [Worker-34: Building] INFO  o.a.m.s.f.DefaultMavenResourcesFiltering - Copying 1 resource from src\main\resources to target\classes
2025-06-24 20:28:12,687 [Worker-34: Building] INFO  o.a.m.s.f.DefaultMavenResourcesFiltering - Copying 0 resource from src\main\resources to target\classes
2025-06-24 20:28:12,698 [Worker-34: Building] INFO  o.a.m.s.f.DefaultMavenResourcesFiltering - skip non existing resourceDirectory C:\Users\Shree\Desktop\FULL STACK\JRTP\01_MINI_projects\Insurance_Report_App\src\test\resources
2025-06-24 20:28:12,698 [Worker-34: Building] INFO  o.e.m.w.i.f.ResourceFilteringBuildParticipant - Changed resources require a complete clean of filtered resources of Insurance_Report_App
2025-06-24 20:28:12,698 [Worker-34: Building] INFO  o.e.m.w.i.f.ResourceFilteringBuildParticipant - Executing resource filtering for Insurance_Report_App
2025-06-24 20:28:49,098 [Worker-36: Building] INFO  o.a.m.s.f.DefaultMavenResourcesFiltering - Copying 0 resource from src\main\resources to target\classes
2025-06-24 20:28:49,100 [Worker-36: Building] INFO  o.a.m.s.f.DefaultMavenResourcesFiltering - Copying 0 resource from src\main\resources to target\classes
2025-06-24 20:28:49,104 [Worker-36: Building] INFO  o.a.m.s.f.DefaultMavenResourcesFiltering - skip non existing resourceDirectory C:\Users\Shree\Desktop\FULL STACK\JRTP\01_MINI_projects\Insurance_Report_App\src\test\resources
2025-06-24 20:29:41,393 [Worker-23: Building] INFO  o.a.m.s.f.DefaultMavenResourcesFiltering - Copying 0 resource from src\main\resources to target\classes
2025-06-24 20:29:41,395 [Worker-23: Building] INFO  o.a.m.s.f.DefaultMavenResourcesFiltering - Copying 0 resource from src\main\resources to target\classes
2025-06-24 20:29:41,399 [Worker-23: Building] INFO  o.a.m.s.f.DefaultMavenResourcesFiltering - skip non existing resourceDirectory C:\Users\Shree\Desktop\FULL STACK\JRTP\01_MINI_projects\Insurance_Report_App\src\test\resources
2025-06-24 20:30:18,606 [Worker-29: Building] INFO  o.a.m.s.f.DefaultMavenResourcesFiltering - Copying 0 resource from src\main\resources to target\classes
2025-06-24 20:30:18,608 [Worker-29: Building] INFO  o.a.m.s.f.DefaultMavenResourcesFiltering - Copying 0 resource from src\main\resources to target\classes
2025-06-24 20:30:18,611 [Worker-29: Building] INFO  o.a.m.s.f.DefaultMavenResourcesFiltering - skip non existing resourceDirectory C:\Users\Shree\Desktop\FULL STACK\JRTP\01_MINI_projects\Insurance_Report_App\src\test\resources
2025-06-24 20:36:08,420 [Worker-34: Updating Maven Project] INFO  o.e.m.c.i.p.ProjectConfigurationManager - Update started
2025-06-24 20:36:09,007 [Worker-34: Updating Maven Project] INFO  o.e.m.c.i.l.LifecycleMappingFactory - Using org.maven.ide.eclipse.wtp.WarLifecycleMapping lifecycle mapping for MavenProject: com.example:01_ReportsApp:0.0.1-SNAPSHOT @ C:\Users\Shree\Desktop\FULL STACK\JRTP\01_MINI_projects\Insurance_Report_App\pom.xml.
2025-06-24 20:36:11,041 [Worker-34: Updating Maven Project] INFO  o.e.m.j.i.AbstractJavaProjectConfigurator - Adding source folder /Insurance_Report_App/src/main/java
2025-06-24 20:36:11,044 [Worker-34: Updating Maven Project] INFO  o.e.m.j.i.AbstractJavaProjectConfigurator - Adding resource folder /Insurance_Report_App/src/main/resources
2025-06-24 20:36:11,045 [Worker-34: Updating Maven Project] INFO  o.e.m.j.i.AbstractJavaProjectConfigurator - Adding resource folder /Insurance_Report_App/src/main/resources
2025-06-24 20:36:11,046 [Worker-34: Updating Maven Project] INFO  o.e.m.j.i.AbstractJavaProjectConfigurator - Adding source folder /Insurance_Report_App/src/test/java
2025-06-24 20:36:11,048 [Worker-34: Updating Maven Project] INFO  o.e.m.j.i.AbstractJavaProjectConfigurator - Adding resource folder /Insurance_Report_App/src/test/resources
2025-06-24 20:36:12,201 [Worker-34: Updating Maven Project] INFO  o.e.m.w.i.f.ResourceFilteringBuildParticipant - Cleaning filtered folder for Insurance_Report_App
2025-06-24 20:36:12,286 [Worker-34: Updating Maven Project] INFO  o.e.m.c.i.p.ProjectConfigurationManager - Update completed for 1 poms: local refresh takes 0.00 sec, refresh facades takes 2.00 sec, update config takes 1.00 sec 
2025-06-24 20:36:13,126 [Worker-33: Building] INFO  o.a.m.s.f.DefaultMavenResourcesFiltering - Copying 1 resource from src\main\resources to target\classes
2025-06-24 20:36:13,156 [Worker-33: Building] INFO  o.a.m.s.f.DefaultMavenResourcesFiltering - Copying 0 resource from src\main\resources to target\classes
2025-06-24 20:36:13,168 [Worker-33: Building] INFO  o.a.m.s.f.DefaultMavenResourcesFiltering - skip non existing resourceDirectory C:\Users\Shree\Desktop\FULL STACK\JRTP\01_MINI_projects\Insurance_Report_App\src\test\resources
2025-06-24 20:36:13,168 [Worker-33: Building] INFO  o.e.m.w.i.f.ResourceFilteringBuildParticipant - Changed resources require a complete clean of filtered resources of Insurance_Report_App
2025-06-24 20:36:13,168 [Worker-33: Building] INFO  o.e.m.w.i.f.ResourceFilteringBuildParticipant - Executing resource filtering for Insurance_Report_App
2025-06-24 20:36:41,996 [Worker-4: Loading available Gradle versions] INFO  o.e.b.c.i.u.g.PublishedGradleVersions - Gradle version information cache is out-of-date. Trying to update.
2025-06-24 20:40:26,683 [Worker-8: Building] INFO  o.a.m.s.f.DefaultMavenResourcesFiltering - Copying 1 resource from src\main\resources to target\classes
2025-06-24 20:40:26,712 [Worker-8: Building] INFO  o.a.m.s.f.DefaultMavenResourcesFiltering - Copying 0 resource from src\main\resources to target\classes
2025-06-24 20:40:26,722 [Worker-8: Building] INFO  o.a.m.s.f.DefaultMavenResourcesFiltering - skip non existing resourceDirectory C:\Users\Shree\Desktop\FULL STACK\JRTP\01_MINI_projects\Insurance_Report_App\src\test\resources
2025-06-24 20:40:49,098 [Worker-4: Building] INFO  o.a.m.s.f.DefaultMavenResourcesFiltering - Copying 1 resource from src\main\resources to target\classes
2025-06-24 20:40:49,118 [Worker-4: Building] INFO  o.a.m.s.f.DefaultMavenResourcesFiltering - Copying 0 resource from src\main\resources to target\classes
2025-06-24 20:40:49,124 [Worker-4: Building] INFO  o.a.m.s.f.DefaultMavenResourcesFiltering - skip non existing resourceDirectory C:\Users\Shree\Desktop\FULL STACK\JRTP\01_MINI_projects\Insurance_Report_App\src\test\resources
2025-06-24 20:44:29,824 [Worker-1: Loading available Gradle versions] INFO  o.e.b.c.i.u.g.PublishedGradleVersions - Gradle version information cache is up-to-date. Trying to read.
2025-06-24 20:44:41,459 [Worker-2: Building] INFO  o.a.m.s.f.DefaultMavenResourcesFiltering - Copying 1 resource from src\main\resources to target\classes
2025-06-24 20:44:41,524 [Worker-2: Building] INFO  o.a.m.s.f.DefaultMavenResourcesFiltering - Copying 0 resource from src\main\resources to target\classes
2025-06-24 20:44:41,568 [Worker-2: Building] INFO  o.a.m.s.f.DefaultMavenResourcesFiltering - skip non existing resourceDirectory C:\Users\Shree\Desktop\FULL STACK\JRTP\01_MINI_projects\Insurance_Report_App\src\test\resources
2025-06-24 20:46:58,014 [Worker-8: Building] INFO  o.a.m.s.f.DefaultMavenResourcesFiltering - Copying 0 resource from src\main\resources to target\classes
2025-06-24 20:46:58,022 [Worker-8: Building] INFO  o.a.m.s.f.DefaultMavenResourcesFiltering - Copying 0 resource from src\main\resources to target\classes
2025-06-24 20:46:58,032 [Worker-8: Building] INFO  o.a.m.s.f.DefaultMavenResourcesFiltering - skip non existing resourceDirectory C:\Users\Shree\Desktop\FULL STACK\JRTP\01_MINI_projects\Insurance_Report_App\src\test\resources
2025-06-24 20:47:50,972 [Worker-10: Launching Insurance_Report_App - InsuranceReportAppApplication] INFO  o.a.m.s.f.DefaultMavenResourcesFiltering - Copying 1 resource from src\main\resources to target\classes
2025-06-24 20:47:50,989 [Worker-10: Launching Insurance_Report_App - InsuranceReportAppApplication] INFO  o.a.m.s.f.DefaultMavenResourcesFiltering - Copying 0 resource from src\main\resources to target\classes
2025-06-24 20:47:50,999 [Worker-10: Launching Insurance_Report_App - InsuranceReportAppApplication] INFO  o.a.m.s.f.DefaultMavenResourcesFiltering - skip non existing resourceDirectory C:\Users\Shree\Desktop\FULL STACK\JRTP\01_MINI_projects\Insurance_Report_App\src\test\resources
2025-06-24 20:48:56,759 [Worker-0: Building] INFO  o.a.m.s.f.DefaultMavenResourcesFiltering - Copying 1 resource from src\main\resources to target\classes
2025-06-24 20:48:56,775 [Worker-0: Building] INFO  o.a.m.s.f.DefaultMavenResourcesFiltering - Copying 0 resource from src\main\resources to target\classes
2025-06-24 20:48:56,781 [Worker-0: Building] INFO  o.a.m.s.f.DefaultMavenResourcesFiltering - skip non existing resourceDirectory C:\Users\Shree\Desktop\FULL STACK\JRTP\01_MINI_projects\Insurance_Report_App\src\test\resources
2025-06-24 20:52:01,011 [Worker-3: Building] INFO  o.a.m.s.f.DefaultMavenResourcesFiltering - Copying 1 resource from src\main\resources to target\classes
2025-06-24 20:52:01,024 [Worker-3: Building] INFO  o.a.m.s.f.DefaultMavenResourcesFiltering - Copying 0 resource from src\main\resources to target\classes
2025-06-24 20:52:01,036 [Worker-3: Building] INFO  o.a.m.s.f.DefaultMavenResourcesFiltering - skip non existing resourceDirectory C:\Users\Shree\Desktop\FULL STACK\JRTP\01_MINI_projects\Insurance_Report_App\src\test\resources
2025-06-24 20:52:40,292 [Worker-0: Building] INFO  o.a.m.s.f.DefaultMavenResourcesFiltering - Copying 1 resource from src\main\resources to target\classes
2025-06-24 20:52:40,325 [Worker-0: Building] INFO  o.a.m.s.f.DefaultMavenResourcesFiltering - Copying 0 resource from src\main\resources to target\classes
2025-06-24 20:52:40,337 [Worker-0: Building] INFO  o.a.m.s.f.DefaultMavenResourcesFiltering - skip non existing resourceDirectory C:\Users\Shree\Desktop\FULL STACK\JRTP\01_MINI_projects\Insurance_Report_App\src\test\resources
2025-06-24 20:57:29,021 [Worker-5: Building] INFO  o.a.m.s.f.DefaultMavenResourcesFiltering - Copying 1 resource from src\main\resources to target\classes
2025-06-24 20:57:29,039 [Worker-5: Building] INFO  o.a.m.s.f.DefaultMavenResourcesFiltering - Copying 0 resource from src\main\resources to target\classes
2025-06-24 20:57:29,049 [Worker-5: Building] INFO  o.a.m.s.f.DefaultMavenResourcesFiltering - skip non existing resourceDirectory C:\Users\Shree\Desktop\FULL STACK\JRTP\01_MINI_projects\Insurance_Report_App\src\test\resources
2025-06-24 20:57:48,061 [Worker-7: Building] INFO  o.a.m.s.f.DefaultMavenResourcesFiltering - Copying 1 resource from src\main\resources to target\classes
2025-06-24 20:57:48,070 [Worker-7: Building] INFO  o.a.m.s.f.DefaultMavenResourcesFiltering - Copying 0 resource from src\main\resources to target\classes
2025-06-24 20:57:48,077 [Worker-7: Building] INFO  o.a.m.s.f.DefaultMavenResourcesFiltering - skip non existing resourceDirectory C:\Users\Shree\Desktop\FULL STACK\JRTP\01_MINI_projects\Insurance_Report_App\src\test\resources
2025-06-24 20:59:48,998 [Worker-0: Building] INFO  o.a.m.s.f.DefaultMavenResourcesFiltering - Copying 0 resource from src\main\resources to target\classes
2025-06-24 20:59:49,001 [Worker-0: Building] INFO  o.a.m.s.f.DefaultMavenResourcesFiltering - Copying 0 resource from src\main\resources to target\classes
2025-06-24 20:59:49,008 [Worker-0: Building] INFO  o.a.m.s.f.DefaultMavenResourcesFiltering - skip non existing resourceDirectory C:\Users\Shree\Desktop\FULL STACK\JRTP\01_MINI_projects\Insurance_Report_App\src\test\resources
2025-06-24 21:00:55,008 [Worker-12: Building] INFO  o.a.m.s.f.DefaultMavenResourcesFiltering - Copying 1 resource from src\main\resources to target\classes
2025-06-24 21:00:55,016 [Worker-12: Building] INFO  o.a.m.s.f.DefaultMavenResourcesFiltering - Copying 0 resource from src\main\resources to target\classes
2025-06-24 21:00:55,021 [Worker-12: Building] INFO  o.a.m.s.f.DefaultMavenResourcesFiltering - skip non existing resourceDirectory C:\Users\Shree\Desktop\FULL STACK\JRTP\01_MINI_projects\Insurance_Report_App\src\test\resources
2025-06-24 21:04:22,923 [Worker-5: Building] INFO  o.a.m.s.f.DefaultMavenResourcesFiltering - Copying 1 resource from src\main\resources to target\classes
2025-06-24 21:04:22,935 [Worker-5: Building] INFO  o.a.m.s.f.DefaultMavenResourcesFiltering - Copying 0 resource from src\main\resources to target\classes
2025-06-24 21:04:22,940 [Worker-5: Building] INFO  o.a.m.s.f.DefaultMavenResourcesFiltering - skip non existing resourceDirectory C:\Users\Shree\Desktop\FULL STACK\JRTP\01_MINI_projects\Insurance_Report_App\src\test\resources
2025-06-24 21:07:52,164 [Worker-12: Building] INFO  o.a.m.s.f.DefaultMavenResourcesFiltering - Copying 1 resource from src\main\resources to target\classes
2025-06-24 21:07:52,181 [Worker-12: Building] INFO  o.a.m.s.f.DefaultMavenResourcesFiltering - Copying 0 resource from src\main\resources to target\classes
2025-06-24 21:07:52,189 [Worker-12: Building] INFO  o.a.m.s.f.DefaultMavenResourcesFiltering - skip non existing resourceDirectory C:\Users\Shree\Desktop\FULL STACK\JRTP\01_MINI_projects\Insurance_Report_App\src\test\resources
2025-06-24 21:08:41,318 [Worker-7: Building] INFO  o.e.m.c.i.l.LifecycleMappingFactory - Using org.maven.ide.eclipse.wtp.WarLifecycleMapping lifecycle mapping for MavenProject: com.example:01_ReportsApp:0.0.1-SNAPSHOT @ C:\Users\Shree\Desktop\FULL STACK\JRTP\01_MINI_projects\Insurance_Report_App\pom.xml.
2025-06-24 21:08:42,925 [Worker-7: Building] INFO  o.a.m.s.f.DefaultMavenResourcesFiltering - Copying 0 resource from src\main\resources to target\classes
2025-06-24 21:08:42,927 [Worker-7: Building] INFO  o.a.m.s.f.DefaultMavenResourcesFiltering - Copying 0 resource from src\main\resources to target\classes
2025-06-24 21:08:42,933 [Worker-7: Building] INFO  o.a.m.s.f.DefaultMavenResourcesFiltering - skip non existing resourceDirectory C:\Users\Shree\Desktop\FULL STACK\JRTP\01_MINI_projects\Insurance_Report_App\src\test\resources
2025-06-24 21:08:42,936 [Worker-7: Building] INFO  o.e.m.w.i.f.ResourceFilteringBuildParticipant - Changed resources require a complete clean of filtered resources of Insurance_Report_App
2025-06-24 21:08:42,936 [Worker-7: Building] INFO  o.e.m.w.i.f.ResourceFilteringBuildParticipant - Executing resource filtering for Insurance_Report_App
2025-06-24 21:08:49,422 [Worker-3: Updating Maven Project] INFO  o.e.m.c.i.p.ProjectConfigurationManager - Update started
2025-06-24 21:08:49,932 [Worker-3: Updating Maven Project] INFO  o.e.m.c.i.l.LifecycleMappingFactory - Using org.maven.ide.eclipse.wtp.WarLifecycleMapping lifecycle mapping for MavenProject: com.example:01_ReportsApp:0.0.1-SNAPSHOT @ C:\Users\Shree\Desktop\FULL STACK\JRTP\01_MINI_projects\Insurance_Report_App\pom.xml.
2025-06-24 21:08:51,919 [Worker-3: Updating Maven Project] INFO  o.e.m.j.i.AbstractJavaProjectConfigurator - Adding source folder /Insurance_Report_App/src/main/java
2025-06-24 21:08:51,923 [Worker-3: Updating Maven Project] INFO  o.e.m.j.i.AbstractJavaProjectConfigurator - Adding resource folder /Insurance_Report_App/src/main/resources
2025-06-24 21:08:51,924 [Worker-3: Updating Maven Project] INFO  o.e.m.j.i.AbstractJavaProjectConfigurator - Adding resource folder /Insurance_Report_App/src/main/resources
2025-06-24 21:08:51,925 [Worker-3: Updating Maven Project] INFO  o.e.m.j.i.AbstractJavaProjectConfigurator - Adding source folder /Insurance_Report_App/src/test/java
2025-06-24 21:08:51,927 [Worker-3: Updating Maven Project] INFO  o.e.m.j.i.AbstractJavaProjectConfigurator - Adding resource folder /Insurance_Report_App/src/test/resources
2025-06-24 21:08:53,489 [Worker-3: Updating Maven Project] INFO  o.e.m.w.i.f.ResourceFilteringBuildParticipant - Cleaning filtered folder for Insurance_Report_App
2025-06-24 21:08:53,541 [Worker-3: Updating Maven Project] INFO  o.e.m.c.i.p.ProjectConfigurationManager - Update completed for 1 poms: local refresh takes 0.00 sec, refresh facades takes 2.00 sec, update config takes 1.00 sec 
2025-06-24 21:08:54,038 [Worker-12: Building] INFO  o.a.m.s.f.DefaultMavenResourcesFiltering - Copying 1 resource from src\main\resources to target\classes
2025-06-24 21:08:54,070 [Worker-12: Building] INFO  o.a.m.s.f.DefaultMavenResourcesFiltering - Copying 0 resource from src\main\resources to target\classes
2025-06-24 21:08:54,079 [Worker-12: Building] INFO  o.a.m.s.f.DefaultMavenResourcesFiltering - skip non existing resourceDirectory C:\Users\Shree\Desktop\FULL STACK\JRTP\01_MINI_projects\Insurance_Report_App\src\test\resources
2025-06-24 21:08:54,080 [Worker-12: Building] INFO  o.e.m.w.i.f.ResourceFilteringBuildParticipant - Changed resources require a complete clean of filtered resources of Insurance_Report_App
2025-06-24 21:08:54,080 [Worker-12: Building] INFO  o.e.m.w.i.f.ResourceFilteringBuildParticipant - Executing resource filtering for Insurance_Report_App
2025-06-24 21:13:58,254 [Worker-0: Building] INFO  o.a.m.s.f.DefaultMavenResourcesFiltering - Copying 1 resource from src\main\resources to target\classes
2025-06-24 21:13:58,265 [Worker-0: Building] INFO  o.a.m.s.f.DefaultMavenResourcesFiltering - Copying 0 resource from src\main\resources to target\classes
2025-06-24 21:13:58,268 [Worker-0: Building] INFO  o.a.m.s.f.DefaultMavenResourcesFiltering - skip non existing resourceDirectory C:\Users\Shree\Desktop\FULL STACK\JRTP\01_MINI_projects\Insurance_Report_App\src\test\resources
2025-06-24 22:37:26,764 [Worker-0: Building] INFO  o.a.m.s.f.DefaultMavenResourcesFiltering - Copying 0 resource from src\main\resources to target\classes
2025-06-24 22:37:26,768 [Worker-0: Building] INFO  o.a.m.s.f.DefaultMavenResourcesFiltering - Copying 0 resource from src\main\resources to target\classes
2025-06-24 22:37:26,780 [Worker-0: Building] INFO  o.a.m.s.f.DefaultMavenResourcesFiltering - skip non existing resourceDirectory C:\Users\Shree\Desktop\FULL STACK\JRTP\01_MINI_projects\Insurance_Report_App\src\test\resources
2025-06-24 22:39:05,466 [Worker-4: Building] INFO  o.a.m.s.f.DefaultMavenResourcesFiltering - Copying 0 resource from src\main\resources to target\classes
2025-06-24 22:39:05,470 [Worker-4: Building] INFO  o.a.m.s.f.DefaultMavenResourcesFiltering - Copying 0 resource from src\main\resources to target\classes
2025-06-24 22:39:05,480 [Worker-4: Building] INFO  o.a.m.s.f.DefaultMavenResourcesFiltering - skip non existing resourceDirectory C:\Users\Shree\Desktop\FULL STACK\JRTP\01_MINI_projects\Insurance_Report_App\src\test\resources
2025-06-24 22:44:48,547 [Worker-3: Building] INFO  o.a.m.s.f.DefaultMavenResourcesFiltering - Copying 0 resource from src\main\resources to target\classes
2025-06-24 22:44:48,552 [Worker-3: Building] INFO  o.a.m.s.f.DefaultMavenResourcesFiltering - Copying 0 resource from src\main\resources to target\classes
2025-06-24 22:44:48,559 [Worker-3: Building] INFO  o.a.m.s.f.DefaultMavenResourcesFiltering - skip non existing resourceDirectory C:\Users\Shree\Desktop\FULL STACK\JRTP\01_MINI_projects\Insurance_Report_App\src\test\resources
2025-06-24 22:46:27,879 [Worker-13: Building] INFO  o.a.m.s.f.DefaultMavenResourcesFiltering - Copying 0 resource from src\main\resources to target\classes
2025-06-24 22:46:27,883 [Worker-13: Building] INFO  o.a.m.s.f.DefaultMavenResourcesFiltering - Copying 0 resource from src\main\resources to target\classes
2025-06-24 22:46:27,894 [Worker-13: Building] INFO  o.a.m.s.f.DefaultMavenResourcesFiltering - skip non existing resourceDirectory C:\Users\Shree\Desktop\FULL STACK\JRTP\01_MINI_projects\Insurance_Report_App\src\test\resources
2025-06-24 22:47:44,550 [Worker-1: Building] INFO  o.a.m.s.f.DefaultMavenResourcesFiltering - Copying 0 resource from src\main\resources to target\classes
2025-06-24 22:47:44,554 [Worker-1: Building] INFO  o.a.m.s.f.DefaultMavenResourcesFiltering - Copying 0 resource from src\main\resources to target\classes
2025-06-24 22:47:44,562 [Worker-1: Building] INFO  o.a.m.s.f.DefaultMavenResourcesFiltering - skip non existing resourceDirectory C:\Users\Shree\Desktop\FULL STACK\JRTP\01_MINI_projects\Insurance_Report_App\src\test\resources
2025-06-24 22:50:47,800 [Worker-9: Building] INFO  o.a.m.s.f.DefaultMavenResourcesFiltering - Copying 0 resource from src\main\resources to target\classes
2025-06-24 22:50:47,803 [Worker-9: Building] INFO  o.a.m.s.f.DefaultMavenResourcesFiltering - Copying 0 resource from src\main\resources to target\classes
2025-06-24 22:50:47,810 [Worker-9: Building] INFO  o.a.m.s.f.DefaultMavenResourcesFiltering - skip non existing resourceDirectory C:\Users\Shree\Desktop\FULL STACK\JRTP\01_MINI_projects\Insurance_Report_App\src\test\resources
2025-06-24 22:54:21,073 [Worker-7: Building] INFO  o.a.m.s.f.DefaultMavenResourcesFiltering - Copying 0 resource from src\main\resources to target\classes
2025-06-24 22:54:21,079 [Worker-7: Building] INFO  o.a.m.s.f.DefaultMavenResourcesFiltering - Copying 0 resource from src\main\resources to target\classes
2025-06-24 22:54:21,088 [Worker-7: Building] INFO  o.a.m.s.f.DefaultMavenResourcesFiltering - skip non existing resourceDirectory C:\Users\Shree\Desktop\FULL STACK\JRTP\01_MINI_projects\Insurance_Report_App\src\test\resources
2025-06-24 22:56:16,844 [Worker-1: Building] INFO  o.a.m.s.f.DefaultMavenResourcesFiltering - Copying 0 resource from src\main\resources to target\classes
2025-06-24 22:56:16,847 [Worker-1: Building] INFO  o.a.m.s.f.DefaultMavenResourcesFiltering - Copying 0 resource from src\main\resources to target\classes
2025-06-24 22:56:16,851 [Worker-1: Building] INFO  o.a.m.s.f.DefaultMavenResourcesFiltering - skip non existing resourceDirectory C:\Users\Shree\Desktop\FULL STACK\JRTP\01_MINI_projects\Insurance_Report_App\src\test\resources
2025-06-24 22:59:22,358 [Worker-1: Building] INFO  o.a.m.s.f.DefaultMavenResourcesFiltering - Copying 0 resource from src\main\resources to target\classes
2025-06-24 22:59:22,361 [Worker-1: Building] INFO  o.a.m.s.f.DefaultMavenResourcesFiltering - Copying 0 resource from src\main\resources to target\classes
2025-06-24 22:59:22,366 [Worker-1: Building] INFO  o.a.m.s.f.DefaultMavenResourcesFiltering - skip non existing resourceDirectory C:\Users\Shree\Desktop\FULL STACK\JRTP\01_MINI_projects\Insurance_Report_App\src\test\resources
2025-06-24 23:00:44,362 [Worker-12: Building] INFO  o.a.m.s.f.DefaultMavenResourcesFiltering - Copying 0 resource from src\main\resources to target\classes
2025-06-24 23:00:44,365 [Worker-12: Building] INFO  o.a.m.s.f.DefaultMavenResourcesFiltering - Copying 0 resource from src\main\resources to target\classes
2025-06-24 23:00:44,371 [Worker-12: Building] INFO  o.a.m.s.f.DefaultMavenResourcesFiltering - skip non existing resourceDirectory C:\Users\Shree\Desktop\FULL STACK\JRTP\01_MINI_projects\Insurance_Report_App\src\test\resources
2025-06-24 23:01:45,207 [Worker-5: Building] INFO  o.a.m.s.f.DefaultMavenResourcesFiltering - Copying 0 resource from src\main\resources to target\classes
2025-06-24 23:01:45,209 [Worker-5: Building] INFO  o.a.m.s.f.DefaultMavenResourcesFiltering - Copying 0 resource from src\main\resources to target\classes
2025-06-24 23:01:45,213 [Worker-5: Building] INFO  o.a.m.s.f.DefaultMavenResourcesFiltering - skip non existing resourceDirectory C:\Users\Shree\Desktop\FULL STACK\JRTP\01_MINI_projects\Insurance_Report_App\src\test\resources
2025-06-24 23:02:01,661 [Worker-4: Building] INFO  o.a.m.s.f.DefaultMavenResourcesFiltering - Copying 0 resource from src\main\resources to target\classes
2025-06-24 23:02:01,663 [Worker-4: Building] INFO  o.a.m.s.f.DefaultMavenResourcesFiltering - Copying 0 resource from src\main\resources to target\classes
2025-06-24 23:02:01,668 [Worker-4: Building] INFO  o.a.m.s.f.DefaultMavenResourcesFiltering - skip non existing resourceDirectory C:\Users\Shree\Desktop\FULL STACK\JRTP\01_MINI_projects\Insurance_Report_App\src\test\resources
2025-06-24 23:03:03,104 [Worker-11: Building] INFO  o.a.m.s.f.DefaultMavenResourcesFiltering - Copying 0 resource from src\main\resources to target\classes
2025-06-24 23:03:03,109 [Worker-11: Building] INFO  o.a.m.s.f.DefaultMavenResourcesFiltering - Copying 0 resource from src\main\resources to target\classes
2025-06-24 23:03:03,119 [Worker-11: Building] INFO  o.a.m.s.f.DefaultMavenResourcesFiltering - skip non existing resourceDirectory C:\Users\Shree\Desktop\FULL STACK\JRTP\01_MINI_projects\Insurance_Report_App\src\test\resources
2025-06-24 23:03:23,546 [Worker-5: Building] INFO  o.a.m.s.f.DefaultMavenResourcesFiltering - Copying 0 resource from src\main\resources to target\classes
2025-06-24 23:03:23,549 [Worker-5: Building] INFO  o.a.m.s.f.DefaultMavenResourcesFiltering - Copying 0 resource from src\main\resources to target\classes
2025-06-24 23:03:23,557 [Worker-5: Building] INFO  o.a.m.s.f.DefaultMavenResourcesFiltering - skip non existing resourceDirectory C:\Users\Shree\Desktop\FULL STACK\JRTP\01_MINI_projects\Insurance_Report_App\src\test\resources
2025-06-24 23:04:48,718 [Worker-0: Building] INFO  o.a.m.s.f.DefaultMavenResourcesFiltering - Copying 0 resource from src\main\resources to target\classes
2025-06-24 23:04:48,721 [Worker-0: Building] INFO  o.a.m.s.f.DefaultMavenResourcesFiltering - Copying 0 resource from src\main\resources to target\classes
2025-06-24 23:04:48,731 [Worker-0: Building] INFO  o.a.m.s.f.DefaultMavenResourcesFiltering - skip non existing resourceDirectory C:\Users\Shree\Desktop\FULL STACK\JRTP\01_MINI_projects\Insurance_Report_App\src\test\resources
2025-06-24 23:12:35,669 [Worker-12: Building] INFO  o.a.m.s.f.DefaultMavenResourcesFiltering - Copying 1 resource from src\main\resources to target\classes
2025-06-24 23:12:35,740 [Worker-12: Building] INFO  o.a.m.s.f.DefaultMavenResourcesFiltering - Copying 0 resource from src\main\resources to target\classes
2025-06-24 23:12:35,751 [Worker-12: Building] INFO  o.a.m.s.f.DefaultMavenResourcesFiltering - skip non existing resourceDirectory C:\Users\Shree\Desktop\FULL STACK\JRTP\01_MINI_projects\Insurance_Report_App\src\test\resources
2025-06-24 23:13:20,237 [Worker-13: Building] INFO  o.a.m.s.f.DefaultMavenResourcesFiltering - Copying 1 resource from src\main\resources to target\classes
2025-06-24 23:13:20,288 [Worker-13: Building] INFO  o.a.m.s.f.DefaultMavenResourcesFiltering - Copying 0 resource from src\main\resources to target\classes
2025-06-24 23:13:20,301 [Worker-13: Building] INFO  o.a.m.s.f.DefaultMavenResourcesFiltering - skip non existing resourceDirectory C:\Users\Shree\Desktop\FULL STACK\JRTP\01_MINI_projects\Insurance_Report_App\src\test\resources
2025-06-24 23:13:38,605 [Worker-7: Building] INFO  o.a.m.s.f.DefaultMavenResourcesFiltering - Copying 1 resource from src\main\resources to target\classes
2025-06-24 23:13:38,643 [Worker-7: Building] INFO  o.a.m.s.f.DefaultMavenResourcesFiltering - Copying 0 resource from src\main\resources to target\classes
2025-06-24 23:13:38,655 [Worker-7: Building] INFO  o.a.m.s.f.DefaultMavenResourcesFiltering - skip non existing resourceDirectory C:\Users\Shree\Desktop\FULL STACK\JRTP\01_MINI_projects\Insurance_Report_App\src\test\resources
2025-06-24 23:14:07,435 [Worker-11: Building] INFO  o.a.m.s.f.DefaultMavenResourcesFiltering - Copying 0 resource from src\main\resources to target\classes
2025-06-24 23:14:07,439 [Worker-11: Building] INFO  o.a.m.s.f.DefaultMavenResourcesFiltering - Copying 0 resource from src\main\resources to target\classes
2025-06-24 23:14:07,448 [Worker-11: Building] INFO  o.a.m.s.f.DefaultMavenResourcesFiltering - skip non existing resourceDirectory C:\Users\Shree\Desktop\FULL STACK\JRTP\01_MINI_projects\Insurance_Report_App\src\test\resources
2025-06-24 23:14:26,404 [Worker-5: Building] INFO  o.a.m.s.f.DefaultMavenResourcesFiltering - Copying 1 resource from src\main\resources to target\classes
2025-06-24 23:14:26,427 [Worker-5: Building] INFO  o.a.m.s.f.DefaultMavenResourcesFiltering - Copying 0 resource from src\main\resources to target\classes
2025-06-24 23:14:26,438 [Worker-5: Building] INFO  o.a.m.s.f.DefaultMavenResourcesFiltering - skip non existing resourceDirectory C:\Users\Shree\Desktop\FULL STACK\JRTP\01_MINI_projects\Insurance_Report_App\src\test\resources
2025-06-24 23:14:48,708 [Worker-11: Building] INFO  o.a.m.s.f.DefaultMavenResourcesFiltering - Copying 0 resource from src\main\resources to target\classes
2025-06-24 23:14:48,711 [Worker-11: Building] INFO  o.a.m.s.f.DefaultMavenResourcesFiltering - Copying 0 resource from src\main\resources to target\classes
2025-06-24 23:14:48,718 [Worker-11: Building] INFO  o.a.m.s.f.DefaultMavenResourcesFiltering - skip non existing resourceDirectory C:\Users\Shree\Desktop\FULL STACK\JRTP\01_MINI_projects\Insurance_Report_App\src\test\resources
2025-06-24 23:14:56,419 [Worker-10: Building] INFO  o.a.m.s.f.DefaultMavenResourcesFiltering - Copying 0 resource from src\main\resources to target\classes
2025-06-24 23:14:56,423 [Worker-10: Building] INFO  o.a.m.s.f.DefaultMavenResourcesFiltering - Copying 0 resource from src\main\resources to target\classes
2025-06-24 23:14:56,433 [Worker-10: Building] INFO  o.a.m.s.f.DefaultMavenResourcesFiltering - skip non existing resourceDirectory C:\Users\Shree\Desktop\FULL STACK\JRTP\01_MINI_projects\Insurance_Report_App\src\test\resources
2025-06-24 23:15:20,419 [Worker-6: Building] INFO  o.a.m.s.f.DefaultMavenResourcesFiltering - Copying 1 resource from src\main\resources to target\classes
2025-06-24 23:15:20,436 [Worker-6: Building] INFO  o.a.m.s.f.DefaultMavenResourcesFiltering - Copying 0 resource from src\main\resources to target\classes
2025-06-24 23:15:20,446 [Worker-6: Building] INFO  o.a.m.s.f.DefaultMavenResourcesFiltering - skip non existing resourceDirectory C:\Users\Shree\Desktop\FULL STACK\JRTP\01_MINI_projects\Insurance_Report_App\src\test\resources
2025-06-24 23:16:14,749 [Worker-11: Building] INFO  o.a.m.s.f.DefaultMavenResourcesFiltering - Copying 0 resource from src\main\resources to target\classes
2025-06-24 23:16:14,753 [Worker-11: Building] INFO  o.a.m.s.f.DefaultMavenResourcesFiltering - Copying 0 resource from src\main\resources to target\classes
2025-06-24 23:16:14,760 [Worker-11: Building] INFO  o.a.m.s.f.DefaultMavenResourcesFiltering - skip non existing resourceDirectory C:\Users\Shree\Desktop\FULL STACK\JRTP\01_MINI_projects\Insurance_Report_App\src\test\resources
2025-06-24 23:18:04,680 [Worker-11: Building] INFO  o.a.m.s.f.DefaultMavenResourcesFiltering - Copying 0 resource from src\main\resources to target\classes
2025-06-24 23:18:04,684 [Worker-11: Building] INFO  o.a.m.s.f.DefaultMavenResourcesFiltering - Copying 0 resource from src\main\resources to target\classes
2025-06-24 23:18:04,696 [Worker-11: Building] INFO  o.a.m.s.f.DefaultMavenResourcesFiltering - skip non existing resourceDirectory C:\Users\Shree\Desktop\FULL STACK\JRTP\01_MINI_projects\Insurance_Report_App\src\test\resources
2025-06-24 23:18:29,360 [Worker-6: Building] INFO  o.a.m.s.f.DefaultMavenResourcesFiltering - Copying 0 resource from src\main\resources to target\classes
2025-06-24 23:18:29,363 [Worker-6: Building] INFO  o.a.m.s.f.DefaultMavenResourcesFiltering - Copying 0 resource from src\main\resources to target\classes
2025-06-24 23:18:29,371 [Worker-6: Building] INFO  o.a.m.s.f.DefaultMavenResourcesFiltering - skip non existing resourceDirectory C:\Users\Shree\Desktop\FULL STACK\JRTP\01_MINI_projects\Insurance_Report_App\src\test\resources
2025-06-24 23:18:45,998 [Worker-12: Building] INFO  o.a.m.s.f.DefaultMavenResourcesFiltering - Copying 0 resource from src\main\resources to target\classes
2025-06-24 23:18:46,003 [Worker-12: Building] INFO  o.a.m.s.f.DefaultMavenResourcesFiltering - Copying 0 resource from src\main\resources to target\classes
2025-06-24 23:18:46,017 [Worker-12: Building] INFO  o.a.m.s.f.DefaultMavenResourcesFiltering - skip non existing resourceDirectory C:\Users\Shree\Desktop\FULL STACK\JRTP\01_MINI_projects\Insurance_Report_App\src\test\resources
2025-06-24 23:19:07,797 [Worker-6: Building] INFO  o.a.m.s.f.DefaultMavenResourcesFiltering - Copying 0 resource from src\main\resources to target\classes
2025-06-24 23:19:07,801 [Worker-6: Building] INFO  o.a.m.s.f.DefaultMavenResourcesFiltering - Copying 0 resource from src\main\resources to target\classes
2025-06-24 23:19:07,807 [Worker-6: Building] INFO  o.a.m.s.f.DefaultMavenResourcesFiltering - skip non existing resourceDirectory C:\Users\Shree\Desktop\FULL STACK\JRTP\01_MINI_projects\Insurance_Report_App\src\test\resources
2025-06-24 23:19:24,973 [Worker-5: Building] INFO  o.a.m.s.f.DefaultMavenResourcesFiltering - Copying 0 resource from src\main\resources to target\classes
2025-06-24 23:19:24,976 [Worker-5: Building] INFO  o.a.m.s.f.DefaultMavenResourcesFiltering - Copying 0 resource from src\main\resources to target\classes
2025-06-24 23:19:24,985 [Worker-5: Building] INFO  o.a.m.s.f.DefaultMavenResourcesFiltering - skip non existing resourceDirectory C:\Users\Shree\Desktop\FULL STACK\JRTP\01_MINI_projects\Insurance_Report_App\src\test\resources
2025-06-24 23:19:42,946 [Worker-5: Building] INFO  o.a.m.s.f.DefaultMavenResourcesFiltering - Copying 0 resource from src\main\resources to target\classes
2025-06-24 23:19:42,952 [Worker-5: Building] INFO  o.a.m.s.f.DefaultMavenResourcesFiltering - Copying 0 resource from src\main\resources to target\classes
2025-06-24 23:19:42,962 [Worker-5: Building] INFO  o.a.m.s.f.DefaultMavenResourcesFiltering - skip non existing resourceDirectory C:\Users\Shree\Desktop\FULL STACK\JRTP\01_MINI_projects\Insurance_Report_App\src\test\resources
2025-06-24 23:21:18,566 [Worker-4: Building] INFO  o.a.m.s.f.DefaultMavenResourcesFiltering - Copying 0 resource from src\main\resources to target\classes
2025-06-24 23:21:18,572 [Worker-4: Building] INFO  o.a.m.s.f.DefaultMavenResourcesFiltering - Copying 0 resource from src\main\resources to target\classes
2025-06-24 23:21:18,582 [Worker-4: Building] INFO  o.a.m.s.f.DefaultMavenResourcesFiltering - skip non existing resourceDirectory C:\Users\Shree\Desktop\FULL STACK\JRTP\01_MINI_projects\Insurance_Report_App\src\test\resources
2025-06-24 23:22:49,868 [Worker-0: Building] INFO  o.a.m.s.f.DefaultMavenResourcesFiltering - Copying 0 resource from src\main\resources to target\classes
2025-06-24 23:22:49,872 [Worker-0: Building] INFO  o.a.m.s.f.DefaultMavenResourcesFiltering - Copying 0 resource from src\main\resources to target\classes
2025-06-24 23:22:49,881 [Worker-0: Building] INFO  o.a.m.s.f.DefaultMavenResourcesFiltering - skip non existing resourceDirectory C:\Users\Shree\Desktop\FULL STACK\JRTP\01_MINI_projects\Insurance_Report_App\src\test\resources
2025-06-24 23:23:58,367 [Worker-4: Building] INFO  o.a.m.s.f.DefaultMavenResourcesFiltering - Copying 0 resource from src\main\resources to target\classes
2025-06-24 23:23:58,373 [Worker-4: Building] INFO  o.a.m.s.f.DefaultMavenResourcesFiltering - Copying 0 resource from src\main\resources to target\classes
2025-06-24 23:23:58,384 [Worker-4: Building] INFO  o.a.m.s.f.DefaultMavenResourcesFiltering - skip non existing resourceDirectory C:\Users\Shree\Desktop\FULL STACK\JRTP\01_MINI_projects\Insurance_Report_App\src\test\resources
2025-06-24 23:24:14,044 [Worker-6: Building] INFO  o.a.m.s.f.DefaultMavenResourcesFiltering - Copying 0 resource from src\main\resources to target\classes
2025-06-24 23:24:14,046 [Worker-6: Building] INFO  o.a.m.s.f.DefaultMavenResourcesFiltering - Copying 0 resource from src\main\resources to target\classes
2025-06-24 23:24:14,052 [Worker-6: Building] INFO  o.a.m.s.f.DefaultMavenResourcesFiltering - skip non existing resourceDirectory C:\Users\Shree\Desktop\FULL STACK\JRTP\01_MINI_projects\Insurance_Report_App\src\test\resources
2025-06-24 23:25:40,837 [Worker-1: Building] INFO  o.a.m.s.f.DefaultMavenResourcesFiltering - Copying 0 resource from src\main\resources to target\classes
2025-06-24 23:25:40,844 [Worker-1: Building] INFO  o.a.m.s.f.DefaultMavenResourcesFiltering - Copying 0 resource from src\main\resources to target\classes
2025-06-24 23:25:40,851 [Worker-1: Building] INFO  o.a.m.s.f.DefaultMavenResourcesFiltering - skip non existing resourceDirectory C:\Users\Shree\Desktop\FULL STACK\JRTP\01_MINI_projects\Insurance_Report_App\src\test\resources
2025-06-24 23:26:35,555 [Worker-7: Building] INFO  o.a.m.s.f.DefaultMavenResourcesFiltering - Copying 0 resource from src\main\resources to target\classes
2025-06-24 23:26:35,558 [Worker-7: Building] INFO  o.a.m.s.f.DefaultMavenResourcesFiltering - Copying 0 resource from src\main\resources to target\classes
2025-06-24 23:26:35,565 [Worker-7: Building] INFO  o.a.m.s.f.DefaultMavenResourcesFiltering - skip non existing resourceDirectory C:\Users\Shree\Desktop\FULL STACK\JRTP\01_MINI_projects\Insurance_Report_App\src\test\resources
2025-06-24 23:26:54,050 [Worker-1: Building] INFO  o.a.m.s.f.DefaultMavenResourcesFiltering - Copying 0 resource from src\main\resources to target\classes
2025-06-24 23:26:54,053 [Worker-1: Building] INFO  o.a.m.s.f.DefaultMavenResourcesFiltering - Copying 0 resource from src\main\resources to target\classes
2025-06-24 23:26:54,057 [Worker-1: Building] INFO  o.a.m.s.f.DefaultMavenResourcesFiltering - skip non existing resourceDirectory C:\Users\Shree\Desktop\FULL STACK\JRTP\01_MINI_projects\Insurance_Report_App\src\test\resources
2025-06-24 23:29:59,908 [Worker-6: Building] INFO  o.a.m.s.f.DefaultMavenResourcesFiltering - Copying 0 resource from src\main\resources to target\classes
2025-06-24 23:29:59,912 [Worker-6: Building] INFO  o.a.m.s.f.DefaultMavenResourcesFiltering - Copying 0 resource from src\main\resources to target\classes
2025-06-24 23:29:59,918 [Worker-6: Building] INFO  o.a.m.s.f.DefaultMavenResourcesFiltering - skip non existing resourceDirectory C:\Users\Shree\Desktop\FULL STACK\JRTP\01_MINI_projects\Insurance_Report_App\src\test\resources
2025-06-24 23:37:41,927 [Worker-8: Building] INFO  o.a.m.s.f.DefaultMavenResourcesFiltering - Copying 1 resource from src\main\resources to target\classes
2025-06-24 23:37:41,950 [Worker-8: Building] INFO  o.a.m.s.f.DefaultMavenResourcesFiltering - Copying 0 resource from src\main\resources to target\classes
2025-06-24 23:37:41,961 [Worker-8: Building] INFO  o.a.m.s.f.DefaultMavenResourcesFiltering - skip non existing resourceDirectory C:\Users\Shree\Desktop\FULL STACK\JRTP\01_MINI_projects\Insurance_Report_App\src\test\resources
2025-06-24 23:48:05,164 [Worker-6: Building] INFO  o.a.m.s.f.DefaultMavenResourcesFiltering - Copying 1 resource from src\main\resources to target\classes
2025-06-24 23:48:05,223 [Worker-6: Building] INFO  o.a.m.s.f.DefaultMavenResourcesFiltering - Copying 0 resource from src\main\resources to target\classes
2025-06-24 23:48:05,228 [Worker-6: Building] INFO  o.a.m.s.f.DefaultMavenResourcesFiltering - skip non existing resourceDirectory C:\Users\Shree\Desktop\FULL STACK\JRTP\01_MINI_projects\Insurance_Report_App\src\test\resources
2025-06-24 23:49:16,019 [Worker-7: Building] INFO  o.a.m.s.f.DefaultMavenResourcesFiltering - Copying 1 resource from src\main\resources to target\classes
2025-06-24 23:49:16,128 [Worker-7: Building] INFO  o.a.m.s.f.DefaultMavenResourcesFiltering - Copying 0 resource from src\main\resources to target\classes
2025-06-24 23:49:16,133 [Worker-7: Building] INFO  o.a.m.s.f.DefaultMavenResourcesFiltering - skip non existing resourceDirectory C:\Users\Shree\Desktop\FULL STACK\JRTP\01_MINI_projects\Insurance_Report_App\src\test\resources
2025-06-24 23:51:31,279 [Worker-6: Building] INFO  o.a.m.s.f.DefaultMavenResourcesFiltering - Copying 1 resource from src\main\resources to target\classes
2025-06-24 23:51:31,290 [Worker-6: Building] INFO  o.a.m.s.f.DefaultMavenResourcesFiltering - Copying 0 resource from src\main\resources to target\classes
2025-06-24 23:51:31,294 [Worker-6: Building] INFO  o.a.m.s.f.DefaultMavenResourcesFiltering - skip non existing resourceDirectory C:\Users\Shree\Desktop\FULL STACK\JRTP\01_MINI_projects\Insurance_Report_App\src\test\resources
2025-06-24 23:52:18,787 [Worker-9: Building] INFO  o.a.m.s.f.DefaultMavenResourcesFiltering - Copying 1 resource from src\main\resources to target\classes
2025-06-24 23:52:18,801 [Worker-9: Building] INFO  o.a.m.s.f.DefaultMavenResourcesFiltering - Copying 0 resource from src\main\resources to target\classes
2025-06-24 23:52:18,805 [Worker-9: Building] INFO  o.a.m.s.f.DefaultMavenResourcesFiltering - skip non existing resourceDirectory C:\Users\Shree\Desktop\FULL STACK\JRTP\01_MINI_projects\Insurance_Report_App\src\test\resources
2025-06-24 23:53:48,654 [Worker-1: Building] INFO  o.a.m.s.f.DefaultMavenResourcesFiltering - Copying 0 resource from src\main\resources to target\classes
2025-06-24 23:53:48,656 [Worker-1: Building] INFO  o.a.m.s.f.DefaultMavenResourcesFiltering - Copying 0 resource from src\main\resources to target\classes
2025-06-24 23:53:48,660 [Worker-1: Building] INFO  o.a.m.s.f.DefaultMavenResourcesFiltering - skip non existing resourceDirectory C:\Users\Shree\Desktop\FULL STACK\JRTP\01_MINI_projects\Insurance_Report_App\src\test\resources
2025-06-24 23:54:20,907 [Worker-4: Building] INFO  o.a.m.s.f.DefaultMavenResourcesFiltering - Copying 0 resource from src\main\resources to target\classes
2025-06-24 23:54:20,909 [Worker-4: Building] INFO  o.a.m.s.f.DefaultMavenResourcesFiltering - Copying 0 resource from src\main\resources to target\classes
2025-06-24 23:54:20,912 [Worker-4: Building] INFO  o.a.m.s.f.DefaultMavenResourcesFiltering - skip non existing resourceDirectory C:\Users\Shree\Desktop\FULL STACK\JRTP\01_MINI_projects\Insurance_Report_App\src\test\resources
2025-06-24 23:54:25,285 [Worker-13: Building] INFO  o.a.m.s.f.DefaultMavenResourcesFiltering - Copying 1 resource from src\main\resources to target\classes
2025-06-24 23:54:25,294 [Worker-13: Building] INFO  o.a.m.s.f.DefaultMavenResourcesFiltering - Copying 0 resource from src\main\resources to target\classes
2025-06-24 23:54:25,298 [Worker-13: Building] INFO  o.a.m.s.f.DefaultMavenResourcesFiltering - skip non existing resourceDirectory C:\Users\Shree\Desktop\FULL STACK\JRTP\01_MINI_projects\Insurance_Report_App\src\test\resources
2025-06-24 23:55:51,758 [Worker-9: Building] INFO  o.a.m.s.f.DefaultMavenResourcesFiltering - Copying 1 resource from src\main\resources to target\classes
2025-06-24 23:55:51,766 [Worker-9: Building] INFO  o.a.m.s.f.DefaultMavenResourcesFiltering - Copying 0 resource from src\main\resources to target\classes
2025-06-24 23:55:51,769 [Worker-9: Building] INFO  o.a.m.s.f.DefaultMavenResourcesFiltering - skip non existing resourceDirectory C:\Users\Shree\Desktop\FULL STACK\JRTP\01_MINI_projects\Insurance_Report_App\src\test\resources
2025-06-25 00:00:04,703 [Worker-0: Building] INFO  o.a.m.s.f.DefaultMavenResourcesFiltering - Copying 1 resource from src\main\resources to target\classes
2025-06-25 00:00:04,718 [Worker-0: Building] INFO  o.a.m.s.f.DefaultMavenResourcesFiltering - Copying 0 resource from src\main\resources to target\classes
2025-06-25 00:00:04,723 [Worker-0: Building] INFO  o.a.m.s.f.DefaultMavenResourcesFiltering - skip non existing resourceDirectory C:\Users\Shree\Desktop\FULL STACK\JRTP\01_MINI_projects\Insurance_Report_App\src\test\resources
2025-06-25 00:02:53,195 [Worker-4: Building] INFO  o.a.m.s.f.DefaultMavenResourcesFiltering - Copying 0 resource from src\main\resources to target\classes
2025-06-25 00:02:53,197 [Worker-4: Building] INFO  o.a.m.s.f.DefaultMavenResourcesFiltering - Copying 0 resource from src\main\resources to target\classes
2025-06-25 00:02:53,203 [Worker-4: Building] INFO  o.a.m.s.f.DefaultMavenResourcesFiltering - skip non existing resourceDirectory C:\Users\Shree\Desktop\FULL STACK\JRTP\01_MINI_projects\Insurance_Report_App\src\test\resources
2025-06-25 00:03:26,076 [Worker-0: Building] INFO  o.a.m.s.f.DefaultMavenResourcesFiltering - Copying 0 resource from src\main\resources to target\classes
2025-06-25 00:03:26,079 [Worker-0: Building] INFO  o.a.m.s.f.DefaultMavenResourcesFiltering - Copying 0 resource from src\main\resources to target\classes
2025-06-25 00:03:26,085 [Worker-0: Building] INFO  o.a.m.s.f.DefaultMavenResourcesFiltering - skip non existing resourceDirectory C:\Users\Shree\Desktop\FULL STACK\JRTP\01_MINI_projects\Insurance_Report_App\src\test\resources
2025-06-25 00:03:56,005 [Worker-5: Building] INFO  o.a.m.s.f.DefaultMavenResourcesFiltering - Copying 0 resource from src\main\resources to target\classes
2025-06-25 00:03:56,007 [Worker-5: Building] INFO  o.a.m.s.f.DefaultMavenResourcesFiltering - Copying 0 resource from src\main\resources to target\classes
2025-06-25 00:03:56,011 [Worker-5: Building] INFO  o.a.m.s.f.DefaultMavenResourcesFiltering - skip non existing resourceDirectory C:\Users\Shree\Desktop\FULL STACK\JRTP\01_MINI_projects\Insurance_Report_App\src\test\resources
2025-06-25 00:10:19,970 [Worker-0: Building] INFO  o.a.m.s.f.DefaultMavenResourcesFiltering - Copying 1 resource from src\main\resources to target\classes
2025-06-25 00:10:19,989 [Worker-0: Building] INFO  o.a.m.s.f.DefaultMavenResourcesFiltering - Copying 0 resource from src\main\resources to target\classes
2025-06-25 00:10:20,004 [Worker-0: Building] INFO  o.a.m.s.f.DefaultMavenResourcesFiltering - skip non existing resourceDirectory C:\Users\Shree\Desktop\FULL STACK\JRTP\01_MINI_projects\Insurance_Report_App\src\test\resources
2025-06-25 00:12:23,976 [Worker-11: Building] INFO  o.a.m.s.f.DefaultMavenResourcesFiltering - Copying 1 resource from src\main\resources to target\classes
2025-06-25 00:12:23,993 [Worker-11: Building] INFO  o.a.m.s.f.DefaultMavenResourcesFiltering - Copying 0 resource from src\main\resources to target\classes
2025-06-25 00:12:24,003 [Worker-11: Building] INFO  o.a.m.s.f.DefaultMavenResourcesFiltering - skip non existing resourceDirectory C:\Users\Shree\Desktop\FULL STACK\JRTP\01_MINI_projects\Insurance_Report_App\src\test\resources
2025-06-25 00:12:27,934 [Worker-1: Building] INFO  o.a.m.s.f.DefaultMavenResourcesFiltering - Copying 0 resource from src\main\resources to target\classes
2025-06-25 00:12:27,937 [Worker-1: Building] INFO  o.a.m.s.f.DefaultMavenResourcesFiltering - Copying 0 resource from src\main\resources to target\classes
2025-06-25 00:12:27,947 [Worker-1: Building] INFO  o.a.m.s.f.DefaultMavenResourcesFiltering - skip non existing resourceDirectory C:\Users\Shree\Desktop\FULL STACK\JRTP\01_MINI_projects\Insurance_Report_App\src\test\resources
2025-06-25 00:17:31,320 [Worker-13: Building] INFO  o.a.m.s.f.DefaultMavenResourcesFiltering - Copying 1 resource from src\main\resources to target\classes
2025-06-25 00:17:31,366 [Worker-13: Building] INFO  o.a.m.s.f.DefaultMavenResourcesFiltering - Copying 0 resource from src\main\resources to target\classes
2025-06-25 00:17:31,372 [Worker-13: Building] INFO  o.a.m.s.f.DefaultMavenResourcesFiltering - skip non existing resourceDirectory C:\Users\Shree\Desktop\FULL STACK\JRTP\01_MINI_projects\Insurance_Report_App\src\test\resources
2025-06-25 00:20:40,750 [Worker-11: Building] INFO  o.a.m.s.f.DefaultMavenResourcesFiltering - Copying 1 resource from src\main\resources to target\classes
2025-06-25 00:20:40,812 [Worker-11: Building] INFO  o.a.m.s.f.DefaultMavenResourcesFiltering - Copying 0 resource from src\main\resources to target\classes
2025-06-25 00:20:40,820 [Worker-11: Building] INFO  o.a.m.s.f.DefaultMavenResourcesFiltering - skip non existing resourceDirectory C:\Users\Shree\Desktop\FULL STACK\JRTP\01_MINI_projects\Insurance_Report_App\src\test\resources
2025-06-25 09:56:16,157 [Worker-4: Loading available Gradle versions] INFO  o.e.b.c.i.u.g.PublishedGradleVersions - Gradle version information cache is up-to-date. Trying to read.
2025-06-25 09:56:38,373 [Worker-6: Building] INFO  o.a.m.s.f.DefaultMavenResourcesFiltering - Copying 1 resource from src\main\resources to target\classes
2025-06-25 09:56:38,491 [Worker-6: Building] INFO  o.a.m.s.f.DefaultMavenResourcesFiltering - Copying 0 resource from src\main\resources to target\classes
2025-06-25 09:56:38,621 [Worker-6: Building] INFO  o.a.m.s.f.DefaultMavenResourcesFiltering - skip non existing resourceDirectory C:\Users\Shree\Desktop\FULL STACK\JRTP\01_MINI_projects\Insurance_Report_App\src\test\resources
2025-06-25 10:14:47,441 [Worker-3: Building] INFO  o.a.m.s.f.DefaultMavenResourcesFiltering - Copying 1 resource from src\main\resources to target\classes
2025-06-25 10:14:47,523 [Worker-3: Building] INFO  o.a.m.s.f.DefaultMavenResourcesFiltering - Copying 0 resource from src\main\resources to target\classes
2025-06-25 10:14:47,537 [Worker-3: Building] INFO  o.a.m.s.f.DefaultMavenResourcesFiltering - skip non existing resourceDirectory C:\Users\Shree\Desktop\FULL STACK\JRTP\01_MINI_projects\Insurance_Report_App\src\test\resources
2025-06-25 10:21:56,289 [Worker-6: Building] INFO  o.a.m.s.f.DefaultMavenResourcesFiltering - Copying 1 resource from src\main\resources to target\classes
2025-06-25 10:21:56,308 [Worker-6: Building] INFO  o.a.m.s.f.DefaultMavenResourcesFiltering - Copying 0 resource from src\main\resources to target\classes
2025-06-25 10:21:56,315 [Worker-6: Building] INFO  o.a.m.s.f.DefaultMavenResourcesFiltering - skip non existing resourceDirectory C:\Users\Shree\Desktop\FULL STACK\JRTP\01_MINI_projects\Insurance_Report_App\src\test\resources
2025-06-25 10:23:51,021 [Worker-10: Building] INFO  o.a.m.s.f.DefaultMavenResourcesFiltering - Copying 1 resource from src\main\resources to target\classes
2025-06-25 10:23:51,067 [Worker-10: Building] INFO  o.a.m.s.f.DefaultMavenResourcesFiltering - Copying 0 resource from src\main\resources to target\classes
2025-06-25 10:23:51,078 [Worker-10: Building] INFO  o.a.m.s.f.DefaultMavenResourcesFiltering - skip non existing resourceDirectory C:\Users\Shree\Desktop\FULL STACK\JRTP\01_MINI_projects\Insurance_Report_App\src\test\resources
2025-06-25 10:27:57,349 [Worker-3: Building] INFO  o.a.m.s.f.DefaultMavenResourcesFiltering - Copying 0 resource from src\main\resources to target\classes
2025-06-25 10:27:57,353 [Worker-3: Building] INFO  o.a.m.s.f.DefaultMavenResourcesFiltering - Copying 0 resource from src\main\resources to target\classes
2025-06-25 10:27:57,363 [Worker-3: Building] INFO  o.a.m.s.f.DefaultMavenResourcesFiltering - skip non existing resourceDirectory C:\Users\Shree\Desktop\FULL STACK\JRTP\01_MINI_projects\Insurance_Report_App\src\test\resources
2025-06-25 10:28:06,301 [Worker-3: Building] INFO  o.a.m.s.f.DefaultMavenResourcesFiltering - Copying 0 resource from src\main\resources to target\classes
2025-06-25 10:28:06,304 [Worker-3: Building] INFO  o.a.m.s.f.DefaultMavenResourcesFiltering - Copying 0 resource from src\main\resources to target\classes
2025-06-25 10:28:06,310 [Worker-3: Building] INFO  o.a.m.s.f.DefaultMavenResourcesFiltering - skip non existing resourceDirectory C:\Users\Shree\Desktop\FULL STACK\JRTP\01_MINI_projects\Insurance_Report_App\src\test\resources
2025-06-25 10:28:41,677 [Worker-3: Updating Maven Project] INFO  o.e.m.c.i.p.ProjectConfigurationManager - Update started
2025-06-25 10:28:43,475 [Worker-3: Updating Maven Project] INFO  o.e.m.c.i.l.LifecycleMappingFactory - Using org.maven.ide.eclipse.wtp.WarLifecycleMapping lifecycle mapping for MavenProject: com.example:01_ReportsApp:0.0.1-SNAPSHOT @ C:\Users\Shree\Desktop\FULL STACK\JRTP\01_MINI_projects\Insurance_Report_App\pom.xml.
2025-06-25 10:28:46,359 [Worker-3: Updating Maven Project] INFO  o.e.m.j.i.AbstractJavaProjectConfigurator - Adding source folder /Insurance_Report_App/src/main/java
2025-06-25 10:28:46,365 [Worker-3: Updating Maven Project] INFO  o.e.m.j.i.AbstractJavaProjectConfigurator - Adding resource folder /Insurance_Report_App/src/main/resources
2025-06-25 10:28:46,368 [Worker-3: Updating Maven Project] INFO  o.e.m.j.i.AbstractJavaProjectConfigurator - Adding resource folder /Insurance_Report_App/src/main/resources
2025-06-25 10:28:46,370 [Worker-3: Updating Maven Project] INFO  o.e.m.j.i.AbstractJavaProjectConfigurator - Adding source folder /Insurance_Report_App/src/test/java
2025-06-25 10:28:46,372 [Worker-3: Updating Maven Project] INFO  o.e.m.j.i.AbstractJavaProjectConfigurator - Adding resource folder /Insurance_Report_App/src/test/resources
2025-06-25 10:28:48,339 [Worker-3: Updating Maven Project] INFO  o.e.m.w.i.f.ResourceFilteringBuildParticipant - Cleaning filtered folder for Insurance_Report_App
2025-06-25 10:28:48,404 [Worker-3: Updating Maven Project] INFO  o.e.m.c.i.p.ProjectConfigurationManager - Update completed for 1 poms: local refresh takes 0.00 sec, refresh facades takes 4.00 sec, update config takes 2.00 sec 
2025-06-25 10:28:49,227 [Worker-12: Building] INFO  o.a.m.s.f.DefaultMavenResourcesFiltering - Copying 1 resource from src\main\resources to target\classes
2025-06-25 10:28:49,271 [Worker-12: Building] INFO  o.a.m.s.f.DefaultMavenResourcesFiltering - Copying 0 resource from src\main\resources to target\classes
2025-06-25 10:28:49,281 [Worker-12: Building] INFO  o.a.m.s.f.DefaultMavenResourcesFiltering - skip non existing resourceDirectory C:\Users\Shree\Desktop\FULL STACK\JRTP\01_MINI_projects\Insurance_Report_App\src\test\resources
2025-06-25 10:28:49,282 [Worker-12: Building] INFO  o.e.m.w.i.f.ResourceFilteringBuildParticipant - Changed resources require a complete clean of filtered resources of Insurance_Report_App
2025-06-25 10:28:49,283 [Worker-12: Building] INFO  o.e.m.w.i.f.ResourceFilteringBuildParticipant - Executing resource filtering for Insurance_Report_App
2025-06-25 10:30:33,475 [Worker-10: Building] INFO  o.a.m.s.f.DefaultMavenResourcesFiltering - Copying 1 resource from src\main\resources to target\classes
2025-06-25 10:30:33,495 [Worker-10: Building] INFO  o.a.m.s.f.DefaultMavenResourcesFiltering - Copying 0 resource from src\main\resources to target\classes
2025-06-25 10:30:33,504 [Worker-10: Building] INFO  o.a.m.s.f.DefaultMavenResourcesFiltering - skip non existing resourceDirectory C:\Users\Shree\Desktop\FULL STACK\JRTP\01_MINI_projects\Insurance_Report_App\src\test\resources
2025-06-25 10:34:10,199 [Worker-5: Building] INFO  o.a.m.s.f.DefaultMavenResourcesFiltering - Copying 1 resource from src\main\resources to target\classes
2025-06-25 10:34:10,260 [Worker-5: Building] INFO  o.a.m.s.f.DefaultMavenResourcesFiltering - Copying 0 resource from src\main\resources to target\classes
2025-06-25 10:34:10,267 [Worker-5: Building] INFO  o.a.m.s.f.DefaultMavenResourcesFiltering - skip non existing resourceDirectory C:\Users\Shree\Desktop\FULL STACK\JRTP\01_MINI_projects\Insurance_Report_App\src\test\resources
2025-06-25 10:35:18,917 [Worker-4: Building] INFO  o.a.m.s.f.DefaultMavenResourcesFiltering - Copying 0 resource from src\main\resources to target\classes
2025-06-25 10:35:18,919 [Worker-4: Building] INFO  o.a.m.s.f.DefaultMavenResourcesFiltering - Copying 0 resource from src\main\resources to target\classes
2025-06-25 10:35:18,923 [Worker-4: Building] INFO  o.a.m.s.f.DefaultMavenResourcesFiltering - skip non existing resourceDirectory C:\Users\Shree\Desktop\FULL STACK\JRTP\01_MINI_projects\Insurance_Report_App\src\test\resources
2025-06-25 10:36:35,533 [Worker-10: Building] INFO  o.a.m.s.f.DefaultMavenResourcesFiltering - Copying 1 resource from src\main\resources to target\classes
2025-06-25 10:36:35,547 [Worker-10: Building] INFO  o.a.m.s.f.DefaultMavenResourcesFiltering - Copying 0 resource from src\main\resources to target\classes
2025-06-25 10:36:35,553 [Worker-10: Building] INFO  o.a.m.s.f.DefaultMavenResourcesFiltering - skip non existing resourceDirectory C:\Users\Shree\Desktop\FULL STACK\JRTP\01_MINI_projects\Insurance_Report_App\src\test\resources
2025-06-25 10:38:37,016 [Worker-5: Building] INFO  o.a.m.s.f.DefaultMavenResourcesFiltering - Copying 1 resource from src\main\resources to target\classes
2025-06-25 10:38:37,031 [Worker-5: Building] INFO  o.a.m.s.f.DefaultMavenResourcesFiltering - Copying 0 resource from src\main\resources to target\classes
2025-06-25 10:38:37,036 [Worker-5: Building] INFO  o.a.m.s.f.DefaultMavenResourcesFiltering - skip non existing resourceDirectory C:\Users\Shree\Desktop\FULL STACK\JRTP\01_MINI_projects\Insurance_Report_App\src\test\resources
2025-06-25 10:38:56,495 [Worker-5: Building] INFO  o.a.m.s.f.DefaultMavenResourcesFiltering - Copying 1 resource from src\main\resources to target\classes
2025-06-25 10:38:56,505 [Worker-5: Building] INFO  o.a.m.s.f.DefaultMavenResourcesFiltering - Copying 0 resource from src\main\resources to target\classes
2025-06-25 10:38:56,509 [Worker-5: Building] INFO  o.a.m.s.f.DefaultMavenResourcesFiltering - skip non existing resourceDirectory C:\Users\Shree\Desktop\FULL STACK\JRTP\01_MINI_projects\Insurance_Report_App\src\test\resources
2025-06-25 10:39:31,972 [Worker-5: Building] INFO  o.a.m.s.f.DefaultMavenResourcesFiltering - Copying 0 resource from src\main\resources to target\classes
2025-06-25 10:39:31,974 [Worker-5: Building] INFO  o.a.m.s.f.DefaultMavenResourcesFiltering - Copying 0 resource from src\main\resources to target\classes
2025-06-25 10:39:31,978 [Worker-5: Building] INFO  o.a.m.s.f.DefaultMavenResourcesFiltering - skip non existing resourceDirectory C:\Users\Shree\Desktop\FULL STACK\JRTP\01_MINI_projects\Insurance_Report_App\src\test\resources
2025-06-25 10:40:42,018 [Worker-6: Building] INFO  o.a.m.s.f.DefaultMavenResourcesFiltering - Copying 1 resource from src\main\resources to target\classes
2025-06-25 10:40:42,029 [Worker-6: Building] INFO  o.a.m.s.f.DefaultMavenResourcesFiltering - Copying 0 resource from src\main\resources to target\classes
2025-06-25 10:40:42,033 [Worker-6: Building] INFO  o.a.m.s.f.DefaultMavenResourcesFiltering - skip non existing resourceDirectory C:\Users\Shree\Desktop\FULL STACK\JRTP\01_MINI_projects\Insurance_Report_App\src\test\resources
2025-06-25 10:42:02,514 [Worker-5: Launching Insurance_Report_App - InsuranceReportAppApplication] INFO  o.a.m.s.f.DefaultMavenResourcesFiltering - Copying 1 resource from src\main\resources to target\classes
2025-06-25 10:42:02,525 [Worker-5: Launching Insurance_Report_App - InsuranceReportAppApplication] INFO  o.a.m.s.f.DefaultMavenResourcesFiltering - Copying 0 resource from src\main\resources to target\classes
2025-06-25 10:42:02,531 [Worker-5: Launching Insurance_Report_App - InsuranceReportAppApplication] INFO  o.a.m.s.f.DefaultMavenResourcesFiltering - skip non existing resourceDirectory C:\Users\Shree\Desktop\FULL STACK\JRTP\01_MINI_projects\Insurance_Report_App\src\test\resources
2025-06-25 10:52:54,678 [Worker-10: Building] INFO  o.e.m.c.i.l.LifecycleMappingFactory - Using org.maven.ide.eclipse.wtp.WarLifecycleMapping lifecycle mapping for MavenProject: com.example:01_ReportsApp:0.0.1-SNAPSHOT @ C:\Users\Shree\Desktop\FULL STACK\JRTP\01_MINI_projects\Insurance_Report_App\pom.xml.
2025-06-25 10:52:57,967 [Worker-6: Updating Maven Dependencies] INFO  o.e.m.c.i.l.LifecycleMappingFactory - Using org.maven.ide.eclipse.wtp.WarLifecycleMapping lifecycle mapping for MavenProject: com.example:01_ReportsApp:0.0.1-SNAPSHOT @ C:\Users\Shree\Desktop\FULL STACK\JRTP\01_MINI_projects\Insurance_Report_App\pom.xml.
2025-06-25 10:55:15,310 [Worker-5: Loading available Gradle versions] INFO  o.e.b.c.i.u.g.PublishedGradleVersions - Gradle version information cache is up-to-date. Trying to read.
2025-06-25 10:55:43,414 [Worker-5: Launching Executing clean in C__Users_Shree_Desktop_FULL STACK_JRTP_01_MINI_projects_Insurance_Report_App] INFO  o.eclipse.m2e.core.internal.Bundles - getClasspathEntries(Bundle=org.eclipse.m2e.maven.runtime_3.9.900.20240824-1409 [364])
2025-06-25 10:55:43,420 [Worker-5: Launching Executing clean in C__Users_Shree_Desktop_FULL STACK_JRTP_01_MINI_projects_Insurance_Report_App] INFO  o.eclipse.m2e.core.internal.Bundles - 	Entry: C:\IDE\spring-tool-suite-4-4.27.0.RELEASE-e4.34.0-win32.win32.x86_64\sts-4.27.0.RELEASE\plugins\org.eclipse.m2e.maven.runtime_3.9.900.20240824-1409
2025-06-25 10:55:43,422 [Worker-5: Launching Executing clean in C__Users_Shree_Desktop_FULL STACK_JRTP_01_MINI_projects_Insurance_Report_App] INFO  o.eclipse.m2e.core.internal.Bundles - 	Entry: C:\IDE\spring-tool-suite-4-4.27.0.RELEASE-e4.34.0-win32.win32.x86_64\sts-4.27.0.RELEASE\plugins\org.eclipse.m2e.maven.runtime_3.9.900.20240824-1409\jars\aopalliance-1.0.jar
2025-06-25 10:55:43,423 [Worker-5: Launching Executing clean in C__Users_Shree_Desktop_FULL STACK_JRTP_01_MINI_projects_Insurance_Report_App] INFO  o.eclipse.m2e.core.internal.Bundles - 	Entry: C:\IDE\spring-tool-suite-4-4.27.0.RELEASE-e4.34.0-win32.win32.x86_64\sts-4.27.0.RELEASE\plugins\org.eclipse.m2e.maven.runtime_3.9.900.20240824-1409\jars\guice-5.1.0.jar
2025-06-25 10:55:43,426 [Worker-5: Launching Executing clean in C__Users_Shree_Desktop_FULL STACK_JRTP_01_MINI_projects_Insurance_Report_App] INFO  o.eclipse.m2e.core.internal.Bundles - 	Entry: C:\IDE\spring-tool-suite-4-4.27.0.RELEASE-e4.34.0-win32.win32.x86_64\sts-4.27.0.RELEASE\plugins\org.eclipse.m2e.maven.runtime_3.9.900.20240824-1409\jars\httpclient-4.5.14.jar
2025-06-25 10:55:43,427 [Worker-5: Launching Executing clean in C__Users_Shree_Desktop_FULL STACK_JRTP_01_MINI_projects_Insurance_Report_App] INFO  o.eclipse.m2e.core.internal.Bundles - 	Entry: C:\IDE\spring-tool-suite-4-4.27.0.RELEASE-e4.34.0-win32.win32.x86_64\sts-4.27.0.RELEASE\plugins\org.eclipse.m2e.maven.runtime_3.9.900.20240824-1409\jars\httpcore-4.4.16.jar
2025-06-25 10:55:43,428 [Worker-5: Launching Executing clean in C__Users_Shree_Desktop_FULL STACK_JRTP_01_MINI_projects_Insurance_Report_App] INFO  o.eclipse.m2e.core.internal.Bundles - 	Entry: C:\IDE\spring-tool-suite-4-4.27.0.RELEASE-e4.34.0-win32.win32.x86_64\sts-4.27.0.RELEASE\plugins\org.eclipse.m2e.maven.runtime_3.9.900.20240824-1409\jars\jansi-2.4.1.jar
2025-06-25 10:55:43,429 [Worker-5: Launching Executing clean in C__Users_Shree_Desktop_FULL STACK_JRTP_01_MINI_projects_Insurance_Report_App] INFO  o.eclipse.m2e.core.internal.Bundles - 	Entry: C:\IDE\spring-tool-suite-4-4.27.0.RELEASE-e4.34.0-win32.win32.x86_64\sts-4.27.0.RELEASE\plugins\org.eclipse.m2e.maven.runtime_3.9.900.20240824-1409\jars\jcl-over-slf4j-1.7.36.jar
2025-06-25 10:55:43,430 [Worker-5: Launching Executing clean in C__Users_Shree_Desktop_FULL STACK_JRTP_01_MINI_projects_Insurance_Report_App] INFO  o.eclipse.m2e.core.internal.Bundles - 	Entry: C:\IDE\spring-tool-suite-4-4.27.0.RELEASE-e4.34.0-win32.win32.x86_64\sts-4.27.0.RELEASE\plugins\org.eclipse.m2e.maven.runtime_3.9.900.20240824-1409\jars\maven-artifact-3.9.9.jar
2025-06-25 10:55:43,431 [Worker-5: Launching Executing clean in C__Users_Shree_Desktop_FULL STACK_JRTP_01_MINI_projects_Insurance_Report_App] INFO  o.eclipse.m2e.core.internal.Bundles - 	Entry: C:\IDE\spring-tool-suite-4-4.27.0.RELEASE-e4.34.0-win32.win32.x86_64\sts-4.27.0.RELEASE\plugins\org.eclipse.m2e.maven.runtime_3.9.900.20240824-1409\jars\maven-builder-support-3.9.9.jar
2025-06-25 10:55:43,432 [Worker-5: Launching Executing clean in C__Users_Shree_Desktop_FULL STACK_JRTP_01_MINI_projects_Insurance_Report_App] INFO  o.eclipse.m2e.core.internal.Bundles - 	Entry: C:\IDE\spring-tool-suite-4-4.27.0.RELEASE-e4.34.0-win32.win32.x86_64\sts-4.27.0.RELEASE\plugins\org.eclipse.m2e.maven.runtime_3.9.900.20240824-1409\jars\maven-compat-3.9.9.jar
2025-06-25 10:55:43,433 [Worker-5: Launching Executing clean in C__Users_Shree_Desktop_FULL STACK_JRTP_01_MINI_projects_Insurance_Report_App] INFO  o.eclipse.m2e.core.internal.Bundles - 	Entry: C:\IDE\spring-tool-suite-4-4.27.0.RELEASE-e4.34.0-win32.win32.x86_64\sts-4.27.0.RELEASE\plugins\org.eclipse.m2e.maven.runtime_3.9.900.20240824-1409\jars\maven-core-3.9.9.jar
2025-06-25 10:55:43,433 [Worker-5: Launching Executing clean in C__Users_Shree_Desktop_FULL STACK_JRTP_01_MINI_projects_Insurance_Report_App] INFO  o.eclipse.m2e.core.internal.Bundles - 	Entry: C:\IDE\spring-tool-suite-4-4.27.0.RELEASE-e4.34.0-win32.win32.x86_64\sts-4.27.0.RELEASE\plugins\org.eclipse.m2e.maven.runtime_3.9.900.20240824-1409\jars\maven-embedder-3.9.9.jar
2025-06-25 10:55:43,434 [Worker-5: Launching Executing clean in C__Users_Shree_Desktop_FULL STACK_JRTP_01_MINI_projects_Insurance_Report_App] INFO  o.eclipse.m2e.core.internal.Bundles - 	Entry: C:\IDE\spring-tool-suite-4-4.27.0.RELEASE-e4.34.0-win32.win32.x86_64\sts-4.27.0.RELEASE\plugins\org.eclipse.m2e.maven.runtime_3.9.900.20240824-1409\jars\maven-model-3.9.9.jar
2025-06-25 10:55:43,435 [Worker-5: Launching Executing clean in C__Users_Shree_Desktop_FULL STACK_JRTP_01_MINI_projects_Insurance_Report_App] INFO  o.eclipse.m2e.core.internal.Bundles - 	Entry: C:\IDE\spring-tool-suite-4-4.27.0.RELEASE-e4.34.0-win32.win32.x86_64\sts-4.27.0.RELEASE\plugins\org.eclipse.m2e.maven.runtime_3.9.900.20240824-1409\jars\maven-model-builder-3.9.9.jar
2025-06-25 10:55:43,436 [Worker-5: Launching Executing clean in C__Users_Shree_Desktop_FULL STACK_JRTP_01_MINI_projects_Insurance_Report_App] INFO  o.eclipse.m2e.core.internal.Bundles - 	Entry: C:\IDE\spring-tool-suite-4-4.27.0.RELEASE-e4.34.0-win32.win32.x86_64\sts-4.27.0.RELEASE\plugins\org.eclipse.m2e.maven.runtime_3.9.900.20240824-1409\jars\maven-plugin-api-3.9.9.jar
2025-06-25 10:55:43,437 [Worker-5: Launching Executing clean in C__Users_Shree_Desktop_FULL STACK_JRTP_01_MINI_projects_Insurance_Report_App] INFO  o.eclipse.m2e.core.internal.Bundles - 	Entry: C:\IDE\spring-tool-suite-4-4.27.0.RELEASE-e4.34.0-win32.win32.x86_64\sts-4.27.0.RELEASE\plugins\org.eclipse.m2e.maven.runtime_3.9.900.20240824-1409\jars\maven-repository-metadata-3.9.9.jar
2025-06-25 10:55:43,437 [Worker-5: Launching Executing clean in C__Users_Shree_Desktop_FULL STACK_JRTP_01_MINI_projects_Insurance_Report_App] INFO  o.eclipse.m2e.core.internal.Bundles - 	Entry: C:\IDE\spring-tool-suite-4-4.27.0.RELEASE-e4.34.0-win32.win32.x86_64\sts-4.27.0.RELEASE\plugins\org.eclipse.m2e.maven.runtime_3.9.900.20240824-1409\jars\maven-resolver-api-1.9.22.jar
2025-06-25 10:55:43,438 [Worker-5: Launching Executing clean in C__Users_Shree_Desktop_FULL STACK_JRTP_01_MINI_projects_Insurance_Report_App] INFO  o.eclipse.m2e.core.internal.Bundles - 	Entry: C:\IDE\spring-tool-suite-4-4.27.0.RELEASE-e4.34.0-win32.win32.x86_64\sts-4.27.0.RELEASE\plugins\org.eclipse.m2e.maven.runtime_3.9.900.20240824-1409\jars\maven-resolver-connector-basic-1.9.22.jar
2025-06-25 10:55:43,438 [Worker-5: Launching Executing clean in C__Users_Shree_Desktop_FULL STACK_JRTP_01_MINI_projects_Insurance_Report_App] INFO  o.eclipse.m2e.core.internal.Bundles - 	Entry: C:\IDE\spring-tool-suite-4-4.27.0.RELEASE-e4.34.0-win32.win32.x86_64\sts-4.27.0.RELEASE\plugins\org.eclipse.m2e.maven.runtime_3.9.900.20240824-1409\jars\maven-resolver-impl-1.9.22.jar
2025-06-25 10:55:43,439 [Worker-5: Launching Executing clean in C__Users_Shree_Desktop_FULL STACK_JRTP_01_MINI_projects_Insurance_Report_App] INFO  o.eclipse.m2e.core.internal.Bundles - 	Entry: C:\IDE\spring-tool-suite-4-4.27.0.RELEASE-e4.34.0-win32.win32.x86_64\sts-4.27.0.RELEASE\plugins\org.eclipse.m2e.maven.runtime_3.9.900.20240824-1409\jars\maven-resolver-named-locks-1.9.22.jar
2025-06-25 10:55:43,440 [Worker-5: Launching Executing clean in C__Users_Shree_Desktop_FULL STACK_JRTP_01_MINI_projects_Insurance_Report_App] INFO  o.eclipse.m2e.core.internal.Bundles - 	Entry: C:\IDE\spring-tool-suite-4-4.27.0.RELEASE-e4.34.0-win32.win32.x86_64\sts-4.27.0.RELEASE\plugins\org.eclipse.m2e.maven.runtime_3.9.900.20240824-1409\jars\maven-resolver-provider-3.9.9.jar
2025-06-25 10:55:43,440 [Worker-5: Launching Executing clean in C__Users_Shree_Desktop_FULL STACK_JRTP_01_MINI_projects_Insurance_Report_App] INFO  o.eclipse.m2e.core.internal.Bundles - 	Entry: C:\IDE\spring-tool-suite-4-4.27.0.RELEASE-e4.34.0-win32.win32.x86_64\sts-4.27.0.RELEASE\plugins\org.eclipse.m2e.maven.runtime_3.9.900.20240824-1409\jars\maven-resolver-spi-1.9.22.jar
2025-06-25 10:55:43,440 [Worker-5: Launching Executing clean in C__Users_Shree_Desktop_FULL STACK_JRTP_01_MINI_projects_Insurance_Report_App] INFO  o.eclipse.m2e.core.internal.Bundles - 	Entry: C:\IDE\spring-tool-suite-4-4.27.0.RELEASE-e4.34.0-win32.win32.x86_64\sts-4.27.0.RELEASE\plugins\org.eclipse.m2e.maven.runtime_3.9.900.20240824-1409\jars\maven-resolver-transport-file-1.9.22.jar
2025-06-25 10:55:43,441 [Worker-5: Launching Executing clean in C__Users_Shree_Desktop_FULL STACK_JRTP_01_MINI_projects_Insurance_Report_App] INFO  o.eclipse.m2e.core.internal.Bundles - 	Entry: C:\IDE\spring-tool-suite-4-4.27.0.RELEASE-e4.34.0-win32.win32.x86_64\sts-4.27.0.RELEASE\plugins\org.eclipse.m2e.maven.runtime_3.9.900.20240824-1409\jars\maven-resolver-transport-http-1.9.22.jar
2025-06-25 10:55:43,441 [Worker-5: Launching Executing clean in C__Users_Shree_Desktop_FULL STACK_JRTP_01_MINI_projects_Insurance_Report_App] INFO  o.eclipse.m2e.core.internal.Bundles - 	Entry: C:\IDE\spring-tool-suite-4-4.27.0.RELEASE-e4.34.0-win32.win32.x86_64\sts-4.27.0.RELEASE\plugins\org.eclipse.m2e.maven.runtime_3.9.900.20240824-1409\jars\maven-resolver-transport-wagon-1.9.22.jar
2025-06-25 10:55:43,441 [Worker-5: Launching Executing clean in C__Users_Shree_Desktop_FULL STACK_JRTP_01_MINI_projects_Insurance_Report_App] INFO  o.eclipse.m2e.core.internal.Bundles - 	Entry: C:\IDE\spring-tool-suite-4-4.27.0.RELEASE-e4.34.0-win32.win32.x86_64\sts-4.27.0.RELEASE\plugins\org.eclipse.m2e.maven.runtime_3.9.900.20240824-1409\jars\maven-resolver-util-1.9.22.jar
2025-06-25 10:55:43,442 [Worker-5: Launching Executing clean in C__Users_Shree_Desktop_FULL STACK_JRTP_01_MINI_projects_Insurance_Report_App] INFO  o.eclipse.m2e.core.internal.Bundles - 	Entry: C:\IDE\spring-tool-suite-4-4.27.0.RELEASE-e4.34.0-win32.win32.x86_64\sts-4.27.0.RELEASE\plugins\org.eclipse.m2e.maven.runtime_3.9.900.20240824-1409\jars\maven-settings-3.9.9.jar
2025-06-25 10:55:43,442 [Worker-5: Launching Executing clean in C__Users_Shree_Desktop_FULL STACK_JRTP_01_MINI_projects_Insurance_Report_App] INFO  o.eclipse.m2e.core.internal.Bundles - 	Entry: C:\IDE\spring-tool-suite-4-4.27.0.RELEASE-e4.34.0-win32.win32.x86_64\sts-4.27.0.RELEASE\plugins\org.eclipse.m2e.maven.runtime_3.9.900.20240824-1409\jars\maven-settings-builder-3.9.9.jar
2025-06-25 10:55:43,442 [Worker-5: Launching Executing clean in C__Users_Shree_Desktop_FULL STACK_JRTP_01_MINI_projects_Insurance_Report_App] INFO  o.eclipse.m2e.core.internal.Bundles - 	Entry: C:\IDE\spring-tool-suite-4-4.27.0.RELEASE-e4.34.0-win32.win32.x86_64\sts-4.27.0.RELEASE\plugins\org.eclipse.m2e.maven.runtime_3.9.900.20240824-1409\jars\maven-shared-utils-3.4.2.jar
2025-06-25 10:55:43,443 [Worker-5: Launching Executing clean in C__Users_Shree_Desktop_FULL STACK_JRTP_01_MINI_projects_Insurance_Report_App] INFO  o.eclipse.m2e.core.internal.Bundles - 	Entry: C:\IDE\spring-tool-suite-4-4.27.0.RELEASE-e4.34.0-win32.win32.x86_64\sts-4.27.0.RELEASE\plugins\org.eclipse.m2e.maven.runtime_3.9.900.20240824-1409\jars\org.eclipse.sisu.inject-0.9.0.M3.jar
2025-06-25 10:55:43,443 [Worker-5: Launching Executing clean in C__Users_Shree_Desktop_FULL STACK_JRTP_01_MINI_projects_Insurance_Report_App] INFO  o.eclipse.m2e.core.internal.Bundles - 	Entry: C:\IDE\spring-tool-suite-4-4.27.0.RELEASE-e4.34.0-win32.win32.x86_64\sts-4.27.0.RELEASE\plugins\org.eclipse.m2e.maven.runtime_3.9.900.20240824-1409\jars\org.eclipse.sisu.plexus-0.9.0.M3.jar
2025-06-25 10:55:43,444 [Worker-5: Launching Executing clean in C__Users_Shree_Desktop_FULL STACK_JRTP_01_MINI_projects_Insurance_Report_App] INFO  o.eclipse.m2e.core.internal.Bundles - 	Entry: C:\IDE\spring-tool-suite-4-4.27.0.RELEASE-e4.34.0-win32.win32.x86_64\sts-4.27.0.RELEASE\plugins\org.eclipse.m2e.maven.runtime_3.9.900.20240824-1409\jars\plexus-build-api-0.0.7.jar
2025-06-25 10:55:43,444 [Worker-5: Launching Executing clean in C__Users_Shree_Desktop_FULL STACK_JRTP_01_MINI_projects_Insurance_Report_App] INFO  o.eclipse.m2e.core.internal.Bundles - 	Entry: C:\IDE\spring-tool-suite-4-4.27.0.RELEASE-e4.34.0-win32.win32.x86_64\sts-4.27.0.RELEASE\plugins\org.eclipse.m2e.maven.runtime_3.9.900.20240824-1409\jars\plexus-build-api-1.2.0.jar
2025-06-25 10:55:43,445 [Worker-5: Launching Executing clean in C__Users_Shree_Desktop_FULL STACK_JRTP_01_MINI_projects_Insurance_Report_App] INFO  o.eclipse.m2e.core.internal.Bundles - 	Entry: C:\IDE\spring-tool-suite-4-4.27.0.RELEASE-e4.34.0-win32.win32.x86_64\sts-4.27.0.RELEASE\plugins\org.eclipse.m2e.maven.runtime_3.9.900.20240824-1409\jars\plexus-cipher-2.0.jar
2025-06-25 10:55:43,445 [Worker-5: Launching Executing clean in C__Users_Shree_Desktop_FULL STACK_JRTP_01_MINI_projects_Insurance_Report_App] INFO  o.eclipse.m2e.core.internal.Bundles - 	Entry: C:\IDE\spring-tool-suite-4-4.27.0.RELEASE-e4.34.0-win32.win32.x86_64\sts-4.27.0.RELEASE\plugins\org.eclipse.m2e.maven.runtime_3.9.900.20240824-1409\jars\plexus-classworlds-2.8.0.jar
2025-06-25 10:55:43,445 [Worker-5: Launching Executing clean in C__Users_Shree_Desktop_FULL STACK_JRTP_01_MINI_projects_Insurance_Report_App] INFO  o.eclipse.m2e.core.internal.Bundles - 	Entry: C:\IDE\spring-tool-suite-4-4.27.0.RELEASE-e4.34.0-win32.win32.x86_64\sts-4.27.0.RELEASE\plugins\org.eclipse.m2e.maven.runtime_3.9.900.20240824-1409\jars\plexus-component-annotations-2.1.0.jar
2025-06-25 10:55:43,446 [Worker-5: Launching Executing clean in C__Users_Shree_Desktop_FULL STACK_JRTP_01_MINI_projects_Insurance_Report_App] INFO  o.eclipse.m2e.core.internal.Bundles - 	Entry: C:\IDE\spring-tool-suite-4-4.27.0.RELEASE-e4.34.0-win32.win32.x86_64\sts-4.27.0.RELEASE\plugins\org.eclipse.m2e.maven.runtime_3.9.900.20240824-1409\jars\plexus-interpolation-1.27.jar
2025-06-25 10:55:43,446 [Worker-5: Launching Executing clean in C__Users_Shree_Desktop_FULL STACK_JRTP_01_MINI_projects_Insurance_Report_App] INFO  o.eclipse.m2e.core.internal.Bundles - 	Entry: C:\IDE\spring-tool-suite-4-4.27.0.RELEASE-e4.34.0-win32.win32.x86_64\sts-4.27.0.RELEASE\plugins\org.eclipse.m2e.maven.runtime_3.9.900.20240824-1409\jars\plexus-sec-dispatcher-2.0.jar
2025-06-25 10:55:43,447 [Worker-5: Launching Executing clean in C__Users_Shree_Desktop_FULL STACK_JRTP_01_MINI_projects_Insurance_Report_App] INFO  o.eclipse.m2e.core.internal.Bundles - 	Entry: C:\IDE\spring-tool-suite-4-4.27.0.RELEASE-e4.34.0-win32.win32.x86_64\sts-4.27.0.RELEASE\plugins\org.eclipse.m2e.maven.runtime_3.9.900.20240824-1409\jars\plexus-utils-3.5.1.jar
2025-06-25 10:55:43,447 [Worker-5: Launching Executing clean in C__Users_Shree_Desktop_FULL STACK_JRTP_01_MINI_projects_Insurance_Report_App] INFO  o.eclipse.m2e.core.internal.Bundles - 	Entry: C:\IDE\spring-tool-suite-4-4.27.0.RELEASE-e4.34.0-win32.win32.x86_64\sts-4.27.0.RELEASE\plugins\org.eclipse.m2e.maven.runtime_3.9.900.20240824-1409\jars\plexus-xml-3.0.1.jar
2025-06-25 10:55:43,448 [Worker-5: Launching Executing clean in C__Users_Shree_Desktop_FULL STACK_JRTP_01_MINI_projects_Insurance_Report_App] INFO  o.eclipse.m2e.core.internal.Bundles - 	Entry: C:\IDE\spring-tool-suite-4-4.27.0.RELEASE-e4.34.0-win32.win32.x86_64\sts-4.27.0.RELEASE\plugins\org.eclipse.m2e.maven.runtime_3.9.900.20240824-1409\jars\wagon-file-3.5.3.jar
2025-06-25 10:55:43,449 [Worker-5: Launching Executing clean in C__Users_Shree_Desktop_FULL STACK_JRTP_01_MINI_projects_Insurance_Report_App] INFO  o.eclipse.m2e.core.internal.Bundles - 	Entry: C:\IDE\spring-tool-suite-4-4.27.0.RELEASE-e4.34.0-win32.win32.x86_64\sts-4.27.0.RELEASE\plugins\org.eclipse.m2e.maven.runtime_3.9.900.20240824-1409\jars\wagon-http-3.5.3.jar
2025-06-25 10:55:43,449 [Worker-5: Launching Executing clean in C__Users_Shree_Desktop_FULL STACK_JRTP_01_MINI_projects_Insurance_Report_App] INFO  o.eclipse.m2e.core.internal.Bundles - 	Entry: C:\IDE\spring-tool-suite-4-4.27.0.RELEASE-e4.34.0-win32.win32.x86_64\sts-4.27.0.RELEASE\plugins\org.eclipse.m2e.maven.runtime_3.9.900.20240824-1409\jars\wagon-http-shared-3.5.3.jar
2025-06-25 10:55:43,450 [Worker-5: Launching Executing clean in C__Users_Shree_Desktop_FULL STACK_JRTP_01_MINI_projects_Insurance_Report_App] INFO  o.eclipse.m2e.core.internal.Bundles - 	Entry: C:\IDE\spring-tool-suite-4-4.27.0.RELEASE-e4.34.0-win32.win32.x86_64\sts-4.27.0.RELEASE\plugins\org.eclipse.m2e.maven.runtime_3.9.900.20240824-1409\jars\wagon-provider-api-3.5.3.jar
2025-06-25 10:55:43,453 [Worker-5: Launching Executing clean in C__Users_Shree_Desktop_FULL STACK_JRTP_01_MINI_projects_Insurance_Report_App] INFO  o.eclipse.m2e.core.internal.Bundles - getClasspathEntries(Bundle=com.google.guava_33.4.0.jre [621])
2025-06-25 10:55:43,454 [Worker-5: Launching Executing clean in C__Users_Shree_Desktop_FULL STACK_JRTP_01_MINI_projects_Insurance_Report_App] INFO  o.eclipse.m2e.core.internal.Bundles - 	Entry: C:\IDE\spring-tool-suite-4-4.27.0.RELEASE-e4.34.0-win32.win32.x86_64\sts-4.27.0.RELEASE\plugins\com.google.guava_33.4.0.jre.jar
2025-06-25 10:55:43,454 [Worker-5: Launching Executing clean in C__Users_Shree_Desktop_FULL STACK_JRTP_01_MINI_projects_Insurance_Report_App] INFO  o.eclipse.m2e.core.internal.Bundles - getClasspathEntries(Bundle=slf4j.api_2.0.16 [615])
2025-06-25 10:55:43,454 [Worker-5: Launching Executing clean in C__Users_Shree_Desktop_FULL STACK_JRTP_01_MINI_projects_Insurance_Report_App] INFO  o.eclipse.m2e.core.internal.Bundles - 	Entry: C:\IDE\spring-tool-suite-4-4.27.0.RELEASE-e4.34.0-win32.win32.x86_64\sts-4.27.0.RELEASE\plugins\slf4j.api_2.0.16.jar
2025-06-25 10:55:43,456 [Worker-5: Launching Executing clean in C__Users_Shree_Desktop_FULL STACK_JRTP_01_MINI_projects_Insurance_Report_App] INFO  o.eclipse.m2e.core.internal.Bundles - getClasspathEntries(Bundle=jakarta.inject.jakarta.inject-api_1.0.5 [45])
2025-06-25 10:55:43,456 [Worker-5: Launching Executing clean in C__Users_Shree_Desktop_FULL STACK_JRTP_01_MINI_projects_Insurance_Report_App] INFO  o.eclipse.m2e.core.internal.Bundles - 	Entry: C:\IDE\spring-tool-suite-4-4.27.0.RELEASE-e4.34.0-win32.win32.x86_64\sts-4.27.0.RELEASE\plugins\jakarta.inject.jakarta.inject-api_1.0.5.jar
2025-06-25 10:55:43,457 [Worker-5: Launching Executing clean in C__Users_Shree_Desktop_FULL STACK_JRTP_01_MINI_projects_Insurance_Report_App] INFO  o.eclipse.m2e.core.internal.Bundles - getClasspathEntries(Bundle=jakarta.annotation-api_1.3.5 [41])
2025-06-25 10:55:43,458 [Worker-5: Launching Executing clean in C__Users_Shree_Desktop_FULL STACK_JRTP_01_MINI_projects_Insurance_Report_App] INFO  o.eclipse.m2e.core.internal.Bundles - 	Entry: C:\IDE\spring-tool-suite-4-4.27.0.RELEASE-e4.34.0-win32.win32.x86_64\sts-4.27.0.RELEASE\plugins\jakarta.annotation-api_1.3.5.jar
2025-06-25 10:55:43,458 [Worker-5: Launching Executing clean in C__Users_Shree_Desktop_FULL STACK_JRTP_01_MINI_projects_Insurance_Report_App] INFO  o.eclipse.m2e.core.internal.Bundles - getClasspathEntries(Bundle=org.apache.commons.cli_1.9.0 [78])
2025-06-25 10:55:43,459 [Worker-5: Launching Executing clean in C__Users_Shree_Desktop_FULL STACK_JRTP_01_MINI_projects_Insurance_Report_App] INFO  o.eclipse.m2e.core.internal.Bundles - 	Entry: C:\IDE\spring-tool-suite-4-4.27.0.RELEASE-e4.34.0-win32.win32.x86_64\sts-4.27.0.RELEASE\plugins\org.apache.commons.cli_1.9.0.jar
2025-06-25 10:55:43,459 [Worker-5: Launching Executing clean in C__Users_Shree_Desktop_FULL STACK_JRTP_01_MINI_projects_Insurance_Report_App] INFO  o.eclipse.m2e.core.internal.Bundles - getClasspathEntries(Bundle=org.apache.commons.commons-codec_1.16.0 [81])
2025-06-25 10:55:43,460 [Worker-5: Launching Executing clean in C__Users_Shree_Desktop_FULL STACK_JRTP_01_MINI_projects_Insurance_Report_App] INFO  o.eclipse.m2e.core.internal.Bundles - 	Entry: C:\IDE\spring-tool-suite-4-4.27.0.RELEASE-e4.34.0-win32.win32.x86_64\sts-4.27.0.RELEASE\plugins\org.apache.commons.commons-codec_1.16.0.jar
2025-06-25 10:55:43,460 [Worker-5: Launching Executing clean in C__Users_Shree_Desktop_FULL STACK_JRTP_01_MINI_projects_Insurance_Report_App] INFO  o.eclipse.m2e.core.internal.Bundles - getClasspathEntries(Bundle=com.google.guava.failureaccess_1.0.2 [30])
2025-06-25 10:55:43,461 [Worker-5: Launching Executing clean in C__Users_Shree_Desktop_FULL STACK_JRTP_01_MINI_projects_Insurance_Report_App] INFO  o.eclipse.m2e.core.internal.Bundles - 	Entry: C:\IDE\spring-tool-suite-4-4.27.0.RELEASE-e4.34.0-win32.win32.x86_64\sts-4.27.0.RELEASE\plugins\com.google.guava.failureaccess_1.0.2.jar
2025-06-25 10:55:43,482 [Worker-5: Launching Executing clean in C__Users_Shree_Desktop_FULL STACK_JRTP_01_MINI_projects_Insurance_Report_App] INFO  o.e.m.i.launch.MavenLaunchDelegate - Run build in "C:\Users\Shree\Desktop\FULL STACK\JRTP\01_MINI_projects\Insurance_Report_App":
2025-06-25 10:55:43,489 [Worker-5: Launching Executing clean in C__Users_Shree_Desktop_FULL STACK_JRTP_01_MINI_projects_Insurance_Report_App] INFO  o.e.m.i.launch.MavenLaunchDelegate -  mvn  -Ppom.xml -B -Dstyle.color=always clean
2025-06-25 10:55:43,490 [Worker-5: Launching Executing clean in C__Users_Shree_Desktop_FULL STACK_JRTP_01_MINI_projects_Insurance_Report_App] WARN  o.e.m.i.l.MavenLaunchExtensionsSupport - Unknown or unsupported source locator org.eclipse.jdt.internal.launching.sourcelookup.advanced.AdvancedSourceLookupDirector
2025-06-25 10:55:51,746 [Worker-5: Building] INFO  o.a.m.s.f.DefaultMavenResourcesFiltering - Copying 1 resource from src\main\resources to target\classes
2025-06-25 10:55:51,773 [Worker-5: Building] INFO  o.a.m.s.f.DefaultMavenResourcesFiltering - Copying 0 resource from src\main\resources to target\classes
2025-06-25 10:55:51,783 [Worker-5: Building] INFO  o.a.m.s.f.DefaultMavenResourcesFiltering - skip non existing resourceDirectory C:\Users\Shree\Desktop\FULL STACK\JRTP\01_MINI_projects\Insurance_Report_App\src\test\resources
2025-06-25 10:55:51,793 [Worker-5: Building] INFO  o.e.m.w.i.f.ResourceFilteringBuildParticipant - Changed resources require a complete clean of filtered resources of Insurance_Report_App
2025-06-25 10:55:51,794 [Worker-5: Building] INFO  o.e.m.w.i.f.ResourceFilteringBuildParticipant - Executing resource filtering for Insurance_Report_App
2025-06-25 11:10:49,860 [Worker-4: Loading available Gradle versions] INFO  o.e.b.c.i.u.g.PublishedGradleVersions - Gradle version information cache is up-to-date. Trying to read.
2025-06-25 11:13:36,082 [Worker-10: Updating Maven Project] INFO  o.e.m.c.i.p.ProjectConfigurationManager - Update started
2025-06-25 11:13:37,854 [Worker-10: Updating Maven Project] INFO  o.e.m.c.i.l.LifecycleMappingFactory - Using org.maven.ide.eclipse.wtp.WarLifecycleMapping lifecycle mapping for MavenProject: com.example:01_ReportsApp:0.0.1-SNAPSHOT @ C:\Users\Shree\Desktop\FULL STACK\JRTP\01_MINI_projects\Insurance_Report_App\pom.xml.
2025-06-25 11:13:41,799 [Worker-10: Updating Maven Project] INFO  o.e.m.j.i.AbstractJavaProjectConfigurator - Adding source folder /Insurance_Report_App/src/main/java
2025-06-25 11:13:41,804 [Worker-10: Updating Maven Project] INFO  o.e.m.j.i.AbstractJavaProjectConfigurator - Adding resource folder /Insurance_Report_App/src/main/resources
2025-06-25 11:13:41,807 [Worker-10: Updating Maven Project] INFO  o.e.m.j.i.AbstractJavaProjectConfigurator - Adding resource folder /Insurance_Report_App/src/main/resources
2025-06-25 11:13:41,809 [Worker-10: Updating Maven Project] INFO  o.e.m.j.i.AbstractJavaProjectConfigurator - Adding source folder /Insurance_Report_App/src/test/java
2025-06-25 11:13:41,812 [Worker-10: Updating Maven Project] INFO  o.e.m.j.i.AbstractJavaProjectConfigurator - Adding resource folder /Insurance_Report_App/src/test/resources
2025-06-25 11:13:45,349 [Worker-10: Updating Maven Project] INFO  o.e.m.w.i.f.ResourceFilteringBuildParticipant - Cleaning filtered folder for Insurance_Report_App
2025-06-25 11:13:45,456 [Worker-10: Updating Maven Project] INFO  o.e.m.c.i.p.ProjectConfigurationManager - Update completed for 1 poms: local refresh takes 0.00 sec, refresh facades takes 5.00 sec, update config takes 2.00 sec 
2025-06-25 11:13:46,814 [Worker-5: Building] INFO  o.a.m.s.f.DefaultMavenResourcesFiltering - Copying 1 resource from src\main\resources to target\classes
2025-06-25 11:13:46,854 [Worker-5: Building] INFO  o.a.m.s.f.DefaultMavenResourcesFiltering - Copying 0 resource from src\main\resources to target\classes
2025-06-25 11:13:46,864 [Worker-5: Building] INFO  o.a.m.s.f.DefaultMavenResourcesFiltering - skip non existing resourceDirectory C:\Users\Shree\Desktop\FULL STACK\JRTP\01_MINI_projects\Insurance_Report_App\src\test\resources
2025-06-25 11:13:46,866 [Worker-5: Building] INFO  o.e.m.w.i.f.ResourceFilteringBuildParticipant - Changed resources require a complete clean of filtered resources of Insurance_Report_App
2025-06-25 11:13:46,868 [Worker-5: Building] INFO  o.e.m.w.i.f.ResourceFilteringBuildParticipant - Executing resource filtering for Insurance_Report_App
2025-06-25 11:14:44,546 [Worker-0: Cleaning all projects] INFO  o.e.m.w.i.f.ResourceFilteringBuildParticipant - Cleaning filtered folder for Insurance_Report_App
2025-06-25 11:14:45,088 [Worker-8: Building] INFO  o.a.m.s.f.DefaultMavenResourcesFiltering - Copying 1 resource from src\main\resources to target\classes
2025-06-25 11:14:45,095 [Worker-8: Building] INFO  o.a.m.s.f.DefaultMavenResourcesFiltering - Copying 0 resource from src\main\resources to target\classes
2025-06-25 11:14:45,102 [Worker-8: Building] INFO  o.a.m.s.f.DefaultMavenResourcesFiltering - skip non existing resourceDirectory C:\Users\Shree\Desktop\FULL STACK\JRTP\01_MINI_projects\Insurance_Report_App\src\test\resources
2025-06-25 11:14:45,103 [Worker-8: Building] INFO  o.e.m.w.i.f.ResourceFilteringBuildParticipant - Changed resources require a complete clean of filtered resources of Insurance_Report_App
2025-06-25 11:14:45,103 [Worker-8: Building] INFO  o.e.m.w.i.f.ResourceFilteringBuildParticipant - Executing resource filtering for Insurance_Report_App
2025-06-25 11:26:42,819 [Worker-7: Building] INFO  o.a.m.s.f.DefaultMavenResourcesFiltering - Copying 1 resource from src\main\resources to target\classes
2025-06-25 11:26:42,935 [Worker-7: Building] INFO  o.a.m.s.f.DefaultMavenResourcesFiltering - Copying 0 resource from src\main\resources to target\classes
2025-06-25 11:26:42,942 [Worker-7: Building] INFO  o.a.m.s.f.DefaultMavenResourcesFiltering - skip non existing resourceDirectory C:\Users\Shree\Desktop\FULL STACK\JRTP\01_MINI_projects\Insurance_Report_App\src\test\resources
2025-06-25 11:29:11,345 [Worker-13: Building] INFO  o.a.m.s.f.DefaultMavenResourcesFiltering - Copying 0 resource from src\main\resources to target\classes
2025-06-25 11:29:11,348 [Worker-13: Building] INFO  o.a.m.s.f.DefaultMavenResourcesFiltering - Copying 0 resource from src\main\resources to target\classes
2025-06-25 11:29:11,356 [Worker-13: Building] INFO  o.a.m.s.f.DefaultMavenResourcesFiltering - skip non existing resourceDirectory C:\Users\Shree\Desktop\FULL STACK\JRTP\01_MINI_projects\Insurance_Report_App\src\test\resources
2025-06-25 11:30:24,442 [Worker-14: Building] INFO  o.a.m.s.f.DefaultMavenResourcesFiltering - Copying 1 resource from src\main\resources to target\classes
2025-06-25 11:30:24,464 [Worker-14: Building] INFO  o.a.m.s.f.DefaultMavenResourcesFiltering - Copying 0 resource from src\main\resources to target\classes
2025-06-25 11:30:24,473 [Worker-14: Building] INFO  o.a.m.s.f.DefaultMavenResourcesFiltering - skip non existing resourceDirectory C:\Users\Shree\Desktop\FULL STACK\JRTP\01_MINI_projects\Insurance_Report_App\src\test\resources
2025-06-25 12:27:47,057 [Worker-13: Building] INFO  o.a.m.s.f.DefaultMavenResourcesFiltering - Copying 1 resource from src\main\resources to target\classes
2025-06-25 12:27:47,141 [Worker-13: Building] INFO  o.a.m.s.f.DefaultMavenResourcesFiltering - Copying 0 resource from src\main\resources to target\classes
2025-06-25 12:27:47,147 [Worker-13: Building] INFO  o.a.m.s.f.DefaultMavenResourcesFiltering - skip non existing resourceDirectory C:\Users\Shree\Desktop\FULL STACK\JRTP\01_MINI_projects\Insurance_Report_App\src\test\resources
2025-06-25 12:29:31,753 [Worker-6: Building] INFO  o.a.m.s.f.DefaultMavenResourcesFiltering - Copying 1 resource from src\main\resources to target\classes
2025-06-25 12:29:31,765 [Worker-6: Building] INFO  o.a.m.s.f.DefaultMavenResourcesFiltering - Copying 0 resource from src\main\resources to target\classes
2025-06-25 12:29:31,772 [Worker-6: Building] INFO  o.a.m.s.f.DefaultMavenResourcesFiltering - skip non existing resourceDirectory C:\Users\Shree\Desktop\FULL STACK\JRTP\01_MINI_projects\Insurance_Report_App\src\test\resources
2025-06-25 12:29:44,029 [Worker-4: Building] INFO  o.a.m.s.f.DefaultMavenResourcesFiltering - Copying 1 resource from src\main\resources to target\classes
2025-06-25 12:29:44,041 [Worker-4: Building] INFO  o.a.m.s.f.DefaultMavenResourcesFiltering - Copying 0 resource from src\main\resources to target\classes
2025-06-25 12:29:44,046 [Worker-4: Building] INFO  o.a.m.s.f.DefaultMavenResourcesFiltering - skip non existing resourceDirectory C:\Users\Shree\Desktop\FULL STACK\JRTP\01_MINI_projects\Insurance_Report_App\src\test\resources
2025-06-25 12:30:03,518 [Worker-16: Building] INFO  o.a.m.s.f.DefaultMavenResourcesFiltering - Copying 1 resource from src\main\resources to target\classes
2025-06-25 12:30:03,532 [Worker-16: Building] INFO  o.a.m.s.f.DefaultMavenResourcesFiltering - Copying 0 resource from src\main\resources to target\classes
2025-06-25 12:30:03,540 [Worker-16: Building] INFO  o.a.m.s.f.DefaultMavenResourcesFiltering - skip non existing resourceDirectory C:\Users\Shree\Desktop\FULL STACK\JRTP\01_MINI_projects\Insurance_Report_App\src\test\resources
2025-06-25 13:01:25,450 [Worker-11: Building] INFO  o.a.m.s.f.DefaultMavenResourcesFiltering - Copying 1 resource from src\main\resources to target\classes
2025-06-25 13:01:25,494 [Worker-11: Building] INFO  o.a.m.s.f.DefaultMavenResourcesFiltering - Copying 0 resource from src\main\resources to target\classes
2025-06-25 13:01:25,502 [Worker-11: Building] INFO  o.a.m.s.f.DefaultMavenResourcesFiltering - skip non existing resourceDirectory C:\Users\Shree\Desktop\FULL STACK\JRTP\01_MINI_projects\Insurance_Report_App\src\test\resources
2025-06-25 18:48:32,342 [Worker-21: Building] INFO  o.a.m.s.f.DefaultMavenResourcesFiltering - Copying 0 resource from src\main\resources to target\classes
2025-06-25 18:48:32,346 [Worker-21: Building] INFO  o.a.m.s.f.DefaultMavenResourcesFiltering - Copying 0 resource from src\main\resources to target\classes
2025-06-25 18:48:32,355 [Worker-21: Building] INFO  o.a.m.s.f.DefaultMavenResourcesFiltering - skip non existing resourceDirectory C:\Users\Shree\Desktop\FULL STACK\JRTP\01_MINI_projects\Insurance_Report_App\src\test\resources
2025-06-25 19:00:26,628 [Worker-23: Building] INFO  o.a.m.s.f.DefaultMavenResourcesFiltering - Copying 1 resource from src\main\resources to target\classes
2025-06-25 19:00:26,810 [Worker-23: Building] INFO  o.a.m.s.f.DefaultMavenResourcesFiltering - Copying 0 resource from src\main\resources to target\classes
2025-06-25 19:00:26,867 [Worker-23: Building] INFO  o.a.m.s.f.DefaultMavenResourcesFiltering - skip non existing resourceDirectory C:\Users\Shree\Desktop\FULL STACK\JRTP\01_MINI_projects\Insurance_Report_App\src\test\resources
2025-06-25 19:00:57,633 [Worker-23: Building] INFO  o.a.m.s.f.DefaultMavenResourcesFiltering - Copying 1 resource from src\main\resources to target\classes
2025-06-25 19:00:57,648 [Worker-23: Building] INFO  o.a.m.s.f.DefaultMavenResourcesFiltering - Copying 0 resource from src\main\resources to target\classes
2025-06-25 19:00:57,655 [Worker-23: Building] INFO  o.a.m.s.f.DefaultMavenResourcesFiltering - skip non existing resourceDirectory C:\Users\Shree\Desktop\FULL STACK\JRTP\01_MINI_projects\Insurance_Report_App\src\test\resources
2025-06-25 19:03:08,597 [Worker-23: Building] INFO  o.a.m.s.f.DefaultMavenResourcesFiltering - Copying 1 resource from src\main\resources to target\classes
2025-06-25 19:03:08,610 [Worker-23: Building] INFO  o.a.m.s.f.DefaultMavenResourcesFiltering - Copying 0 resource from src\main\resources to target\classes
2025-06-25 19:03:08,616 [Worker-23: Building] INFO  o.a.m.s.f.DefaultMavenResourcesFiltering - skip non existing resourceDirectory C:\Users\Shree\Desktop\FULL STACK\JRTP\01_MINI_projects\Insurance_Report_App\src\test\resources
2025-06-25 19:03:18,562 [Worker-23: Building] INFO  o.a.m.s.f.DefaultMavenResourcesFiltering - Copying 1 resource from src\main\resources to target\classes
2025-06-25 19:03:18,572 [Worker-23: Building] INFO  o.a.m.s.f.DefaultMavenResourcesFiltering - Copying 0 resource from src\main\resources to target\classes
2025-06-25 19:03:18,575 [Worker-23: Building] INFO  o.a.m.s.f.DefaultMavenResourcesFiltering - skip non existing resourceDirectory C:\Users\Shree\Desktop\FULL STACK\JRTP\01_MINI_projects\Insurance_Report_App\src\test\resources
2025-06-25 19:07:35,783 [Worker-23: Building] INFO  o.a.m.s.f.DefaultMavenResourcesFiltering - Copying 1 resource from src\main\resources to target\classes
2025-06-25 19:07:35,800 [Worker-23: Building] INFO  o.a.m.s.f.DefaultMavenResourcesFiltering - Copying 0 resource from src\main\resources to target\classes
2025-06-25 19:07:35,805 [Worker-23: Building] INFO  o.a.m.s.f.DefaultMavenResourcesFiltering - skip non existing resourceDirectory C:\Users\Shree\Desktop\FULL STACK\JRTP\01_MINI_projects\Insurance_Report_App\src\test\resources
2025-06-25 19:08:24,147 [Worker-24: Building] INFO  o.a.m.s.f.DefaultMavenResourcesFiltering - Copying 1 resource from src\main\resources to target\classes
2025-06-25 19:08:24,161 [Worker-24: Building] INFO  o.a.m.s.f.DefaultMavenResourcesFiltering - Copying 0 resource from src\main\resources to target\classes
2025-06-25 19:08:24,166 [Worker-24: Building] INFO  o.a.m.s.f.DefaultMavenResourcesFiltering - skip non existing resourceDirectory C:\Users\Shree\Desktop\FULL STACK\JRTP\01_MINI_projects\Insurance_Report_App\src\test\resources
2025-06-25 19:11:14,674 [Worker-5: Building] INFO  o.a.m.s.f.DefaultMavenResourcesFiltering - Copying 0 resource from src\main\resources to target\classes
2025-06-25 19:11:14,679 [Worker-5: Building] INFO  o.a.m.s.f.DefaultMavenResourcesFiltering - Copying 0 resource from src\main\resources to target\classes
2025-06-25 19:11:14,686 [Worker-5: Building] INFO  o.a.m.s.f.DefaultMavenResourcesFiltering - skip non existing resourceDirectory C:\Users\Shree\Desktop\FULL STACK\JRTP\01_MINI_projects\Insurance_Report_App\src\test\resources
2025-06-25 19:11:22,511 [Worker-22: Building] INFO  o.a.m.s.f.DefaultMavenResourcesFiltering - Copying 1 resource from src\main\resources to target\classes
2025-06-25 19:11:22,531 [Worker-22: Building] INFO  o.a.m.s.f.DefaultMavenResourcesFiltering - Copying 0 resource from src\main\resources to target\classes
2025-06-25 19:11:22,539 [Worker-22: Building] INFO  o.a.m.s.f.DefaultMavenResourcesFiltering - skip non existing resourceDirectory C:\Users\Shree\Desktop\FULL STACK\JRTP\01_MINI_projects\Insurance_Report_App\src\test\resources
2025-06-25 19:14:03,780 [Worker-21: Building] INFO  o.a.m.s.f.DefaultMavenResourcesFiltering - Copying 1 resource from src\main\resources to target\classes
2025-06-25 19:14:03,790 [Worker-21: Building] INFO  o.a.m.s.f.DefaultMavenResourcesFiltering - Copying 0 resource from src\main\resources to target\classes
2025-06-25 19:14:03,794 [Worker-21: Building] INFO  o.a.m.s.f.DefaultMavenResourcesFiltering - skip non existing resourceDirectory C:\Users\Shree\Desktop\FULL STACK\JRTP\01_MINI_projects\Insurance_Report_App\src\test\resources
2025-06-25 19:14:42,969 [Worker-24: Building] INFO  o.a.m.s.f.DefaultMavenResourcesFiltering - Copying 1 resource from src\main\resources to target\classes
2025-06-25 19:14:42,979 [Worker-24: Building] INFO  o.a.m.s.f.DefaultMavenResourcesFiltering - Copying 0 resource from src\main\resources to target\classes
2025-06-25 19:14:42,984 [Worker-24: Building] INFO  o.a.m.s.f.DefaultMavenResourcesFiltering - skip non existing resourceDirectory C:\Users\Shree\Desktop\FULL STACK\JRTP\01_MINI_projects\Insurance_Report_App\src\test\resources
2025-06-25 19:14:54,739 [Worker-24: Building] INFO  o.a.m.s.f.DefaultMavenResourcesFiltering - Copying 0 resource from src\main\resources to target\classes
2025-06-25 19:14:54,742 [Worker-24: Building] INFO  o.a.m.s.f.DefaultMavenResourcesFiltering - Copying 0 resource from src\main\resources to target\classes
2025-06-25 19:14:54,747 [Worker-24: Building] INFO  o.a.m.s.f.DefaultMavenResourcesFiltering - skip non existing resourceDirectory C:\Users\Shree\Desktop\FULL STACK\JRTP\01_MINI_projects\Insurance_Report_App\src\test\resources
2025-06-25 19:15:15,505 [Worker-23: Building] INFO  o.a.m.s.f.DefaultMavenResourcesFiltering - Copying 0 resource from src\main\resources to target\classes
2025-06-25 19:15:15,508 [Worker-23: Building] INFO  o.a.m.s.f.DefaultMavenResourcesFiltering - Copying 0 resource from src\main\resources to target\classes
2025-06-25 19:15:15,512 [Worker-23: Building] INFO  o.a.m.s.f.DefaultMavenResourcesFiltering - skip non existing resourceDirectory C:\Users\Shree\Desktop\FULL STACK\JRTP\01_MINI_projects\Insurance_Report_App\src\test\resources
2025-06-25 19:28:39,592 [Worker-24: Building] INFO  o.a.m.s.f.DefaultMavenResourcesFiltering - Copying 0 resource from src\main\resources to target\classes
2025-06-25 19:28:39,595 [Worker-24: Building] INFO  o.a.m.s.f.DefaultMavenResourcesFiltering - Copying 0 resource from src\main\resources to target\classes
2025-06-25 19:28:39,602 [Worker-24: Building] INFO  o.a.m.s.f.DefaultMavenResourcesFiltering - skip non existing resourceDirectory C:\Users\Shree\Desktop\FULL STACK\JRTP\01_MINI_projects\Insurance_Report_App\src\test\resources
2025-06-25 19:28:46,916 [Worker-22: Building] INFO  o.a.m.s.f.DefaultMavenResourcesFiltering - Copying 1 resource from src\main\resources to target\classes
2025-06-25 19:28:46,982 [Worker-22: Building] INFO  o.a.m.s.f.DefaultMavenResourcesFiltering - Copying 0 resource from src\main\resources to target\classes
2025-06-25 19:28:46,988 [Worker-22: Building] INFO  o.a.m.s.f.DefaultMavenResourcesFiltering - skip non existing resourceDirectory C:\Users\Shree\Desktop\FULL STACK\JRTP\01_MINI_projects\Insurance_Report_App\src\test\resources
2025-06-25 19:28:49,571 [Worker-22: Building] INFO  o.a.m.s.f.DefaultMavenResourcesFiltering - Copying 1 resource from src\main\resources to target\classes
2025-06-25 19:28:49,590 [Worker-22: Building] INFO  o.a.m.s.f.DefaultMavenResourcesFiltering - Copying 0 resource from src\main\resources to target\classes
2025-06-25 19:28:49,598 [Worker-22: Building] INFO  o.a.m.s.f.DefaultMavenResourcesFiltering - skip non existing resourceDirectory C:\Users\Shree\Desktop\FULL STACK\JRTP\01_MINI_projects\Insurance_Report_App\src\test\resources
2025-06-25 19:29:55,071 [Worker-19: Building] INFO  o.a.m.s.f.DefaultMavenResourcesFiltering - Copying 0 resource from src\main\resources to target\classes
2025-06-25 19:29:55,073 [Worker-19: Building] INFO  o.a.m.s.f.DefaultMavenResourcesFiltering - Copying 0 resource from src\main\resources to target\classes
2025-06-25 19:29:55,078 [Worker-19: Building] INFO  o.a.m.s.f.DefaultMavenResourcesFiltering - skip non existing resourceDirectory C:\Users\Shree\Desktop\FULL STACK\JRTP\01_MINI_projects\Insurance_Report_App\src\test\resources
2025-06-25 19:30:15,235 [Worker-19: Building] INFO  o.a.m.s.f.DefaultMavenResourcesFiltering - Copying 0 resource from src\main\resources to target\classes
2025-06-25 19:30:15,237 [Worker-19: Building] INFO  o.a.m.s.f.DefaultMavenResourcesFiltering - Copying 0 resource from src\main\resources to target\classes
2025-06-25 19:30:15,242 [Worker-19: Building] INFO  o.a.m.s.f.DefaultMavenResourcesFiltering - skip non existing resourceDirectory C:\Users\Shree\Desktop\FULL STACK\JRTP\01_MINI_projects\Insurance_Report_App\src\test\resources
2025-06-25 19:30:47,643 [Worker-24: Building] INFO  o.a.m.s.f.DefaultMavenResourcesFiltering - Copying 0 resource from src\main\resources to target\classes
2025-06-25 19:30:47,645 [Worker-24: Building] INFO  o.a.m.s.f.DefaultMavenResourcesFiltering - Copying 0 resource from src\main\resources to target\classes
2025-06-25 19:30:47,650 [Worker-24: Building] INFO  o.a.m.s.f.DefaultMavenResourcesFiltering - skip non existing resourceDirectory C:\Users\Shree\Desktop\FULL STACK\JRTP\01_MINI_projects\Insurance_Report_App\src\test\resources
2025-06-25 19:32:44,249 [Worker-24: Building] INFO  o.a.m.s.f.DefaultMavenResourcesFiltering - Copying 0 resource from src\main\resources to target\classes
2025-06-25 19:32:44,252 [Worker-24: Building] INFO  o.a.m.s.f.DefaultMavenResourcesFiltering - Copying 0 resource from src\main\resources to target\classes
2025-06-25 19:32:44,257 [Worker-24: Building] INFO  o.a.m.s.f.DefaultMavenResourcesFiltering - skip non existing resourceDirectory C:\Users\Shree\Desktop\FULL STACK\JRTP\01_MINI_projects\Insurance_Report_App\src\test\resources
2025-06-25 19:36:13,639 [Worker-5: Building] INFO  o.a.m.s.f.DefaultMavenResourcesFiltering - Copying 0 resource from src\main\resources to target\classes
2025-06-25 19:36:13,644 [Worker-5: Building] INFO  o.a.m.s.f.DefaultMavenResourcesFiltering - Copying 0 resource from src\main\resources to target\classes
2025-06-25 19:36:13,652 [Worker-5: Building] INFO  o.a.m.s.f.DefaultMavenResourcesFiltering - skip non existing resourceDirectory C:\Users\Shree\Desktop\FULL STACK\JRTP\01_MINI_projects\Insurance_Report_App\src\test\resources
2025-06-25 19:36:56,221 [Worker-23: Building] INFO  o.a.m.s.f.DefaultMavenResourcesFiltering - Copying 0 resource from src\main\resources to target\classes
2025-06-25 19:36:56,227 [Worker-23: Building] INFO  o.a.m.s.f.DefaultMavenResourcesFiltering - Copying 0 resource from src\main\resources to target\classes
2025-06-25 19:36:56,238 [Worker-23: Building] INFO  o.a.m.s.f.DefaultMavenResourcesFiltering - skip non existing resourceDirectory C:\Users\Shree\Desktop\FULL STACK\JRTP\01_MINI_projects\Insurance_Report_App\src\test\resources
2025-06-25 19:37:16,231 [Worker-19: Building] INFO  o.a.m.s.f.DefaultMavenResourcesFiltering - Copying 0 resource from src\main\resources to target\classes
2025-06-25 19:37:16,233 [Worker-19: Building] INFO  o.a.m.s.f.DefaultMavenResourcesFiltering - Copying 0 resource from src\main\resources to target\classes
2025-06-25 19:37:16,237 [Worker-19: Building] INFO  o.a.m.s.f.DefaultMavenResourcesFiltering - skip non existing resourceDirectory C:\Users\Shree\Desktop\FULL STACK\JRTP\01_MINI_projects\Insurance_Report_App\src\test\resources
2025-06-25 19:38:19,384 [Worker-21: Building] INFO  o.a.m.s.f.DefaultMavenResourcesFiltering - Copying 0 resource from src\main\resources to target\classes
2025-06-25 19:38:19,386 [Worker-21: Building] INFO  o.a.m.s.f.DefaultMavenResourcesFiltering - Copying 0 resource from src\main\resources to target\classes
2025-06-25 19:38:19,390 [Worker-21: Building] INFO  o.a.m.s.f.DefaultMavenResourcesFiltering - skip non existing resourceDirectory C:\Users\Shree\Desktop\FULL STACK\JRTP\01_MINI_projects\Insurance_Report_App\src\test\resources
2025-06-25 19:38:37,158 [Worker-23: Building] INFO  o.a.m.s.f.DefaultMavenResourcesFiltering - Copying 0 resource from src\main\resources to target\classes
2025-06-25 19:38:37,160 [Worker-23: Building] INFO  o.a.m.s.f.DefaultMavenResourcesFiltering - Copying 0 resource from src\main\resources to target\classes
2025-06-25 19:38:37,164 [Worker-23: Building] INFO  o.a.m.s.f.DefaultMavenResourcesFiltering - skip non existing resourceDirectory C:\Users\Shree\Desktop\FULL STACK\JRTP\01_MINI_projects\Insurance_Report_App\src\test\resources
2025-06-25 19:38:50,818 [Worker-24: Building] INFO  o.a.m.s.f.DefaultMavenResourcesFiltering - Copying 0 resource from src\main\resources to target\classes
2025-06-25 19:38:50,821 [Worker-24: Building] INFO  o.a.m.s.f.DefaultMavenResourcesFiltering - Copying 0 resource from src\main\resources to target\classes
2025-06-25 19:38:50,827 [Worker-24: Building] INFO  o.a.m.s.f.DefaultMavenResourcesFiltering - skip non existing resourceDirectory C:\Users\Shree\Desktop\FULL STACK\JRTP\01_MINI_projects\Insurance_Report_App\src\test\resources
2025-06-25 19:41:24,147 [Worker-24: Building] INFO  o.a.m.s.f.DefaultMavenResourcesFiltering - Copying 0 resource from src\main\resources to target\classes
2025-06-25 19:41:24,151 [Worker-24: Building] INFO  o.a.m.s.f.DefaultMavenResourcesFiltering - Copying 0 resource from src\main\resources to target\classes
2025-06-25 19:41:24,157 [Worker-24: Building] INFO  o.a.m.s.f.DefaultMavenResourcesFiltering - skip non existing resourceDirectory C:\Users\Shree\Desktop\FULL STACK\JRTP\01_MINI_projects\Insurance_Report_App\src\test\resources
2025-06-25 19:53:56,254 [Worker-24: Building] INFO  o.a.m.s.f.DefaultMavenResourcesFiltering - Copying 1 resource from src\main\resources to target\classes
2025-06-25 19:53:56,424 [Worker-24: Building] INFO  o.a.m.s.f.DefaultMavenResourcesFiltering - Copying 0 resource from src\main\resources to target\classes
2025-06-25 19:53:56,433 [Worker-24: Building] INFO  o.a.m.s.f.DefaultMavenResourcesFiltering - skip non existing resourceDirectory C:\Users\Shree\Desktop\FULL STACK\JRTP\01_MINI_projects\Insurance_Report_App\src\test\resources
2025-06-25 20:13:38,477 [Worker-23: Building] INFO  o.a.m.s.f.DefaultMavenResourcesFiltering - Copying 1 resource from src\main\resources to target\classes
2025-06-25 20:13:38,629 [Worker-23: Building] INFO  o.a.m.s.f.DefaultMavenResourcesFiltering - Copying 0 resource from src\main\resources to target\classes
2025-06-25 20:13:38,634 [Worker-23: Building] INFO  o.a.m.s.f.DefaultMavenResourcesFiltering - skip non existing resourceDirectory C:\Users\Shree\Desktop\FULL STACK\JRTP\01_MINI_projects\Insurance_Report_App\src\test\resources
2025-06-25 20:15:28,895 [Worker-23: Building] INFO  o.a.m.s.f.DefaultMavenResourcesFiltering - Copying 0 resource from src\main\resources to target\classes
2025-06-25 20:15:28,899 [Worker-23: Building] INFO  o.a.m.s.f.DefaultMavenResourcesFiltering - Copying 0 resource from src\main\resources to target\classes
2025-06-25 20:15:28,908 [Worker-23: Building] INFO  o.a.m.s.f.DefaultMavenResourcesFiltering - skip non existing resourceDirectory C:\Users\Shree\Desktop\FULL STACK\JRTP\01_MINI_projects\Insurance_Report_App\src\test\resources
2025-06-25 20:16:12,618 [Worker-24: Building] INFO  o.a.m.s.f.DefaultMavenResourcesFiltering - Copying 0 resource from src\main\resources to target\classes
2025-06-25 20:16:12,622 [Worker-24: Building] INFO  o.a.m.s.f.DefaultMavenResourcesFiltering - Copying 0 resource from src\main\resources to target\classes
2025-06-25 20:16:12,629 [Worker-24: Building] INFO  o.a.m.s.f.DefaultMavenResourcesFiltering - skip non existing resourceDirectory C:\Users\Shree\Desktop\FULL STACK\JRTP\01_MINI_projects\Insurance_Report_App\src\test\resources
2025-06-25 20:21:28,183 [Worker-21: Building] INFO  o.a.m.s.f.DefaultMavenResourcesFiltering - Copying 1 resource from src\main\resources to target\classes
2025-06-25 20:21:28,198 [Worker-21: Building] INFO  o.a.m.s.f.DefaultMavenResourcesFiltering - Copying 0 resource from src\main\resources to target\classes
2025-06-25 20:21:28,205 [Worker-21: Building] INFO  o.a.m.s.f.DefaultMavenResourcesFiltering - skip non existing resourceDirectory C:\Users\Shree\Desktop\FULL STACK\JRTP\01_MINI_projects\Insurance_Report_App\src\test\resources
2025-06-25 20:22:36,114 [Worker-19: Building] INFO  o.a.m.s.f.DefaultMavenResourcesFiltering - Copying 1 resource from src\main\resources to target\classes
2025-06-25 20:22:36,126 [Worker-19: Building] INFO  o.a.m.s.f.DefaultMavenResourcesFiltering - Copying 0 resource from src\main\resources to target\classes
2025-06-25 20:22:36,129 [Worker-19: Building] INFO  o.a.m.s.f.DefaultMavenResourcesFiltering - skip non existing resourceDirectory C:\Users\Shree\Desktop\FULL STACK\JRTP\01_MINI_projects\Insurance_Report_App\src\test\resources
2025-06-25 20:45:45,758 [Worker-21: Building] INFO  o.a.m.s.f.DefaultMavenResourcesFiltering - Copying 1 resource from src\main\resources to target\classes
2025-06-25 20:45:45,837 [Worker-21: Building] INFO  o.a.m.s.f.DefaultMavenResourcesFiltering - Copying 0 resource from src\main\resources to target\classes
2025-06-25 20:45:45,841 [Worker-21: Building] INFO  o.a.m.s.f.DefaultMavenResourcesFiltering - skip non existing resourceDirectory C:\Users\Shree\Desktop\FULL STACK\JRTP\01_MINI_projects\Insurance_Report_App\src\test\resources
2025-06-25 20:50:30,750 [Worker-23: Building] INFO  o.a.m.s.f.DefaultMavenResourcesFiltering - Copying 0 resource from src\main\resources to target\classes
2025-06-25 20:50:30,759 [Worker-23: Building] INFO  o.a.m.s.f.DefaultMavenResourcesFiltering - Copying 0 resource from src\main\resources to target\classes
2025-06-25 20:50:30,768 [Worker-23: Building] INFO  o.a.m.s.f.DefaultMavenResourcesFiltering - skip non existing resourceDirectory C:\Users\Shree\Desktop\FULL STACK\JRTP\01_MINI_projects\Insurance_Report_App\src\test\resources
2025-06-25 20:51:42,795 [Worker-23: Building] INFO  o.a.m.s.f.DefaultMavenResourcesFiltering - Copying 0 resource from src\main\resources to target\classes
2025-06-25 20:51:42,798 [Worker-23: Building] INFO  o.a.m.s.f.DefaultMavenResourcesFiltering - Copying 0 resource from src\main\resources to target\classes
2025-06-25 20:51:42,805 [Worker-23: Building] INFO  o.a.m.s.f.DefaultMavenResourcesFiltering - skip non existing resourceDirectory C:\Users\Shree\Desktop\FULL STACK\JRTP\01_MINI_projects\Insurance_Report_App\src\test\resources
2025-06-25 20:51:51,281 [Worker-21: Building] INFO  o.a.m.s.f.DefaultMavenResourcesFiltering - Copying 0 resource from src\main\resources to target\classes
2025-06-25 20:51:51,285 [Worker-21: Building] INFO  o.a.m.s.f.DefaultMavenResourcesFiltering - Copying 0 resource from src\main\resources to target\classes
2025-06-25 20:51:51,295 [Worker-21: Building] INFO  o.a.m.s.f.DefaultMavenResourcesFiltering - skip non existing resourceDirectory C:\Users\Shree\Desktop\FULL STACK\JRTP\01_MINI_projects\Insurance_Report_App\src\test\resources
2025-06-25 20:53:59,697 [Worker-23: Building] INFO  o.a.m.s.f.DefaultMavenResourcesFiltering - Copying 0 resource from src\main\resources to target\classes
2025-06-25 20:53:59,705 [Worker-23: Building] INFO  o.a.m.s.f.DefaultMavenResourcesFiltering - Copying 0 resource from src\main\resources to target\classes
2025-06-25 20:53:59,710 [Worker-23: Building] INFO  o.a.m.s.f.DefaultMavenResourcesFiltering - skip non existing resourceDirectory C:\Users\Shree\Desktop\FULL STACK\JRTP\01_MINI_projects\Insurance_Report_App\src\test\resources
2025-06-25 20:56:02,670 [Worker-22: Building] INFO  o.a.m.s.f.DefaultMavenResourcesFiltering - Copying 0 resource from src\main\resources to target\classes
2025-06-25 20:56:02,674 [Worker-22: Building] INFO  o.a.m.s.f.DefaultMavenResourcesFiltering - Copying 0 resource from src\main\resources to target\classes
2025-06-25 20:56:02,681 [Worker-22: Building] INFO  o.a.m.s.f.DefaultMavenResourcesFiltering - skip non existing resourceDirectory C:\Users\Shree\Desktop\FULL STACK\JRTP\01_MINI_projects\Insurance_Report_App\src\test\resources
2025-06-25 21:02:18,832 [Worker-24: Building] INFO  o.a.m.s.f.DefaultMavenResourcesFiltering - Copying 0 resource from src\main\resources to target\classes
2025-06-25 21:02:18,836 [Worker-24: Building] INFO  o.a.m.s.f.DefaultMavenResourcesFiltering - Copying 0 resource from src\main\resources to target\classes
2025-06-25 21:02:18,845 [Worker-24: Building] INFO  o.a.m.s.f.DefaultMavenResourcesFiltering - skip non existing resourceDirectory C:\Users\Shree\Desktop\FULL STACK\JRTP\01_MINI_projects\Insurance_Report_App\src\test\resources
2025-06-25 21:46:22,318 [Worker-24: Building] INFO  o.a.m.s.f.DefaultMavenResourcesFiltering - Copying 0 resource from src\main\resources to target\classes
2025-06-25 21:46:22,323 [Worker-24: Building] INFO  o.a.m.s.f.DefaultMavenResourcesFiltering - Copying 0 resource from src\main\resources to target\classes
2025-06-25 21:46:22,329 [Worker-24: Building] INFO  o.a.m.s.f.DefaultMavenResourcesFiltering - skip non existing resourceDirectory C:\Users\Shree\Desktop\FULL STACK\JRTP\01_MINI_projects\Insurance_Report_App\src\test\resources
2025-06-25 21:49:45,992 [Worker-5: Building] INFO  o.a.m.s.f.DefaultMavenResourcesFiltering - Copying 0 resource from src\main\resources to target\classes
2025-06-25 21:49:45,995 [Worker-5: Building] INFO  o.a.m.s.f.DefaultMavenResourcesFiltering - Copying 0 resource from src\main\resources to target\classes
2025-06-25 21:49:46,002 [Worker-5: Building] INFO  o.a.m.s.f.DefaultMavenResourcesFiltering - skip non existing resourceDirectory C:\Users\Shree\Desktop\FULL STACK\JRTP\01_MINI_projects\Insurance_Report_App\src\test\resources
2025-06-25 22:05:17,021 [Worker-5: Building] INFO  o.a.m.s.f.DefaultMavenResourcesFiltering - Copying 1 resource from src\main\resources to target\classes
2025-06-25 22:05:17,063 [Worker-5: Building] INFO  o.a.m.s.f.DefaultMavenResourcesFiltering - Copying 0 resource from src\main\resources to target\classes
2025-06-25 22:05:17,068 [Worker-5: Building] INFO  o.a.m.s.f.DefaultMavenResourcesFiltering - skip non existing resourceDirectory C:\Users\Shree\Desktop\FULL STACK\JRTP\01_MINI_projects\Insurance_Report_App\src\test\resources
2025-06-25 22:10:28,422 [Worker-19: Building] INFO  o.a.m.s.f.DefaultMavenResourcesFiltering - Copying 1 resource from src\main\resources to target\classes
2025-06-25 22:10:28,449 [Worker-19: Building] INFO  o.a.m.s.f.DefaultMavenResourcesFiltering - Copying 0 resource from src\main\resources to target\classes
2025-06-25 22:10:28,454 [Worker-19: Building] INFO  o.a.m.s.f.DefaultMavenResourcesFiltering - skip non existing resourceDirectory C:\Users\Shree\Desktop\FULL STACK\JRTP\01_MINI_projects\Insurance_Report_App\src\test\resources
2025-06-25 22:13:13,253 [Worker-19: Building] INFO  o.a.m.s.f.DefaultMavenResourcesFiltering - Copying 0 resource from src\main\resources to target\classes
2025-06-25 22:13:13,256 [Worker-19: Building] INFO  o.a.m.s.f.DefaultMavenResourcesFiltering - Copying 0 resource from src\main\resources to target\classes
2025-06-25 22:13:13,261 [Worker-19: Building] INFO  o.a.m.s.f.DefaultMavenResourcesFiltering - skip non existing resourceDirectory C:\Users\Shree\Desktop\FULL STACK\JRTP\01_MINI_projects\Insurance_Report_App\src\test\resources
2025-06-25 22:16:12,774 [Worker-19: Building] INFO  o.a.m.s.f.DefaultMavenResourcesFiltering - Copying 0 resource from src\main\resources to target\classes
2025-06-25 22:16:12,778 [Worker-19: Building] INFO  o.a.m.s.f.DefaultMavenResourcesFiltering - Copying 0 resource from src\main\resources to target\classes
2025-06-25 22:16:12,785 [Worker-19: Building] INFO  o.a.m.s.f.DefaultMavenResourcesFiltering - skip non existing resourceDirectory C:\Users\Shree\Desktop\FULL STACK\JRTP\01_MINI_projects\Insurance_Report_App\src\test\resources
2025-06-25 22:17:07,927 [Worker-23: Building] INFO  o.a.m.s.f.DefaultMavenResourcesFiltering - Copying 0 resource from src\main\resources to target\classes
2025-06-25 22:17:07,929 [Worker-23: Building] INFO  o.a.m.s.f.DefaultMavenResourcesFiltering - Copying 0 resource from src\main\resources to target\classes
2025-06-25 22:17:07,934 [Worker-23: Building] INFO  o.a.m.s.f.DefaultMavenResourcesFiltering - skip non existing resourceDirectory C:\Users\Shree\Desktop\FULL STACK\JRTP\01_MINI_projects\Insurance_Report_App\src\test\resources
2025-06-25 22:17:59,724 [Worker-25: Building] INFO  o.a.m.s.f.DefaultMavenResourcesFiltering - Copying 0 resource from src\main\resources to target\classes
2025-06-25 22:17:59,727 [Worker-25: Building] INFO  o.a.m.s.f.DefaultMavenResourcesFiltering - Copying 0 resource from src\main\resources to target\classes
2025-06-25 22:17:59,732 [Worker-25: Building] INFO  o.a.m.s.f.DefaultMavenResourcesFiltering - skip non existing resourceDirectory C:\Users\Shree\Desktop\FULL STACK\JRTP\01_MINI_projects\Insurance_Report_App\src\test\resources
2025-06-25 22:19:34,094 [Worker-22: Building] INFO  o.a.m.s.f.DefaultMavenResourcesFiltering - Copying 0 resource from src\main\resources to target\classes
2025-06-25 22:19:34,096 [Worker-22: Building] INFO  o.a.m.s.f.DefaultMavenResourcesFiltering - Copying 0 resource from src\main\resources to target\classes
2025-06-25 22:19:34,100 [Worker-22: Building] INFO  o.a.m.s.f.DefaultMavenResourcesFiltering - skip non existing resourceDirectory C:\Users\Shree\Desktop\FULL STACK\JRTP\01_MINI_projects\Insurance_Report_App\src\test\resources
2025-06-26 10:19:28,979 [Worker-1: Loading available Gradle versions] INFO  o.e.b.c.i.u.g.PublishedGradleVersions - Gradle version information cache is out-of-date. Trying to update.
2025-06-26 10:19:29,354 [Worker-1: Loading available Gradle versions] INFO  o.e.b.c.i.u.g.PublishedGradleVersions - Updating Gradle version information cache failed. Using outdated cache.
2025-06-27 09:55:21,592 [Worker-4: Loading available Gradle versions] INFO  o.e.b.c.i.u.g.PublishedGradleVersions - Gradle version information cache is out-of-date. Trying to update.
2025-06-27 13:04:27,057 [Worker-24: Launching Insurance_Report_App - InsuranceReportAppApplication] INFO  o.a.m.s.f.DefaultMavenResourcesFiltering - Copying 1 resource from src\main\resources to target\classes
2025-06-27 13:04:27,147 [Worker-24: Launching Insurance_Report_App - InsuranceReportAppApplication] INFO  o.a.m.s.f.DefaultMavenResourcesFiltering - Copying 0 resource from src\main\resources to target\classes
2025-06-27 13:04:27,171 [Worker-24: Launching Insurance_Report_App - InsuranceReportAppApplication] INFO  o.a.m.s.f.DefaultMavenResourcesFiltering - skip non existing resourceDirectory C:\Users\Shree\Desktop\FULL STACK\JRTP\01_MINI_projects\Insurance_Report_App\src\test\resources
2025-06-27 13:18:33,984 [Worker-25: Building] INFO  o.a.m.s.f.DefaultMavenResourcesFiltering - Copying 1 resource from src\main\resources to target\classes
2025-06-27 13:18:34,006 [Worker-25: Building] INFO  o.a.m.s.f.DefaultMavenResourcesFiltering - Copying 0 resource from src\main\resources to target\classes
2025-06-27 13:18:34,015 [Worker-25: Building] INFO  o.a.m.s.f.DefaultMavenResourcesFiltering - skip non existing resourceDirectory C:\Users\Shree\Desktop\FULL STACK\JRTP\01_MINI_projects\Insurance_Report_App\src\test\resources
2025-07-02 15:57:58,837 [Worker-0: Loading available Gradle versions] INFO  o.e.b.c.i.u.g.PublishedGradleVersions - Gradle version information cache is out-of-date. Trying to update.
2025-07-02 16:19:02,834 [Worker-14: Building] INFO  o.a.m.s.f.DefaultMavenResourcesFiltering - Copying 1 resource from src\main\resources to target\classes
2025-07-02 16:19:02,935 [Worker-14: Building] INFO  o.a.m.s.f.DefaultMavenResourcesFiltering - Copying 0 resource from src\main\resources to target\classes
2025-07-02 16:19:02,948 [Worker-14: Building] INFO  o.a.m.s.f.DefaultMavenResourcesFiltering - skip non existing resourceDirectory C:\Users\Shree\Desktop\FULL STACK\JRTP\01_MINI_projects\Insurance_Report_App\src\test\resources
2025-07-02 16:31:06,863 [Worker-2: Loading available Gradle versions] INFO  o.e.b.c.i.u.g.PublishedGradleVersions - Gradle version information cache is up-to-date. Trying to read.
2025-07-02 17:55:54,300 [Worker-37: Building] INFO  o.a.m.s.f.DefaultMavenResourcesFiltering - Copying 1 resource from src\main\resources to target\classes
2025-07-02 17:55:54,416 [Worker-37: Building] INFO  o.a.m.s.f.DefaultMavenResourcesFiltering - Copying 0 resource from src\main\resources to target\classes
2025-07-02 17:55:54,423 [Worker-37: Building] INFO  o.a.m.s.f.DefaultMavenResourcesFiltering - skip non existing resourceDirectory C:\Users\Shree\Desktop\FULL STACK\JRTP\01_MINI_projects\Insurance_Report_App\src\test\resources
2025-07-03 10:28:20,111 [Worker-2: Loading available Gradle versions] INFO  o.e.b.c.i.u.g.PublishedGradleVersions - Gradle version information cache is up-to-date. Trying to read.
2025-07-03 18:14:02,752 [Worker-33: Building] INFO  o.a.m.s.f.DefaultMavenResourcesFiltering - Copying 1 resource from src\main\resources to target\classes
2025-07-03 18:14:02,785 [Worker-33: Building] INFO  o.a.m.s.f.DefaultMavenResourcesFiltering - Copying 0 resource from src\main\resources to target\classes
2025-07-03 18:14:02,792 [Worker-33: Building] INFO  o.a.m.s.f.DefaultMavenResourcesFiltering - skip non existing resourceDirectory C:\Users\Shree\Desktop\FULL STACK\JRTP\01_MINI_projects\Insurance_Report_App\src\test\resources
2025-07-03 18:16:47,056 [Worker-26: Building] INFO  o.a.m.s.f.DefaultMavenResourcesFiltering - Copying 1 resource from src\main\resources to target\classes
2025-07-03 18:16:47,071 [Worker-26: Building] INFO  o.a.m.s.f.DefaultMavenResourcesFiltering - Copying 0 resource from src\main\resources to target\classes
2025-07-03 18:16:47,079 [Worker-26: Building] INFO  o.a.m.s.f.DefaultMavenResourcesFiltering - skip non existing resourceDirectory C:\Users\Shree\Desktop\FULL STACK\JRTP\01_MINI_projects\Insurance_Report_App\src\test\resources
2025-07-03 18:17:00,823 [Worker-35: Building] INFO  o.a.m.s.f.DefaultMavenResourcesFiltering - Copying 1 resource from src\main\resources to target\classes
2025-07-03 18:17:00,833 [Worker-35: Building] INFO  o.a.m.s.f.DefaultMavenResourcesFiltering - Copying 0 resource from src\main\resources to target\classes
2025-07-03 18:17:00,838 [Worker-35: Building] INFO  o.a.m.s.f.DefaultMavenResourcesFiltering - skip non existing resourceDirectory C:\Users\Shree\Desktop\FULL STACK\JRTP\01_MINI_projects\Insurance_Report_App\src\test\resources
2025-07-03 18:33:15,129 [Worker-33: Building] INFO  o.a.m.s.f.DefaultMavenResourcesFiltering - Copying 1 resource from src\main\resources to target\classes
2025-07-03 18:33:15,147 [Worker-33: Building] INFO  o.a.m.s.f.DefaultMavenResourcesFiltering - Copying 0 resource from src\main\resources to target\classes
2025-07-03 18:33:15,160 [Worker-33: Building] INFO  o.a.m.s.f.DefaultMavenResourcesFiltering - skip non existing resourceDirectory C:\Users\Shree\Desktop\FULL STACK\JRTP\01_MINI_projects\Insurance_Report_App\src\test\resources
2025-07-03 18:34:03,310 [Worker-37: Building] INFO  o.a.m.s.f.DefaultMavenResourcesFiltering - Copying 1 resource from src\main\resources to target\classes
2025-07-03 18:34:03,323 [Worker-37: Building] INFO  o.a.m.s.f.DefaultMavenResourcesFiltering - Copying 0 resource from src\main\resources to target\classes
2025-07-03 18:34:03,334 [Worker-37: Building] INFO  o.a.m.s.f.DefaultMavenResourcesFiltering - skip non existing resourceDirectory C:\Users\Shree\Desktop\FULL STACK\JRTP\01_MINI_projects\Insurance_Report_App\src\test\resources
2025-07-03 18:35:39,939 [Worker-38: Building] INFO  o.a.m.s.f.DefaultMavenResourcesFiltering - Copying 1 resource from src\main\resources to target\classes
2025-07-03 18:35:39,953 [Worker-38: Building] INFO  o.a.m.s.f.DefaultMavenResourcesFiltering - Copying 0 resource from src\main\resources to target\classes
2025-07-03 18:35:39,966 [Worker-38: Building] INFO  o.a.m.s.f.DefaultMavenResourcesFiltering - skip non existing resourceDirectory C:\Users\Shree\Desktop\FULL STACK\JRTP\01_MINI_projects\Insurance_Report_App\src\test\resources
2025-07-03 18:37:05,405 [Worker-38: Building] INFO  o.a.m.s.f.DefaultMavenResourcesFiltering - Copying 1 resource from src\main\resources to target\classes
2025-07-03 18:37:05,417 [Worker-38: Building] INFO  o.a.m.s.f.DefaultMavenResourcesFiltering - Copying 0 resource from src\main\resources to target\classes
2025-07-03 18:37:05,426 [Worker-38: Building] INFO  o.a.m.s.f.DefaultMavenResourcesFiltering - skip non existing resourceDirectory C:\Users\Shree\Desktop\FULL STACK\JRTP\01_MINI_projects\Insurance_Report_App\src\test\resources
2025-07-03 18:37:22,864 [Worker-38: Building] INFO  o.a.m.s.f.DefaultMavenResourcesFiltering - Copying 1 resource from src\main\resources to target\classes
2025-07-03 18:37:22,876 [Worker-38: Building] INFO  o.a.m.s.f.DefaultMavenResourcesFiltering - Copying 0 resource from src\main\resources to target\classes
2025-07-03 18:37:22,884 [Worker-38: Building] INFO  o.a.m.s.f.DefaultMavenResourcesFiltering - skip non existing resourceDirectory C:\Users\Shree\Desktop\FULL STACK\JRTP\01_MINI_projects\Insurance_Report_App\src\test\resources
2025-07-03 18:37:27,229 [Worker-37: Building] INFO  o.a.m.s.f.DefaultMavenResourcesFiltering - Copying 1 resource from src\main\resources to target\classes
2025-07-03 18:37:27,238 [Worker-37: Building] INFO  o.a.m.s.f.DefaultMavenResourcesFiltering - Copying 0 resource from src\main\resources to target\classes
2025-07-03 18:37:27,244 [Worker-37: Building] INFO  o.a.m.s.f.DefaultMavenResourcesFiltering - skip non existing resourceDirectory C:\Users\Shree\Desktop\FULL STACK\JRTP\01_MINI_projects\Insurance_Report_App\src\test\resources
2025-07-03 18:38:16,698 [Worker-35: Building] INFO  o.a.m.s.f.DefaultMavenResourcesFiltering - Copying 1 resource from src\main\resources to target\classes
2025-07-03 18:38:16,708 [Worker-35: Building] INFO  o.a.m.s.f.DefaultMavenResourcesFiltering - Copying 0 resource from src\main\resources to target\classes
2025-07-03 18:38:16,716 [Worker-35: Building] INFO  o.a.m.s.f.DefaultMavenResourcesFiltering - skip non existing resourceDirectory C:\Users\Shree\Desktop\FULL STACK\JRTP\01_MINI_projects\Insurance_Report_App\src\test\resources
2025-07-03 18:44:05,719 [Worker-33: Building] INFO  o.a.m.s.f.DefaultMavenResourcesFiltering - Copying 1 resource from src\main\resources to target\classes
2025-07-03 18:44:05,731 [Worker-33: Building] INFO  o.a.m.s.f.DefaultMavenResourcesFiltering - Copying 0 resource from src\main\resources to target\classes
2025-07-03 18:44:05,738 [Worker-33: Building] INFO  o.a.m.s.f.DefaultMavenResourcesFiltering - skip non existing resourceDirectory C:\Users\Shree\Desktop\FULL STACK\JRTP\01_MINI_projects\Insurance_Report_App\src\test\resources
2025-07-03 18:44:10,240 [Worker-42: Building] INFO  o.a.m.s.f.DefaultMavenResourcesFiltering - Copying 1 resource from src\main\resources to target\classes
2025-07-03 18:44:10,251 [Worker-42: Building] INFO  o.a.m.s.f.DefaultMavenResourcesFiltering - Copying 0 resource from src\main\resources to target\classes
2025-07-03 18:44:10,258 [Worker-42: Building] INFO  o.a.m.s.f.DefaultMavenResourcesFiltering - skip non existing resourceDirectory C:\Users\Shree\Desktop\FULL STACK\JRTP\01_MINI_projects\Insurance_Report_App\src\test\resources
2025-07-03 18:47:23,163 [Worker-40: Building] INFO  o.a.m.s.f.DefaultMavenResourcesFiltering - Copying 0 resource from src\main\resources to target\classes
2025-07-03 18:47:23,165 [Worker-40: Building] INFO  o.a.m.s.f.DefaultMavenResourcesFiltering - Copying 0 resource from src\main\resources to target\classes
2025-07-03 18:47:23,170 [Worker-40: Building] INFO  o.a.m.s.f.DefaultMavenResourcesFiltering - skip non existing resourceDirectory C:\Users\Shree\Desktop\FULL STACK\JRTP\01_MINI_projects\Insurance_Report_App\src\test\resources
2025-07-03 19:41:48,860 [Worker-43: Building] INFO  o.a.m.s.f.DefaultMavenResourcesFiltering - Copying 1 resource from src\main\resources to target\classes
2025-07-03 19:41:49,031 [Worker-43: Building] INFO  o.a.m.s.f.DefaultMavenResourcesFiltering - Copying 0 resource from src\main\resources to target\classes
2025-07-03 19:41:49,036 [Worker-43: Building] INFO  o.a.m.s.f.DefaultMavenResourcesFiltering - skip non existing resourceDirectory C:\Users\Shree\Desktop\FULL STACK\JRTP\01_MINI_projects\Insurance_Report_App\src\test\resources
2025-07-04 11:57:24,949 [Worker-4: Loading available Gradle versions] INFO  o.e.b.c.i.u.g.PublishedGradleVersions - Gradle version information cache is out-of-date. Trying to update.
2025-07-04 12:49:32,448 [Worker-18: Launching Insurance_Report_App - InsuranceReportAppApplication] INFO  o.a.m.s.f.DefaultMavenResourcesFiltering - Copying 1 resource from src\main\resources to target\classes
2025-07-04 12:49:32,519 [Worker-18: Launching Insurance_Report_App - InsuranceReportAppApplication] INFO  o.a.m.s.f.DefaultMavenResourcesFiltering - Copying 0 resource from src\main\resources to target\classes
2025-07-04 12:49:32,541 [Worker-18: Launching Insurance_Report_App - InsuranceReportAppApplication] INFO  o.a.m.s.f.DefaultMavenResourcesFiltering - skip non existing resourceDirectory C:\Users\Shree\Desktop\FULL STACK\JRTP\01_MINI_projects\Insurance_Report_App\src\test\resources
2025-07-04 13:13:03,947 [Worker-22: Building] INFO  o.a.m.s.f.DefaultMavenResourcesFiltering - Copying 1 resource from src\main\resources to target\classes
2025-07-04 13:13:04,033 [Worker-22: Building] INFO  o.a.m.s.f.DefaultMavenResourcesFiltering - Copying 0 resource from src\main\resources to target\classes
2025-07-04 13:13:04,044 [Worker-22: Building] INFO  o.a.m.s.f.DefaultMavenResourcesFiltering - skip non existing resourceDirectory C:\Users\Shree\Desktop\FULL STACK\JRTP\01_MINI_projects\Insurance_Report_App\src\test\resources
2025-07-04 13:16:30,575 [Worker-26: Building] INFO  o.a.m.s.f.DefaultMavenResourcesFiltering - Copying 1 resource from src\main\resources to target\classes
2025-07-04 13:16:30,598 [Worker-26: Building] INFO  o.a.m.s.f.DefaultMavenResourcesFiltering - Copying 0 resource from src\main\resources to target\classes
2025-07-04 13:16:30,612 [Worker-26: Building] INFO  o.a.m.s.f.DefaultMavenResourcesFiltering - skip non existing resourceDirectory C:\Users\Shree\Desktop\FULL STACK\JRTP\01_MINI_projects\Insurance_Report_App\src\test\resources
2025-07-04 15:45:39,094 [Worker-1: Loading available Gradle versions] INFO  o.e.b.c.i.u.g.PublishedGradleVersions - Gradle version information cache is up-to-date. Trying to read.
2025-07-04 15:45:52,808 [Worker-3: Building] INFO  o.a.m.s.f.DefaultMavenResourcesFiltering - Copying 1 resource from src\main\resources to target\classes
2025-07-04 15:45:52,847 [Worker-3: Building] INFO  o.a.m.s.f.DefaultMavenResourcesFiltering - Copying 0 resource from src\main\resources to target\classes
2025-07-04 15:45:52,862 [Worker-3: Building] INFO  o.a.m.s.f.DefaultMavenResourcesFiltering - skip non existing resourceDirectory C:\Users\Shree\Desktop\FULL STACK\JRTP\01_MINI_projects\Insurance_Report_App\src\test\resources
2025-07-04 17:28:52,070 [Worker-21: Building] INFO  o.a.m.s.f.DefaultMavenResourcesFiltering - Copying 1 resource from src\main\resources to target\classes
2025-07-04 17:28:52,105 [Worker-21: Building] INFO  o.a.m.s.f.DefaultMavenResourcesFiltering - Copying 0 resource from src\main\resources to target\classes
2025-07-04 17:28:52,138 [Worker-21: Building] INFO  o.a.m.s.f.DefaultMavenResourcesFiltering - skip non existing resourceDirectory C:\Users\Shree\Desktop\FULL STACK\JRTP\01_MINI_projects\Insurance_Report_App\src\test\resources
2025-07-04 17:29:50,907 [Worker-19: Building] INFO  o.a.m.s.f.DefaultMavenResourcesFiltering - Copying 1 resource from src\main\resources to target\classes
2025-07-04 17:29:50,933 [Worker-19: Building] INFO  o.a.m.s.f.DefaultMavenResourcesFiltering - Copying 0 resource from src\main\resources to target\classes
2025-07-04 17:29:50,950 [Worker-19: Building] INFO  o.a.m.s.f.DefaultMavenResourcesFiltering - skip non existing resourceDirectory C:\Users\Shree\Desktop\FULL STACK\JRTP\01_MINI_projects\Insurance_Report_App\src\test\resources
2025-07-04 17:30:33,499 [Worker-22: Building] INFO  o.a.m.s.f.DefaultMavenResourcesFiltering - Copying 1 resource from src\main\resources to target\classes
2025-07-04 17:30:33,515 [Worker-22: Building] INFO  o.a.m.s.f.DefaultMavenResourcesFiltering - Copying 0 resource from src\main\resources to target\classes
2025-07-04 17:30:33,529 [Worker-22: Building] INFO  o.a.m.s.f.DefaultMavenResourcesFiltering - skip non existing resourceDirectory C:\Users\Shree\Desktop\FULL STACK\JRTP\01_MINI_projects\Insurance_Report_App\src\test\resources
2025-07-04 17:30:56,032 [Worker-19: Building] INFO  o.a.m.s.f.DefaultMavenResourcesFiltering - Copying 1 resource from src\main\resources to target\classes
2025-07-04 17:30:56,051 [Worker-19: Building] INFO  o.a.m.s.f.DefaultMavenResourcesFiltering - Copying 0 resource from src\main\resources to target\classes
2025-07-04 17:30:56,070 [Worker-19: Building] INFO  o.a.m.s.f.DefaultMavenResourcesFiltering - skip non existing resourceDirectory C:\Users\Shree\Desktop\FULL STACK\JRTP\01_MINI_projects\Insurance_Report_App\src\test\resources
2025-07-04 17:34:32,220 [Worker-22: Building] INFO  o.a.m.s.f.DefaultMavenResourcesFiltering - Copying 1 resource from src\main\resources to target\classes
2025-07-04 17:34:32,232 [Worker-22: Building] INFO  o.a.m.s.f.DefaultMavenResourcesFiltering - Copying 0 resource from src\main\resources to target\classes
2025-07-04 17:34:32,240 [Worker-22: Building] INFO  o.a.m.s.f.DefaultMavenResourcesFiltering - skip non existing resourceDirectory C:\Users\Shree\Desktop\FULL STACK\JRTP\01_MINI_projects\Insurance_Report_App\src\test\resources
2025-07-04 17:35:20,079 [Worker-22: Building] INFO  o.a.m.s.f.DefaultMavenResourcesFiltering - Copying 1 resource from src\main\resources to target\classes
2025-07-04 17:35:20,097 [Worker-22: Building] INFO  o.a.m.s.f.DefaultMavenResourcesFiltering - Copying 0 resource from src\main\resources to target\classes
2025-07-04 17:35:20,114 [Worker-22: Building] INFO  o.a.m.s.f.DefaultMavenResourcesFiltering - skip non existing resourceDirectory C:\Users\Shree\Desktop\FULL STACK\JRTP\01_MINI_projects\Insurance_Report_App\src\test\resources
2025-07-04 17:47:14,415 [Worker-19: Building] INFO  o.a.m.s.f.DefaultMavenResourcesFiltering - Copying 1 resource from src\main\resources to target\classes
2025-07-04 17:47:14,464 [Worker-19: Building] INFO  o.a.m.s.f.DefaultMavenResourcesFiltering - Copying 0 resource from src\main\resources to target\classes
2025-07-04 17:47:14,476 [Worker-19: Building] INFO  o.a.m.s.f.DefaultMavenResourcesFiltering - skip non existing resourceDirectory C:\Users\Shree\Desktop\FULL STACK\JRTP\01_MINI_projects\Insurance_Report_App\src\test\resources
2025-07-04 17:48:14,873 [Worker-21: Building] INFO  o.a.m.s.f.DefaultMavenResourcesFiltering - Copying 1 resource from src\main\resources to target\classes
2025-07-04 17:48:14,895 [Worker-21: Building] INFO  o.a.m.s.f.DefaultMavenResourcesFiltering - Copying 0 resource from src\main\resources to target\classes
2025-07-04 17:48:14,908 [Worker-21: Building] INFO  o.a.m.s.f.DefaultMavenResourcesFiltering - skip non existing resourceDirectory C:\Users\Shree\Desktop\FULL STACK\JRTP\01_MINI_projects\Insurance_Report_App\src\test\resources
2025-07-04 17:50:39,516 [Worker-19: Building] INFO  o.a.m.s.f.DefaultMavenResourcesFiltering - Copying 1 resource from src\main\resources to target\classes
2025-07-04 17:50:39,537 [Worker-19: Building] INFO  o.a.m.s.f.DefaultMavenResourcesFiltering - Copying 0 resource from src\main\resources to target\classes
2025-07-04 17:50:39,547 [Worker-19: Building] INFO  o.a.m.s.f.DefaultMavenResourcesFiltering - skip non existing resourceDirectory C:\Users\Shree\Desktop\FULL STACK\JRTP\01_MINI_projects\Insurance_Report_App\src\test\resources
2025-07-04 18:00:24,293 [Worker-24: Building] INFO  o.a.m.s.f.DefaultMavenResourcesFiltering - Copying 1 resource from src\main\resources to target\classes
2025-07-04 18:00:24,311 [Worker-24: Building] INFO  o.a.m.s.f.DefaultMavenResourcesFiltering - Copying 0 resource from src\main\resources to target\classes
2025-07-04 18:00:24,319 [Worker-24: Building] INFO  o.a.m.s.f.DefaultMavenResourcesFiltering - skip non existing resourceDirectory C:\Users\Shree\Desktop\FULL STACK\JRTP\01_MINI_projects\Insurance_Report_App\src\test\resources
2025-07-04 18:06:53,153 [Worker-22: Building] INFO  o.a.m.s.f.DefaultMavenResourcesFiltering - Copying 1 resource from src\main\resources to target\classes
2025-07-04 18:06:53,165 [Worker-22: Building] INFO  o.a.m.s.f.DefaultMavenResourcesFiltering - Copying 0 resource from src\main\resources to target\classes
2025-07-04 18:06:53,172 [Worker-22: Building] INFO  o.a.m.s.f.DefaultMavenResourcesFiltering - skip non existing resourceDirectory C:\Users\Shree\Desktop\FULL STACK\JRTP\01_MINI_projects\Insurance_Report_App\src\test\resources
2025-07-04 18:06:59,975 [Worker-22: Building] INFO  o.a.m.s.f.DefaultMavenResourcesFiltering - Copying 1 resource from src\main\resources to target\classes
2025-07-04 18:06:59,989 [Worker-22: Building] INFO  o.a.m.s.f.DefaultMavenResourcesFiltering - Copying 0 resource from src\main\resources to target\classes
2025-07-04 18:06:59,996 [Worker-22: Building] INFO  o.a.m.s.f.DefaultMavenResourcesFiltering - skip non existing resourceDirectory C:\Users\Shree\Desktop\FULL STACK\JRTP\01_MINI_projects\Insurance_Report_App\src\test\resources
2025-07-04 18:09:51,337 [Worker-22: Building] INFO  o.a.m.s.f.DefaultMavenResourcesFiltering - Copying 1 resource from src\main\resources to target\classes
2025-07-04 18:09:51,350 [Worker-22: Building] INFO  o.a.m.s.f.DefaultMavenResourcesFiltering - Copying 0 resource from src\main\resources to target\classes
2025-07-04 18:09:51,356 [Worker-22: Building] INFO  o.a.m.s.f.DefaultMavenResourcesFiltering - skip non existing resourceDirectory C:\Users\Shree\Desktop\FULL STACK\JRTP\01_MINI_projects\Insurance_Report_App\src\test\resources
2025-07-04 18:18:35,478 [Worker-22: Building] INFO  o.a.m.s.f.DefaultMavenResourcesFiltering - Copying 1 resource from src\main\resources to target\classes
2025-07-04 18:18:35,493 [Worker-22: Building] INFO  o.a.m.s.f.DefaultMavenResourcesFiltering - Copying 0 resource from src\main\resources to target\classes
2025-07-04 18:18:35,498 [Worker-22: Building] INFO  o.a.m.s.f.DefaultMavenResourcesFiltering - skip non existing resourceDirectory C:\Users\Shree\Desktop\FULL STACK\JRTP\01_MINI_projects\Insurance_Report_App\src\test\resources
2025-07-04 18:23:00,327 [Worker-22: Building] INFO  o.a.m.s.f.DefaultMavenResourcesFiltering - Copying 1 resource from src\main\resources to target\classes
2025-07-04 18:23:00,398 [Worker-22: Building] INFO  o.a.m.s.f.DefaultMavenResourcesFiltering - Copying 0 resource from src\main\resources to target\classes
2025-07-04 18:23:00,405 [Worker-22: Building] INFO  o.a.m.s.f.DefaultMavenResourcesFiltering - skip non existing resourceDirectory C:\Users\Shree\Desktop\FULL STACK\JRTP\01_MINI_projects\Insurance_Report_App\src\test\resources
2025-07-04 18:38:04,970 [Worker-19: Building] INFO  o.a.m.s.f.DefaultMavenResourcesFiltering - Copying 1 resource from src\main\resources to target\classes
2025-07-04 18:38:04,986 [Worker-19: Building] INFO  o.a.m.s.f.DefaultMavenResourcesFiltering - Copying 0 resource from src\main\resources to target\classes
2025-07-04 18:38:04,992 [Worker-19: Building] INFO  o.a.m.s.f.DefaultMavenResourcesFiltering - skip non existing resourceDirectory C:\Users\Shree\Desktop\FULL STACK\JRTP\01_MINI_projects\Insurance_Report_App\src\test\resources
2025-07-04 18:40:52,495 [Worker-19: Building] INFO  o.a.m.s.f.DefaultMavenResourcesFiltering - Copying 0 resource from src\main\resources to target\classes
2025-07-04 18:40:52,497 [Worker-19: Building] INFO  o.a.m.s.f.DefaultMavenResourcesFiltering - Copying 0 resource from src\main\resources to target\classes
2025-07-04 18:40:52,502 [Worker-19: Building] INFO  o.a.m.s.f.DefaultMavenResourcesFiltering - skip non existing resourceDirectory C:\Users\Shree\Desktop\FULL STACK\JRTP\01_MINI_projects\Insurance_Report_App\src\test\resources
2025-07-04 18:44:32,531 [Worker-25: Building] INFO  o.a.m.s.f.DefaultMavenResourcesFiltering - Copying 1 resource from src\main\resources to target\classes
2025-07-04 18:44:32,543 [Worker-25: Building] INFO  o.a.m.s.f.DefaultMavenResourcesFiltering - Copying 0 resource from src\main\resources to target\classes
2025-07-04 18:44:32,550 [Worker-25: Building] INFO  o.a.m.s.f.DefaultMavenResourcesFiltering - skip non existing resourceDirectory C:\Users\Shree\Desktop\FULL STACK\JRTP\01_MINI_projects\Insurance_Report_App\src\test\resources
2025-07-04 18:48:37,253 [Worker-19: Building] INFO  o.a.m.s.f.DefaultMavenResourcesFiltering - Copying 1 resource from src\main\resources to target\classes
2025-07-04 18:48:37,266 [Worker-19: Building] INFO  o.a.m.s.f.DefaultMavenResourcesFiltering - Copying 0 resource from src\main\resources to target\classes
2025-07-04 18:48:37,273 [Worker-19: Building] INFO  o.a.m.s.f.DefaultMavenResourcesFiltering - skip non existing resourceDirectory C:\Users\Shree\Desktop\FULL STACK\JRTP\01_MINI_projects\Insurance_Report_App\src\test\resources
2025-07-04 18:48:45,131 [Worker-19: Building] INFO  o.a.m.s.f.DefaultMavenResourcesFiltering - Copying 0 resource from src\main\resources to target\classes
2025-07-04 18:48:45,133 [Worker-19: Building] INFO  o.a.m.s.f.DefaultMavenResourcesFiltering - Copying 0 resource from src\main\resources to target\classes
2025-07-04 18:48:45,137 [Worker-19: Building] INFO  o.a.m.s.f.DefaultMavenResourcesFiltering - skip non existing resourceDirectory C:\Users\Shree\Desktop\FULL STACK\JRTP\01_MINI_projects\Insurance_Report_App\src\test\resources
2025-07-05 11:32:29,124 [Worker-5: Loading available Gradle versions] INFO  o.e.b.c.i.u.g.PublishedGradleVersions - Gradle version information cache is up-to-date. Trying to read.
2025-07-05 17:36:38,136 [Worker-31: Updating Maven Dependencies] INFO  o.e.m.c.i.l.LifecycleMappingFactory - Using org.maven.ide.eclipse.wtp.WarLifecycleMapping lifecycle mapping for MavenProject: com.example:01_ReportsApp:0.0.1-SNAPSHOT @ C:\Users\Shree\Desktop\FULL STACK\JRTP\01_MINI_projects\Insurance_Report_App\pom.xml.
2025-07-05 17:36:39,219 [Worker-27: Building] INFO  o.e.m.c.i.l.LifecycleMappingFactory - Using org.maven.ide.eclipse.wtp.WarLifecycleMapping lifecycle mapping for MavenProject: com.example:01_ReportsApp:0.0.1-SNAPSHOT @ C:\Users\Shree\Desktop\FULL STACK\JRTP\01_MINI_projects\Insurance_Report_App\pom.xml.
2025-07-05 17:36:45,069 [Worker-27: Building] INFO  o.a.m.s.f.DefaultMavenResourcesFiltering - Copying 1 resource from src\main\resources to target\classes
2025-07-05 17:36:45,104 [Worker-27: Building] INFO  o.a.m.s.f.DefaultMavenResourcesFiltering - Copying 0 resource from src\main\resources to target\classes
2025-07-05 17:36:45,115 [Worker-27: Building] INFO  o.a.m.s.f.DefaultMavenResourcesFiltering - skip non existing resourceDirectory C:\Users\Shree\Desktop\FULL STACK\JRTP\01_MINI_projects\Insurance_Report_App\src\test\resources
2025-07-05 17:36:47,208 [Worker-27: Updating Maven Dependencies] INFO  o.e.m.c.i.l.LifecycleMappingFactory - Using org.maven.ide.eclipse.wtp.WarLifecycleMapping lifecycle mapping for MavenProject: com.example:01_ReportsApp:0.0.1-SNAPSHOT @ C:\Users\Shree\Desktop\FULL STACK\JRTP\01_MINI_projects\Insurance_Report_App\pom.xml.
2025-07-06 08:39:34,450 [Worker-2: Loading available Gradle versions] INFO  o.e.b.c.i.u.g.PublishedGradleVersions - Gradle version information cache is out-of-date. Trying to update.
2025-07-06 08:55:34,837 [Worker-7: Building] INFO  o.a.m.s.f.DefaultMavenResourcesFiltering - Copying 1 resource from src\main\resources to target\classes
2025-07-06 08:55:34,863 [Worker-7: Building] INFO  o.a.m.s.f.DefaultMavenResourcesFiltering - Copying 0 resource from src\main\resources to target\classes
2025-07-06 08:55:34,874 [Worker-7: Building] INFO  o.a.m.s.f.DefaultMavenResourcesFiltering - skip non existing resourceDirectory C:\Users\Shree\Desktop\FULL STACK\JRTP\01_MINI_projects\Insurance_Report_App\src\test\resources
2025-07-06 11:11:25,235 [Worker-16: Building] INFO  o.a.m.s.f.DefaultMavenResourcesFiltering - Copying 1 resource from src\main\resources to target\classes
2025-07-06 11:11:25,330 [Worker-16: Building] INFO  o.a.m.s.f.DefaultMavenResourcesFiltering - Copying 0 resource from src\main\resources to target\classes
2025-07-06 11:11:25,339 [Worker-16: Building] INFO  o.a.m.s.f.DefaultMavenResourcesFiltering - skip non existing resourceDirectory C:\Users\Shree\Desktop\FULL STACK\JRTP\01_MINI_projects\Insurance_Report_App\src\test\resources
2025-07-06 11:11:49,310 [Worker-24: Building] INFO  o.a.m.s.f.DefaultMavenResourcesFiltering - Copying 1 resource from src\main\resources to target\classes
2025-07-06 11:11:49,338 [Worker-24: Building] INFO  o.a.m.s.f.DefaultMavenResourcesFiltering - Copying 0 resource from src\main\resources to target\classes
2025-07-06 11:11:49,350 [Worker-24: Building] INFO  o.a.m.s.f.DefaultMavenResourcesFiltering - skip non existing resourceDirectory C:\Users\Shree\Desktop\FULL STACK\JRTP\01_MINI_projects\Insurance_Report_App\src\test\resources
2025-07-06 12:05:16,782 [Worker-23: Building] INFO  o.a.m.s.f.DefaultMavenResourcesFiltering - Copying 1 resource from src\main\resources to target\classes
2025-07-06 12:05:16,822 [Worker-23: Building] INFO  o.a.m.s.f.DefaultMavenResourcesFiltering - Copying 0 resource from src\main\resources to target\classes
2025-07-06 12:05:16,836 [Worker-23: Building] INFO  o.a.m.s.f.DefaultMavenResourcesFiltering - skip non existing resourceDirectory C:\Users\Shree\Desktop\FULL STACK\JRTP\01_MINI_projects\Insurance_Report_App\src\test\resources
2025-07-07 07:55:34,879 [Worker-4: Loading available Gradle versions] INFO  o.e.b.c.i.u.g.PublishedGradleVersions - Gradle version information cache is up-to-date. Trying to read.
2025-07-07 08:22:07,165 [Worker-17: Launching Insurance_Report_App - InsuranceReportAppApplication] INFO  o.a.m.s.f.DefaultMavenResourcesFiltering - Copying 1 resource from src\main\resources to target\classes
2025-07-07 08:22:07,224 [Worker-17: Launching Insurance_Report_App - InsuranceReportAppApplication] INFO  o.a.m.s.f.DefaultMavenResourcesFiltering - Copying 0 resource from src\main\resources to target\classes
2025-07-07 08:22:07,234 [Worker-17: Launching Insurance_Report_App - InsuranceReportAppApplication] INFO  o.a.m.s.f.DefaultMavenResourcesFiltering - skip non existing resourceDirectory C:\Users\Shree\Desktop\FULL STACK\JRTP\01_MINI_projects\Insurance_Report_App\src\test\resources
2025-07-07 08:23:27,791 [Worker-17: Building] INFO  o.a.m.s.f.DefaultMavenResourcesFiltering - Copying 1 resource from src\main\resources to target\classes
2025-07-07 08:23:27,807 [Worker-17: Building] INFO  o.a.m.s.f.DefaultMavenResourcesFiltering - Copying 0 resource from src\main\resources to target\classes
2025-07-07 08:23:27,815 [Worker-17: Building] INFO  o.a.m.s.f.DefaultMavenResourcesFiltering - skip non existing resourceDirectory C:\Users\Shree\Desktop\FULL STACK\JRTP\01_MINI_projects\Insurance_Report_App\src\test\resources
2025-07-07 08:25:15,661 [Worker-19: Building] INFO  o.a.m.s.f.DefaultMavenResourcesFiltering - Copying 1 resource from src\main\resources to target\classes
2025-07-07 08:25:15,674 [Worker-19: Building] INFO  o.a.m.s.f.DefaultMavenResourcesFiltering - Copying 0 resource from src\main\resources to target\classes
2025-07-07 08:25:15,681 [Worker-19: Building] INFO  o.a.m.s.f.DefaultMavenResourcesFiltering - skip non existing resourceDirectory C:\Users\Shree\Desktop\FULL STACK\JRTP\01_MINI_projects\Insurance_Report_App\src\test\resources
2025-07-07 08:29:49,897 [Worker-15: Building] INFO  o.a.m.s.f.DefaultMavenResourcesFiltering - Copying 1 resource from src\main\resources to target\classes
2025-07-07 08:29:49,910 [Worker-15: Building] INFO  o.a.m.s.f.DefaultMavenResourcesFiltering - Copying 0 resource from src\main\resources to target\classes
2025-07-07 08:29:49,917 [Worker-15: Building] INFO  o.a.m.s.f.DefaultMavenResourcesFiltering - skip non existing resourceDirectory C:\Users\Shree\Desktop\FULL STACK\JRTP\01_MINI_projects\Insurance_Report_App\src\test\resources
2025-07-07 08:31:45,428 [Worker-23: Building] INFO  o.a.m.s.f.DefaultMavenResourcesFiltering - Copying 1 resource from src\main\resources to target\classes
2025-07-07 08:31:45,439 [Worker-23: Building] INFO  o.a.m.s.f.DefaultMavenResourcesFiltering - Copying 0 resource from src\main\resources to target\classes
2025-07-07 08:31:45,447 [Worker-23: Building] INFO  o.a.m.s.f.DefaultMavenResourcesFiltering - skip non existing resourceDirectory C:\Users\Shree\Desktop\FULL STACK\JRTP\01_MINI_projects\Insurance_Report_App\src\test\resources
2025-07-07 09:54:45,317 [Worker-18: Building] INFO  o.a.m.s.f.DefaultMavenResourcesFiltering - Copying 1 resource from src\main\resources to target\classes
2025-07-07 09:54:45,513 [Worker-18: Building] INFO  o.a.m.s.f.DefaultMavenResourcesFiltering - Copying 0 resource from src\main\resources to target\classes
2025-07-07 09:54:45,534 [Worker-18: Building] INFO  o.a.m.s.f.DefaultMavenResourcesFiltering - skip non existing resourceDirectory C:\Users\Shree\Desktop\FULL STACK\JRTP\01_MINI_projects\Insurance_Report_App\src\test\resources
2025-07-07 11:26:17,246 [Worker-3: Loading available Gradle versions] INFO  o.e.b.c.i.u.g.PublishedGradleVersions - Gradle version information cache is out-of-date. Trying to update.
2025-07-08 20:34:02,479 [Worker-5: Loading available Gradle versions] INFO  o.e.b.c.i.u.g.PublishedGradleVersions - Gradle version information cache is out-of-date. Trying to update.
2025-07-08 20:34:34,851 [Worker-9: Launching Insurance_Report_App - InsuranceReportAppApplication] INFO  o.a.m.s.f.DefaultMavenResourcesFiltering - Copying 1 resource from src\main\resources to target\classes
2025-07-08 20:34:34,939 [Worker-9: Launching Insurance_Report_App - InsuranceReportAppApplication] INFO  o.a.m.s.f.DefaultMavenResourcesFiltering - Copying 0 resource from src\main\resources to target\classes
2025-07-08 20:34:34,957 [Worker-9: Launching Insurance_Report_App - InsuranceReportAppApplication] INFO  o.a.m.s.f.DefaultMavenResourcesFiltering - skip non existing resourceDirectory C:\Users\Shree\Desktop\FULL STACK\JRTP\01_MINI_projects\Insurance_Report_App\src\test\resources
2025-07-09 10:22:08,361 [Worker-4: Loading available Gradle versions] INFO  o.e.b.c.i.u.g.PublishedGradleVersions - Gradle version information cache is up-to-date. Trying to read.
2025-07-09 10:27:20,231 [Worker-4: Loading available Gradle versions] INFO  o.e.b.c.i.u.g.PublishedGradleVersions - Gradle version information cache is up-to-date. Trying to read.
2025-07-09 10:29:15,769 [Worker-4: Loading available Gradle versions] INFO  o.e.b.c.i.u.g.PublishedGradleVersions - Gradle version information cache is up-to-date. Trying to read.
2025-07-09 10:30:26,354 [Worker-4: Loading available Gradle versions] INFO  o.e.b.c.i.u.g.PublishedGradleVersions - Gradle version information cache is up-to-date. Trying to read.
2025-07-09 10:32:37,539 [Worker-4: Loading available Gradle versions] INFO  o.e.b.c.i.u.g.PublishedGradleVersions - Gradle version information cache is up-to-date. Trying to read.
2025-07-09 10:34:56,932 [Worker-6: Building] INFO  o.e.m.c.i.l.LifecycleMappingFactory - Using org.maven.ide.eclipse.wtp.WarLifecycleMapping lifecycle mapping for MavenProject: com.example:02_MiniProject_App-1:0.0.1-SNAPSHOT @ C:\Users\Shree\Desktop\FULL STACK\JRTP\01_MINI_projects\Student_CRM\pom.xml.
2025-07-09 10:35:01,578 [Worker-6: Building] INFO  o.a.m.s.f.DefaultMavenResourcesFiltering - Copying 1 resource from src\main\resources to target\classes
2025-07-09 10:35:01,610 [Worker-6: Building] INFO  o.a.m.s.f.DefaultMavenResourcesFiltering - Copying 10 resources from src\main\resources to target\classes
2025-07-09 10:35:01,659 [Worker-6: Building] INFO  o.a.m.s.f.DefaultMavenResourcesFiltering - skip non existing resourceDirectory C:\Users\Shree\Desktop\FULL STACK\JRTP\01_MINI_projects\Student_CRM\src\test\resources
2025-07-09 10:35:06,557 [Worker-1: Updating Maven Dependencies] INFO  o.e.m.c.i.l.LifecycleMappingFactory - Using org.maven.ide.eclipse.wtp.WarLifecycleMapping lifecycle mapping for MavenProject: com.example:01_ReportsApp:0.0.1-SNAPSHOT @ C:\Users\Shree\Desktop\FULL STACK\JRTP\01_MINI_projects\Insurance_Report_App\pom.xml.
2025-07-09 10:35:06,780 [Worker-12: Building] INFO  o.a.m.s.f.DefaultMavenResourcesFiltering - Copying 1 resource from src\main\resources to target\classes
2025-07-09 10:35:06,817 [Worker-12: Building] INFO  o.a.m.s.f.DefaultMavenResourcesFiltering - Copying 0 resource from src\main\resources to target\classes
2025-07-09 10:35:06,828 [Worker-12: Building] INFO  o.a.m.s.f.DefaultMavenResourcesFiltering - skip non existing resourceDirectory C:\Users\Shree\Desktop\FULL STACK\JRTP\01_MINI_projects\Insurance_Report_App\src\test\resources
2025-07-09 10:35:15,296 [Worker-6: Building] INFO  o.a.m.s.f.DefaultMavenResourcesFiltering - Copying 1 resource from src\main\resources to target\classes
2025-07-09 10:35:15,299 [Worker-6: Building] INFO  o.a.m.s.f.DefaultMavenResourcesFiltering - Copying 10 resources from src\main\resources to target\classes
2025-07-09 10:35:15,328 [Worker-6: Building] INFO  o.a.m.s.f.DefaultMavenResourcesFiltering - skip non existing resourceDirectory C:\Users\Shree\Desktop\FULL STACK\JRTP\01_MINI_projects\Student_CRM\src\test\resources
2025-07-09 10:35:34,488 [Worker-8: Building] INFO  o.a.m.s.f.DefaultMavenResourcesFiltering - Copying 1 resource from src\main\resources to target\classes
2025-07-09 10:35:34,507 [Worker-8: Building] INFO  o.a.m.s.f.DefaultMavenResourcesFiltering - Copying 0 resource from src\main\resources to target\classes
2025-07-09 10:35:34,517 [Worker-8: Building] INFO  o.a.m.s.f.DefaultMavenResourcesFiltering - skip non existing resourceDirectory C:\Users\Shree\Desktop\FULL STACK\JRTP\01_MINI_projects\Student_CRM\src\test\resources
2025-07-09 10:44:32,273 [Worker-13: Building] INFO  o.a.m.s.f.DefaultMavenResourcesFiltering - Copying 0 resource from src\main\resources to target\classes
2025-07-09 10:44:32,289 [Worker-13: Building] INFO  o.a.m.s.f.DefaultMavenResourcesFiltering - Copying 7 resources from src\main\resources to target\classes
2025-07-09 10:44:32,327 [Worker-13: Building] INFO  o.a.m.s.f.DefaultMavenResourcesFiltering - skip non existing resourceDirectory C:\Users\Shree\Desktop\FULL STACK\JRTP\01_MINI_projects\Student_CRM\src\test\resources
2025-07-09 13:06:58,899 [Worker-5: Loading available Gradle versions] INFO  o.e.b.c.i.u.g.PublishedGradleVersions - Gradle version information cache is up-to-date. Trying to read.
2025-07-09 15:48:08,798 [Worker-2: Loading available Gradle versions] INFO  o.e.b.c.i.u.g.PublishedGradleVersions - Gradle version information cache is up-to-date. Trying to read.
2025-07-09 15:55:16,269 [Worker-3: Building] INFO  o.a.m.s.f.DefaultMavenResourcesFiltering - Copying 1 resource from src\main\resources to target\classes
2025-07-09 15:55:16,318 [Worker-3: Building] INFO  o.a.m.s.f.DefaultMavenResourcesFiltering - Copying 17 resources from src\main\resources to target\classes
2025-07-09 15:55:16,363 [Worker-3: Building] INFO  o.a.m.s.f.DefaultMavenResourcesFiltering - skip non existing resourceDirectory C:\Users\Shree\Desktop\FULL STACK\JRTP\01_MINI_projects\Student_CRM\src\test\resources
2025-07-09 15:55:24,306 [Worker-16: Building] INFO  o.a.m.s.f.DefaultMavenResourcesFiltering - Copying 1 resource from src\main\resources to target\classes
2025-07-09 15:55:24,318 [Worker-16: Building] INFO  o.a.m.s.f.DefaultMavenResourcesFiltering - Copying 17 resources from src\main\resources to target\classes
2025-07-09 15:55:24,345 [Worker-16: Building] INFO  o.a.m.s.f.DefaultMavenResourcesFiltering - skip non existing resourceDirectory C:\Users\Shree\Desktop\FULL STACK\JRTP\01_MINI_projects\Student_CRM\src\test\resources
2025-07-09 17:39:01,907 [Worker-25: Building] INFO  o.a.m.s.f.DefaultMavenResourcesFiltering - Copying 1 resource from src\main\resources to target\classes
2025-07-09 17:39:01,957 [Worker-25: Building] INFO  o.a.m.s.f.DefaultMavenResourcesFiltering - Copying 17 resources from src\main\resources to target\classes
2025-07-09 17:39:01,986 [Worker-25: Building] INFO  o.a.m.s.f.DefaultMavenResourcesFiltering - skip non existing resourceDirectory C:\Users\Shree\Desktop\FULL STACK\JRTP\01_MINI_projects\Student_CRM\src\test\resources
2025-07-09 17:54:06,966 [Worker-36: Building] INFO  o.a.m.s.f.DefaultMavenResourcesFiltering - Copying 1 resource from src\main\resources to target\classes
2025-07-09 17:54:06,984 [Worker-36: Building] INFO  o.a.m.s.f.DefaultMavenResourcesFiltering - Copying 17 resources from src\main\resources to target\classes
2025-07-09 17:54:07,003 [Worker-36: Building] INFO  o.a.m.s.f.DefaultMavenResourcesFiltering - skip non existing resourceDirectory C:\Users\Shree\Desktop\FULL STACK\JRTP\01_MINI_projects\Student_CRM\src\test\resources
2025-07-09 18:23:26,780 [Worker-3: Loading available Gradle versions] INFO  o.e.b.c.i.u.g.PublishedGradleVersions - Gradle version information cache is up-to-date. Trying to read.
2025-07-10 09:01:22,853 [Worker-6: Loading available Gradle versions] INFO  o.e.b.c.i.u.g.PublishedGradleVersions - Gradle version information cache is out-of-date. Trying to update.
2025-07-10 09:02:31,585 [Worker-3: Building] INFO  o.a.m.s.f.DefaultMavenResourcesFiltering - Copying 1 resource from src\main\resources to target\classes
2025-07-10 09:02:31,621 [Worker-3: Building] INFO  o.a.m.s.f.DefaultMavenResourcesFiltering - Copying 17 resources from src\main\resources to target\classes
2025-07-10 09:02:31,691 [Worker-3: Building] INFO  o.a.m.s.f.DefaultMavenResourcesFiltering - skip non existing resourceDirectory C:\Users\Shree\Desktop\FULL STACK\JRTP\01_MINI_projects\Student_CRM\src\test\resources
2025-07-10 09:02:53,337 [Worker-5: Building] INFO  o.a.m.s.f.DefaultMavenResourcesFiltering - Copying 1 resource from src\main\resources to target\classes
2025-07-10 09:02:53,351 [Worker-5: Building] INFO  o.a.m.s.f.DefaultMavenResourcesFiltering - Copying 17 resources from src\main\resources to target\classes
2025-07-10 09:02:53,380 [Worker-5: Building] INFO  o.a.m.s.f.DefaultMavenResourcesFiltering - skip non existing resourceDirectory C:\Users\Shree\Desktop\FULL STACK\JRTP\01_MINI_projects\Student_CRM\src\test\resources
2025-07-10 09:03:10,872 [Worker-4: Building] INFO  o.a.m.s.f.DefaultMavenResourcesFiltering - Copying 1 resource from src\main\resources to target\classes
2025-07-10 09:03:10,888 [Worker-4: Building] INFO  o.a.m.s.f.DefaultMavenResourcesFiltering - Copying 17 resources from src\main\resources to target\classes
2025-07-10 09:03:10,914 [Worker-4: Building] INFO  o.a.m.s.f.DefaultMavenResourcesFiltering - skip non existing resourceDirectory C:\Users\Shree\Desktop\FULL STACK\JRTP\01_MINI_projects\Student_CRM\src\test\resources
2025-07-10 09:03:49,500 [Worker-11: Building] INFO  o.a.m.s.f.DefaultMavenResourcesFiltering - Copying 1 resource from src\main\resources to target\classes
2025-07-10 09:03:49,516 [Worker-11: Building] INFO  o.a.m.s.f.DefaultMavenResourcesFiltering - Copying 17 resources from src\main\resources to target\classes
2025-07-10 09:03:49,566 [Worker-11: Building] INFO  o.a.m.s.f.DefaultMavenResourcesFiltering - skip non existing resourceDirectory C:\Users\Shree\Desktop\FULL STACK\JRTP\01_MINI_projects\Student_CRM\src\test\resources
2025-07-10 09:03:57,825 [Worker-6: Building] INFO  o.a.m.s.f.DefaultMavenResourcesFiltering - Copying 1 resource from src\main\resources to target\classes
2025-07-10 09:03:57,841 [Worker-6: Building] INFO  o.a.m.s.f.DefaultMavenResourcesFiltering - Copying 17 resources from src\main\resources to target\classes
2025-07-10 09:03:57,866 [Worker-6: Building] INFO  o.a.m.s.f.DefaultMavenResourcesFiltering - skip non existing resourceDirectory C:\Users\Shree\Desktop\FULL STACK\JRTP\01_MINI_projects\Student_CRM\src\test\resources
2025-07-10 09:04:04,670 [Worker-13: Building] INFO  o.a.m.s.f.DefaultMavenResourcesFiltering - Copying 1 resource from src\main\resources to target\classes
2025-07-10 09:04:04,682 [Worker-13: Building] INFO  o.a.m.s.f.DefaultMavenResourcesFiltering - Copying 17 resources from src\main\resources to target\classes
2025-07-10 09:04:04,697 [Worker-13: Building] INFO  o.a.m.s.f.DefaultMavenResourcesFiltering - skip non existing resourceDirectory C:\Users\Shree\Desktop\FULL STACK\JRTP\01_MINI_projects\Student_CRM\src\test\resources
2025-07-10 09:04:12,488 [Worker-10: Building] INFO  o.a.m.s.f.DefaultMavenResourcesFiltering - Copying 1 resource from src\main\resources to target\classes
2025-07-10 09:04:12,500 [Worker-10: Building] INFO  o.a.m.s.f.DefaultMavenResourcesFiltering - Copying 17 resources from src\main\resources to target\classes
2025-07-10 09:04:12,514 [Worker-10: Building] INFO  o.a.m.s.f.DefaultMavenResourcesFiltering - skip non existing resourceDirectory C:\Users\Shree\Desktop\FULL STACK\JRTP\01_MINI_projects\Student_CRM\src\test\resources
2025-07-10 09:04:55,062 [Worker-13: Building] INFO  o.a.m.s.f.DefaultMavenResourcesFiltering - Copying 1 resource from src\main\resources to target\classes
2025-07-10 09:04:55,083 [Worker-13: Building] INFO  o.a.m.s.f.DefaultMavenResourcesFiltering - Copying 17 resources from src\main\resources to target\classes
2025-07-10 09:04:55,111 [Worker-13: Building] INFO  o.a.m.s.f.DefaultMavenResourcesFiltering - skip non existing resourceDirectory C:\Users\Shree\Desktop\FULL STACK\JRTP\01_MINI_projects\Student_CRM\src\test\resources
2025-07-10 09:05:21,473 [Worker-9: Building] INFO  o.a.m.s.f.DefaultMavenResourcesFiltering - Copying 1 resource from src\main\resources to target\classes
2025-07-10 09:05:21,488 [Worker-9: Building] INFO  o.a.m.s.f.DefaultMavenResourcesFiltering - Copying 17 resources from src\main\resources to target\classes
2025-07-10 09:05:21,509 [Worker-9: Building] INFO  o.a.m.s.f.DefaultMavenResourcesFiltering - skip non existing resourceDirectory C:\Users\Shree\Desktop\FULL STACK\JRTP\01_MINI_projects\Student_CRM\src\test\resources
2025-07-10 09:05:32,689 [Worker-7: Building] INFO  o.a.m.s.f.DefaultMavenResourcesFiltering - Copying 1 resource from src\main\resources to target\classes
2025-07-10 09:05:32,702 [Worker-7: Building] INFO  o.a.m.s.f.DefaultMavenResourcesFiltering - Copying 17 resources from src\main\resources to target\classes
2025-07-10 09:05:32,725 [Worker-7: Building] INFO  o.a.m.s.f.DefaultMavenResourcesFiltering - skip non existing resourceDirectory C:\Users\Shree\Desktop\FULL STACK\JRTP\01_MINI_projects\Student_CRM\src\test\resources
2025-07-10 09:05:44,076 [Worker-15: Building] INFO  o.a.m.s.f.DefaultMavenResourcesFiltering - Copying 1 resource from src\main\resources to target\classes
2025-07-10 09:05:44,086 [Worker-15: Building] INFO  o.a.m.s.f.DefaultMavenResourcesFiltering - Copying 17 resources from src\main\resources to target\classes
2025-07-10 09:05:44,098 [Worker-15: Building] INFO  o.a.m.s.f.DefaultMavenResourcesFiltering - skip non existing resourceDirectory C:\Users\Shree\Desktop\FULL STACK\JRTP\01_MINI_projects\Student_CRM\src\test\resources
2025-07-10 09:06:14,777 [Worker-3: Building] INFO  o.a.m.s.f.DefaultMavenResourcesFiltering - Copying 1 resource from src\main\resources to target\classes
2025-07-10 09:06:14,788 [Worker-3: Building] INFO  o.a.m.s.f.DefaultMavenResourcesFiltering - Copying 17 resources from src\main\resources to target\classes
2025-07-10 09:06:14,805 [Worker-3: Building] INFO  o.a.m.s.f.DefaultMavenResourcesFiltering - skip non existing resourceDirectory C:\Users\Shree\Desktop\FULL STACK\JRTP\01_MINI_projects\Student_CRM\src\test\resources
2025-07-10 09:06:37,195 [Worker-4: Building] INFO  o.a.m.s.f.DefaultMavenResourcesFiltering - Copying 1 resource from src\main\resources to target\classes
2025-07-10 09:06:37,210 [Worker-4: Building] INFO  o.a.m.s.f.DefaultMavenResourcesFiltering - Copying 17 resources from src\main\resources to target\classes
2025-07-10 09:06:37,259 [Worker-4: Building] INFO  o.a.m.s.f.DefaultMavenResourcesFiltering - skip non existing resourceDirectory C:\Users\Shree\Desktop\FULL STACK\JRTP\01_MINI_projects\Student_CRM\src\test\resources
2025-07-10 09:06:42,611 [Worker-5: Building] INFO  o.a.m.s.f.DefaultMavenResourcesFiltering - Copying 1 resource from src\main\resources to target\classes
2025-07-10 09:06:42,624 [Worker-5: Building] INFO  o.a.m.s.f.DefaultMavenResourcesFiltering - Copying 17 resources from src\main\resources to target\classes
2025-07-10 09:06:42,645 [Worker-5: Building] INFO  o.a.m.s.f.DefaultMavenResourcesFiltering - skip non existing resourceDirectory C:\Users\Shree\Desktop\FULL STACK\JRTP\01_MINI_projects\Student_CRM\src\test\resources
2025-07-10 09:06:52,170 [Worker-16: Building] INFO  o.a.m.s.f.DefaultMavenResourcesFiltering - Copying 1 resource from src\main\resources to target\classes
2025-07-10 09:06:52,184 [Worker-16: Building] INFO  o.a.m.s.f.DefaultMavenResourcesFiltering - Copying 17 resources from src\main\resources to target\classes
2025-07-10 09:06:52,200 [Worker-16: Building] INFO  o.a.m.s.f.DefaultMavenResourcesFiltering - skip non existing resourceDirectory C:\Users\Shree\Desktop\FULL STACK\JRTP\01_MINI_projects\Student_CRM\src\test\resources
2025-07-10 09:07:01,764 [Worker-8: Building] INFO  o.a.m.s.f.DefaultMavenResourcesFiltering - Copying 1 resource from src\main\resources to target\classes
2025-07-10 09:07:01,776 [Worker-8: Building] INFO  o.a.m.s.f.DefaultMavenResourcesFiltering - Copying 17 resources from src\main\resources to target\classes
2025-07-10 09:07:01,790 [Worker-8: Building] INFO  o.a.m.s.f.DefaultMavenResourcesFiltering - skip non existing resourceDirectory C:\Users\Shree\Desktop\FULL STACK\JRTP\01_MINI_projects\Student_CRM\src\test\resources
2025-07-10 09:07:16,690 [Worker-2: Building] INFO  o.a.m.s.f.DefaultMavenResourcesFiltering - Copying 1 resource from src\main\resources to target\classes
2025-07-10 09:07:16,701 [Worker-2: Building] INFO  o.a.m.s.f.DefaultMavenResourcesFiltering - Copying 17 resources from src\main\resources to target\classes
2025-07-10 09:07:16,715 [Worker-2: Building] INFO  o.a.m.s.f.DefaultMavenResourcesFiltering - skip non existing resourceDirectory C:\Users\Shree\Desktop\FULL STACK\JRTP\01_MINI_projects\Student_CRM\src\test\resources
2025-07-10 09:08:49,321 [Worker-4: Building] INFO  o.a.m.s.f.DefaultMavenResourcesFiltering - Copying 1 resource from src\main\resources to target\classes
2025-07-10 09:08:49,337 [Worker-4: Building] INFO  o.a.m.s.f.DefaultMavenResourcesFiltering - Copying 17 resources from src\main\resources to target\classes
2025-07-10 09:08:49,360 [Worker-4: Building] INFO  o.a.m.s.f.DefaultMavenResourcesFiltering - skip non existing resourceDirectory C:\Users\Shree\Desktop\FULL STACK\JRTP\01_MINI_projects\Student_CRM\src\test\resources
2025-07-10 09:08:53,973 [Worker-11: Building] INFO  o.a.m.s.f.DefaultMavenResourcesFiltering - Copying 1 resource from src\main\resources to target\classes
2025-07-10 09:08:53,985 [Worker-11: Building] INFO  o.a.m.s.f.DefaultMavenResourcesFiltering - Copying 17 resources from src\main\resources to target\classes
2025-07-10 09:08:53,998 [Worker-11: Building] INFO  o.a.m.s.f.DefaultMavenResourcesFiltering - skip non existing resourceDirectory C:\Users\Shree\Desktop\FULL STACK\JRTP\01_MINI_projects\Student_CRM\src\test\resources
2025-07-10 09:08:56,885 [Worker-3: Building] INFO  o.a.m.s.f.DefaultMavenResourcesFiltering - Copying 1 resource from src\main\resources to target\classes
2025-07-10 09:08:56,905 [Worker-3: Building] INFO  o.a.m.s.f.DefaultMavenResourcesFiltering - Copying 17 resources from src\main\resources to target\classes
2025-07-10 09:08:56,927 [Worker-3: Building] INFO  o.a.m.s.f.DefaultMavenResourcesFiltering - skip non existing resourceDirectory C:\Users\Shree\Desktop\FULL STACK\JRTP\01_MINI_projects\Student_CRM\src\test\resources
2025-07-10 09:08:58,276 [Worker-1: Building] INFO  o.a.m.s.f.DefaultMavenResourcesFiltering - Copying 1 resource from src\main\resources to target\classes
2025-07-10 09:08:58,287 [Worker-1: Building] INFO  o.a.m.s.f.DefaultMavenResourcesFiltering - Copying 17 resources from src\main\resources to target\classes
2025-07-10 09:08:58,300 [Worker-1: Building] INFO  o.a.m.s.f.DefaultMavenResourcesFiltering - skip non existing resourceDirectory C:\Users\Shree\Desktop\FULL STACK\JRTP\01_MINI_projects\Student_CRM\src\test\resources
2025-07-10 09:09:00,464 [Worker-8: Building] INFO  o.a.m.s.f.DefaultMavenResourcesFiltering - Copying 1 resource from src\main\resources to target\classes
2025-07-10 09:09:00,474 [Worker-8: Building] INFO  o.a.m.s.f.DefaultMavenResourcesFiltering - Copying 17 resources from src\main\resources to target\classes
2025-07-10 09:09:00,487 [Worker-8: Building] INFO  o.a.m.s.f.DefaultMavenResourcesFiltering - skip non existing resourceDirectory C:\Users\Shree\Desktop\FULL STACK\JRTP\01_MINI_projects\Student_CRM\src\test\resources
2025-07-10 09:09:03,645 [Worker-7: Building] INFO  o.a.m.s.f.DefaultMavenResourcesFiltering - Copying 1 resource from src\main\resources to target\classes
2025-07-10 09:09:03,656 [Worker-7: Building] INFO  o.a.m.s.f.DefaultMavenResourcesFiltering - Copying 17 resources from src\main\resources to target\classes
2025-07-10 09:09:03,671 [Worker-7: Building] INFO  o.a.m.s.f.DefaultMavenResourcesFiltering - skip non existing resourceDirectory C:\Users\Shree\Desktop\FULL STACK\JRTP\01_MINI_projects\Student_CRM\src\test\resources
2025-07-10 09:09:05,865 [Worker-6: Building] INFO  o.a.m.s.f.DefaultMavenResourcesFiltering - Copying 1 resource from src\main\resources to target\classes
2025-07-10 09:09:05,877 [Worker-6: Building] INFO  o.a.m.s.f.DefaultMavenResourcesFiltering - Copying 17 resources from src\main\resources to target\classes
2025-07-10 09:09:05,890 [Worker-6: Building] INFO  o.a.m.s.f.DefaultMavenResourcesFiltering - skip non existing resourceDirectory C:\Users\Shree\Desktop\FULL STACK\JRTP\01_MINI_projects\Student_CRM\src\test\resources
2025-07-10 09:09:18,809 [Worker-3: Building] INFO  o.a.m.s.f.DefaultMavenResourcesFiltering - Copying 1 resource from src\main\resources to target\classes
2025-07-10 09:09:18,821 [Worker-3: Building] INFO  o.a.m.s.f.DefaultMavenResourcesFiltering - Copying 17 resources from src\main\resources to target\classes
2025-07-10 09:09:18,839 [Worker-3: Building] INFO  o.a.m.s.f.DefaultMavenResourcesFiltering - skip non existing resourceDirectory C:\Users\Shree\Desktop\FULL STACK\JRTP\01_MINI_projects\Student_CRM\src\test\resources
2025-07-10 09:09:21,147 [Worker-6: Building] INFO  o.a.m.s.f.DefaultMavenResourcesFiltering - Copying 1 resource from src\main\resources to target\classes
2025-07-10 09:09:21,159 [Worker-6: Building] INFO  o.a.m.s.f.DefaultMavenResourcesFiltering - Copying 17 resources from src\main\resources to target\classes
2025-07-10 09:09:21,177 [Worker-6: Building] INFO  o.a.m.s.f.DefaultMavenResourcesFiltering - skip non existing resourceDirectory C:\Users\Shree\Desktop\FULL STACK\JRTP\01_MINI_projects\Student_CRM\src\test\resources
2025-07-10 09:11:45,037 [Worker-15: Building] INFO  o.a.m.s.f.DefaultMavenResourcesFiltering - Copying 1 resource from src\main\resources to target\classes
2025-07-10 09:11:45,050 [Worker-15: Building] INFO  o.a.m.s.f.DefaultMavenResourcesFiltering - Copying 17 resources from src\main\resources to target\classes
2025-07-10 09:11:45,064 [Worker-15: Building] INFO  o.a.m.s.f.DefaultMavenResourcesFiltering - skip non existing resourceDirectory C:\Users\Shree\Desktop\FULL STACK\JRTP\01_MINI_projects\Student_CRM\src\test\resources
2025-07-10 09:11:47,622 [Worker-16: Building] INFO  o.a.m.s.f.DefaultMavenResourcesFiltering - Copying 1 resource from src\main\resources to target\classes
2025-07-10 09:11:47,636 [Worker-16: Building] INFO  o.a.m.s.f.DefaultMavenResourcesFiltering - Copying 17 resources from src\main\resources to target\classes
2025-07-10 09:11:47,656 [Worker-16: Building] INFO  o.a.m.s.f.DefaultMavenResourcesFiltering - skip non existing resourceDirectory C:\Users\Shree\Desktop\FULL STACK\JRTP\01_MINI_projects\Student_CRM\src\test\resources
2025-07-10 09:11:57,620 [Worker-14: Building] INFO  o.a.m.s.f.DefaultMavenResourcesFiltering - Copying 1 resource from src\main\resources to target\classes
2025-07-10 09:11:57,632 [Worker-14: Building] INFO  o.a.m.s.f.DefaultMavenResourcesFiltering - Copying 17 resources from src\main\resources to target\classes
2025-07-10 09:11:57,650 [Worker-14: Building] INFO  o.a.m.s.f.DefaultMavenResourcesFiltering - skip non existing resourceDirectory C:\Users\Shree\Desktop\FULL STACK\JRTP\01_MINI_projects\Student_CRM\src\test\resources
2025-07-10 09:12:18,950 [Worker-8: Building] INFO  o.a.m.s.f.DefaultMavenResourcesFiltering - Copying 1 resource from src\main\resources to target\classes
2025-07-10 09:12:18,963 [Worker-8: Building] INFO  o.a.m.s.f.DefaultMavenResourcesFiltering - Copying 17 resources from src\main\resources to target\classes
2025-07-10 09:12:18,980 [Worker-8: Building] INFO  o.a.m.s.f.DefaultMavenResourcesFiltering - skip non existing resourceDirectory C:\Users\Shree\Desktop\FULL STACK\JRTP\01_MINI_projects\Student_CRM\src\test\resources
2025-07-10 09:13:14,954 [Worker-3: Building] INFO  o.a.m.s.f.DefaultMavenResourcesFiltering - Copying 1 resource from src\main\resources to target\classes
2025-07-10 09:13:14,965 [Worker-3: Building] INFO  o.a.m.s.f.DefaultMavenResourcesFiltering - Copying 17 resources from src\main\resources to target\classes
2025-07-10 09:13:14,978 [Worker-3: Building] INFO  o.a.m.s.f.DefaultMavenResourcesFiltering - skip non existing resourceDirectory C:\Users\Shree\Desktop\FULL STACK\JRTP\01_MINI_projects\Student_CRM\src\test\resources
2025-07-10 09:13:18,980 [Worker-16: Building] INFO  o.a.m.s.f.DefaultMavenResourcesFiltering - Copying 1 resource from src\main\resources to target\classes
2025-07-10 09:13:18,993 [Worker-16: Building] INFO  o.a.m.s.f.DefaultMavenResourcesFiltering - Copying 17 resources from src\main\resources to target\classes
2025-07-10 09:13:19,012 [Worker-16: Building] INFO  o.a.m.s.f.DefaultMavenResourcesFiltering - skip non existing resourceDirectory C:\Users\Shree\Desktop\FULL STACK\JRTP\01_MINI_projects\Student_CRM\src\test\resources
2025-07-10 09:13:27,352 [Worker-11: Building] INFO  o.a.m.s.f.DefaultMavenResourcesFiltering - Copying 1 resource from src\main\resources to target\classes
2025-07-10 09:13:27,363 [Worker-11: Building] INFO  o.a.m.s.f.DefaultMavenResourcesFiltering - Copying 17 resources from src\main\resources to target\classes
2025-07-10 09:13:27,380 [Worker-11: Building] INFO  o.a.m.s.f.DefaultMavenResourcesFiltering - skip non existing resourceDirectory C:\Users\Shree\Desktop\FULL STACK\JRTP\01_MINI_projects\Student_CRM\src\test\resources
2025-07-10 09:13:32,367 [Worker-17: Building] INFO  o.a.m.s.f.DefaultMavenResourcesFiltering - Copying 1 resource from src\main\resources to target\classes
2025-07-10 09:13:32,383 [Worker-17: Building] INFO  o.a.m.s.f.DefaultMavenResourcesFiltering - Copying 17 resources from src\main\resources to target\classes
2025-07-10 09:13:32,401 [Worker-17: Building] INFO  o.a.m.s.f.DefaultMavenResourcesFiltering - skip non existing resourceDirectory C:\Users\Shree\Desktop\FULL STACK\JRTP\01_MINI_projects\Student_CRM\src\test\resources
2025-07-10 09:13:36,010 [Worker-9: Building] INFO  o.a.m.s.f.DefaultMavenResourcesFiltering - Copying 1 resource from src\main\resources to target\classes
2025-07-10 09:13:36,023 [Worker-9: Building] INFO  o.a.m.s.f.DefaultMavenResourcesFiltering - Copying 17 resources from src\main\resources to target\classes
2025-07-10 09:13:36,043 [Worker-9: Building] INFO  o.a.m.s.f.DefaultMavenResourcesFiltering - skip non existing resourceDirectory C:\Users\Shree\Desktop\FULL STACK\JRTP\01_MINI_projects\Student_CRM\src\test\resources
2025-07-10 11:02:01,169 [Worker-33: Building] INFO  o.a.m.s.f.DefaultMavenResourcesFiltering - Copying 1 resource from src\main\resources to target\classes
2025-07-10 11:02:01,226 [Worker-33: Building] INFO  o.a.m.s.f.DefaultMavenResourcesFiltering - Copying 17 resources from src\main\resources to target\classes
2025-07-10 11:02:01,241 [Worker-33: Building] INFO  o.a.m.s.f.DefaultMavenResourcesFiltering - skip non existing resourceDirectory C:\Users\Shree\Desktop\FULL STACK\JRTP\01_MINI_projects\Student_CRM\src\test\resources
2025-07-10 11:17:40,913 [Worker-39: Building] INFO  o.a.m.s.f.DefaultMavenResourcesFiltering - Copying 1 resource from src\main\resources to target\classes
2025-07-10 11:17:40,988 [Worker-39: Building] INFO  o.a.m.s.f.DefaultMavenResourcesFiltering - Copying 17 resources from src\main\resources to target\classes
2025-07-10 11:17:41,324 [Worker-39: Building] INFO  o.a.m.s.f.DefaultMavenResourcesFiltering - skip non existing resourceDirectory C:\Users\Shree\Desktop\FULL STACK\JRTP\01_MINI_projects\Student_CRM\src\test\resources
2025-07-10 12:07:48,429 [Worker-2: Loading available Gradle versions] INFO  o.e.b.c.i.u.g.PublishedGradleVersions - Gradle version information cache is up-to-date. Trying to read.
2025-07-10 12:26:51,311 [Worker-1: Building] INFO  o.a.m.s.f.DefaultMavenResourcesFiltering - Copying 1 resource from src\main\resources to target\classes
2025-07-10 12:26:51,346 [Worker-1: Building] INFO  o.a.m.s.f.DefaultMavenResourcesFiltering - Copying 17 resources from src\main\resources to target\classes
2025-07-10 12:26:51,417 [Worker-1: Building] INFO  o.a.m.s.f.DefaultMavenResourcesFiltering - skip non existing resourceDirectory C:\Users\Shree\Desktop\FULL STACK\JRTP\01_MINI_projects\Student_CRM\src\test\resources
2025-07-10 13:09:20,750 [Worker-34: Building] INFO  o.a.m.s.f.DefaultMavenResourcesFiltering - Copying 1 resource from src\main\resources to target\classes
2025-07-10 13:09:20,774 [Worker-34: Building] INFO  o.a.m.s.f.DefaultMavenResourcesFiltering - Copying 17 resources from src\main\resources to target\classes
2025-07-10 13:09:20,808 [Worker-34: Building] INFO  o.a.m.s.f.DefaultMavenResourcesFiltering - skip non existing resourceDirectory C:\Users\Shree\Desktop\FULL STACK\JRTP\01_MINI_projects\Student_CRM\src\test\resources
2025-07-11 10:35:09,649 [Worker-2: Loading available Gradle versions] INFO  o.e.b.c.i.u.g.PublishedGradleVersions - Gradle version information cache is out-of-date. Trying to update.
2025-07-11 10:54:44,192 [Worker-14: Launching Executing install in C__Users_Shree_Desktop_FULL STACK_JRTP_01_MINI_projects_Student_CRM] INFO  o.eclipse.m2e.core.internal.Bundles - getClasspathEntries(Bundle=org.eclipse.m2e.maven.runtime_3.9.900.20240824-1409 [364])
2025-07-11 10:54:44,197 [Worker-14: Launching Executing install in C__Users_Shree_Desktop_FULL STACK_JRTP_01_MINI_projects_Student_CRM] INFO  o.eclipse.m2e.core.internal.Bundles - 	Entry: C:\IDE\spring-tool-suite-4-4.27.0.RELEASE-e4.34.0-win32.win32.x86_64\sts-4.27.0.RELEASE\plugins\org.eclipse.m2e.maven.runtime_3.9.900.20240824-1409
2025-07-11 10:54:44,198 [Worker-14: Launching Executing install in C__Users_Shree_Desktop_FULL STACK_JRTP_01_MINI_projects_Student_CRM] INFO  o.eclipse.m2e.core.internal.Bundles - 	Entry: C:\IDE\spring-tool-suite-4-4.27.0.RELEASE-e4.34.0-win32.win32.x86_64\sts-4.27.0.RELEASE\plugins\org.eclipse.m2e.maven.runtime_3.9.900.20240824-1409\jars\aopalliance-1.0.jar
2025-07-11 10:54:44,198 [Worker-14: Launching Executing install in C__Users_Shree_Desktop_FULL STACK_JRTP_01_MINI_projects_Student_CRM] INFO  o.eclipse.m2e.core.internal.Bundles - 	Entry: C:\IDE\spring-tool-suite-4-4.27.0.RELEASE-e4.34.0-win32.win32.x86_64\sts-4.27.0.RELEASE\plugins\org.eclipse.m2e.maven.runtime_3.9.900.20240824-1409\jars\guice-5.1.0.jar
2025-07-11 10:54:44,198 [Worker-14: Launching Executing install in C__Users_Shree_Desktop_FULL STACK_JRTP_01_MINI_projects_Student_CRM] INFO  o.eclipse.m2e.core.internal.Bundles - 	Entry: C:\IDE\spring-tool-suite-4-4.27.0.RELEASE-e4.34.0-win32.win32.x86_64\sts-4.27.0.RELEASE\plugins\org.eclipse.m2e.maven.runtime_3.9.900.20240824-1409\jars\httpclient-4.5.14.jar
2025-07-11 10:54:44,199 [Worker-14: Launching Executing install in C__Users_Shree_Desktop_FULL STACK_JRTP_01_MINI_projects_Student_CRM] INFO  o.eclipse.m2e.core.internal.Bundles - 	Entry: C:\IDE\spring-tool-suite-4-4.27.0.RELEASE-e4.34.0-win32.win32.x86_64\sts-4.27.0.RELEASE\plugins\org.eclipse.m2e.maven.runtime_3.9.900.20240824-1409\jars\httpcore-4.4.16.jar
2025-07-11 10:54:44,199 [Worker-14: Launching Executing install in C__Users_Shree_Desktop_FULL STACK_JRTP_01_MINI_projects_Student_CRM] INFO  o.eclipse.m2e.core.internal.Bundles - 	Entry: C:\IDE\spring-tool-suite-4-4.27.0.RELEASE-e4.34.0-win32.win32.x86_64\sts-4.27.0.RELEASE\plugins\org.eclipse.m2e.maven.runtime_3.9.900.20240824-1409\jars\jansi-2.4.1.jar
2025-07-11 10:54:44,200 [Worker-14: Launching Executing install in C__Users_Shree_Desktop_FULL STACK_JRTP_01_MINI_projects_Student_CRM] INFO  o.eclipse.m2e.core.internal.Bundles - 	Entry: C:\IDE\spring-tool-suite-4-4.27.0.RELEASE-e4.34.0-win32.win32.x86_64\sts-4.27.0.RELEASE\plugins\org.eclipse.m2e.maven.runtime_3.9.900.20240824-1409\jars\jcl-over-slf4j-1.7.36.jar
2025-07-11 10:54:44,200 [Worker-14: Launching Executing install in C__Users_Shree_Desktop_FULL STACK_JRTP_01_MINI_projects_Student_CRM] INFO  o.eclipse.m2e.core.internal.Bundles - 	Entry: C:\IDE\spring-tool-suite-4-4.27.0.RELEASE-e4.34.0-win32.win32.x86_64\sts-4.27.0.RELEASE\plugins\org.eclipse.m2e.maven.runtime_3.9.900.20240824-1409\jars\maven-artifact-3.9.9.jar
2025-07-11 10:54:44,200 [Worker-14: Launching Executing install in C__Users_Shree_Desktop_FULL STACK_JRTP_01_MINI_projects_Student_CRM] INFO  o.eclipse.m2e.core.internal.Bundles - 	Entry: C:\IDE\spring-tool-suite-4-4.27.0.RELEASE-e4.34.0-win32.win32.x86_64\sts-4.27.0.RELEASE\plugins\org.eclipse.m2e.maven.runtime_3.9.900.20240824-1409\jars\maven-builder-support-3.9.9.jar
2025-07-11 10:54:44,201 [Worker-14: Launching Executing install in C__Users_Shree_Desktop_FULL STACK_JRTP_01_MINI_projects_Student_CRM] INFO  o.eclipse.m2e.core.internal.Bundles - 	Entry: C:\IDE\spring-tool-suite-4-4.27.0.RELEASE-e4.34.0-win32.win32.x86_64\sts-4.27.0.RELEASE\plugins\org.eclipse.m2e.maven.runtime_3.9.900.20240824-1409\jars\maven-compat-3.9.9.jar
2025-07-11 10:54:44,201 [Worker-14: Launching Executing install in C__Users_Shree_Desktop_FULL STACK_JRTP_01_MINI_projects_Student_CRM] INFO  o.eclipse.m2e.core.internal.Bundles - 	Entry: C:\IDE\spring-tool-suite-4-4.27.0.RELEASE-e4.34.0-win32.win32.x86_64\sts-4.27.0.RELEASE\plugins\org.eclipse.m2e.maven.runtime_3.9.900.20240824-1409\jars\maven-core-3.9.9.jar
2025-07-11 10:54:44,201 [Worker-14: Launching Executing install in C__Users_Shree_Desktop_FULL STACK_JRTP_01_MINI_projects_Student_CRM] INFO  o.eclipse.m2e.core.internal.Bundles - 	Entry: C:\IDE\spring-tool-suite-4-4.27.0.RELEASE-e4.34.0-win32.win32.x86_64\sts-4.27.0.RELEASE\plugins\org.eclipse.m2e.maven.runtime_3.9.900.20240824-1409\jars\maven-embedder-3.9.9.jar
2025-07-11 10:54:44,202 [Worker-14: Launching Executing install in C__Users_Shree_Desktop_FULL STACK_JRTP_01_MINI_projects_Student_CRM] INFO  o.eclipse.m2e.core.internal.Bundles - 	Entry: C:\IDE\spring-tool-suite-4-4.27.0.RELEASE-e4.34.0-win32.win32.x86_64\sts-4.27.0.RELEASE\plugins\org.eclipse.m2e.maven.runtime_3.9.900.20240824-1409\jars\maven-model-3.9.9.jar
2025-07-11 10:54:44,202 [Worker-14: Launching Executing install in C__Users_Shree_Desktop_FULL STACK_JRTP_01_MINI_projects_Student_CRM] INFO  o.eclipse.m2e.core.internal.Bundles - 	Entry: C:\IDE\spring-tool-suite-4-4.27.0.RELEASE-e4.34.0-win32.win32.x86_64\sts-4.27.0.RELEASE\plugins\org.eclipse.m2e.maven.runtime_3.9.900.20240824-1409\jars\maven-model-builder-3.9.9.jar
2025-07-11 10:54:44,202 [Worker-14: Launching Executing install in C__Users_Shree_Desktop_FULL STACK_JRTP_01_MINI_projects_Student_CRM] INFO  o.eclipse.m2e.core.internal.Bundles - 	Entry: C:\IDE\spring-tool-suite-4-4.27.0.RELEASE-e4.34.0-win32.win32.x86_64\sts-4.27.0.RELEASE\plugins\org.eclipse.m2e.maven.runtime_3.9.900.20240824-1409\jars\maven-plugin-api-3.9.9.jar
2025-07-11 10:54:44,203 [Worker-14: Launching Executing install in C__Users_Shree_Desktop_FULL STACK_JRTP_01_MINI_projects_Student_CRM] INFO  o.eclipse.m2e.core.internal.Bundles - 	Entry: C:\IDE\spring-tool-suite-4-4.27.0.RELEASE-e4.34.0-win32.win32.x86_64\sts-4.27.0.RELEASE\plugins\org.eclipse.m2e.maven.runtime_3.9.900.20240824-1409\jars\maven-repository-metadata-3.9.9.jar
2025-07-11 10:54:44,203 [Worker-14: Launching Executing install in C__Users_Shree_Desktop_FULL STACK_JRTP_01_MINI_projects_Student_CRM] INFO  o.eclipse.m2e.core.internal.Bundles - 	Entry: C:\IDE\spring-tool-suite-4-4.27.0.RELEASE-e4.34.0-win32.win32.x86_64\sts-4.27.0.RELEASE\plugins\org.eclipse.m2e.maven.runtime_3.9.900.20240824-1409\jars\maven-resolver-api-1.9.22.jar
2025-07-11 10:54:44,204 [Worker-14: Launching Executing install in C__Users_Shree_Desktop_FULL STACK_JRTP_01_MINI_projects_Student_CRM] INFO  o.eclipse.m2e.core.internal.Bundles - 	Entry: C:\IDE\spring-tool-suite-4-4.27.0.RELEASE-e4.34.0-win32.win32.x86_64\sts-4.27.0.RELEASE\plugins\org.eclipse.m2e.maven.runtime_3.9.900.20240824-1409\jars\maven-resolver-connector-basic-1.9.22.jar
2025-07-11 10:54:44,204 [Worker-14: Launching Executing install in C__Users_Shree_Desktop_FULL STACK_JRTP_01_MINI_projects_Student_CRM] INFO  o.eclipse.m2e.core.internal.Bundles - 	Entry: C:\IDE\spring-tool-suite-4-4.27.0.RELEASE-e4.34.0-win32.win32.x86_64\sts-4.27.0.RELEASE\plugins\org.eclipse.m2e.maven.runtime_3.9.900.20240824-1409\jars\maven-resolver-impl-1.9.22.jar
2025-07-11 10:54:44,205 [Worker-14: Launching Executing install in C__Users_Shree_Desktop_FULL STACK_JRTP_01_MINI_projects_Student_CRM] INFO  o.eclipse.m2e.core.internal.Bundles - 	Entry: C:\IDE\spring-tool-suite-4-4.27.0.RELEASE-e4.34.0-win32.win32.x86_64\sts-4.27.0.RELEASE\plugins\org.eclipse.m2e.maven.runtime_3.9.900.20240824-1409\jars\maven-resolver-named-locks-1.9.22.jar
2025-07-11 10:54:44,205 [Worker-14: Launching Executing install in C__Users_Shree_Desktop_FULL STACK_JRTP_01_MINI_projects_Student_CRM] INFO  o.eclipse.m2e.core.internal.Bundles - 	Entry: C:\IDE\spring-tool-suite-4-4.27.0.RELEASE-e4.34.0-win32.win32.x86_64\sts-4.27.0.RELEASE\plugins\org.eclipse.m2e.maven.runtime_3.9.900.20240824-1409\jars\maven-resolver-provider-3.9.9.jar
2025-07-11 10:54:44,206 [Worker-14: Launching Executing install in C__Users_Shree_Desktop_FULL STACK_JRTP_01_MINI_projects_Student_CRM] INFO  o.eclipse.m2e.core.internal.Bundles - 	Entry: C:\IDE\spring-tool-suite-4-4.27.0.RELEASE-e4.34.0-win32.win32.x86_64\sts-4.27.0.RELEASE\plugins\org.eclipse.m2e.maven.runtime_3.9.900.20240824-1409\jars\maven-resolver-spi-1.9.22.jar
2025-07-11 10:54:44,206 [Worker-14: Launching Executing install in C__Users_Shree_Desktop_FULL STACK_JRTP_01_MINI_projects_Student_CRM] INFO  o.eclipse.m2e.core.internal.Bundles - 	Entry: C:\IDE\spring-tool-suite-4-4.27.0.RELEASE-e4.34.0-win32.win32.x86_64\sts-4.27.0.RELEASE\plugins\org.eclipse.m2e.maven.runtime_3.9.900.20240824-1409\jars\maven-resolver-transport-file-1.9.22.jar
2025-07-11 10:54:44,206 [Worker-14: Launching Executing install in C__Users_Shree_Desktop_FULL STACK_JRTP_01_MINI_projects_Student_CRM] INFO  o.eclipse.m2e.core.internal.Bundles - 	Entry: C:\IDE\spring-tool-suite-4-4.27.0.RELEASE-e4.34.0-win32.win32.x86_64\sts-4.27.0.RELEASE\plugins\org.eclipse.m2e.maven.runtime_3.9.900.20240824-1409\jars\maven-resolver-transport-http-1.9.22.jar
2025-07-11 10:54:44,207 [Worker-14: Launching Executing install in C__Users_Shree_Desktop_FULL STACK_JRTP_01_MINI_projects_Student_CRM] INFO  o.eclipse.m2e.core.internal.Bundles - 	Entry: C:\IDE\spring-tool-suite-4-4.27.0.RELEASE-e4.34.0-win32.win32.x86_64\sts-4.27.0.RELEASE\plugins\org.eclipse.m2e.maven.runtime_3.9.900.20240824-1409\jars\maven-resolver-transport-wagon-1.9.22.jar
2025-07-11 10:54:44,208 [Worker-14: Launching Executing install in C__Users_Shree_Desktop_FULL STACK_JRTP_01_MINI_projects_Student_CRM] INFO  o.eclipse.m2e.core.internal.Bundles - 	Entry: C:\IDE\spring-tool-suite-4-4.27.0.RELEASE-e4.34.0-win32.win32.x86_64\sts-4.27.0.RELEASE\plugins\org.eclipse.m2e.maven.runtime_3.9.900.20240824-1409\jars\maven-resolver-util-1.9.22.jar
2025-07-11 10:54:44,208 [Worker-14: Launching Executing install in C__Users_Shree_Desktop_FULL STACK_JRTP_01_MINI_projects_Student_CRM] INFO  o.eclipse.m2e.core.internal.Bundles - 	Entry: C:\IDE\spring-tool-suite-4-4.27.0.RELEASE-e4.34.0-win32.win32.x86_64\sts-4.27.0.RELEASE\plugins\org.eclipse.m2e.maven.runtime_3.9.900.20240824-1409\jars\maven-settings-3.9.9.jar
2025-07-11 10:54:44,208 [Worker-14: Launching Executing install in C__Users_Shree_Desktop_FULL STACK_JRTP_01_MINI_projects_Student_CRM] INFO  o.eclipse.m2e.core.internal.Bundles - 	Entry: C:\IDE\spring-tool-suite-4-4.27.0.RELEASE-e4.34.0-win32.win32.x86_64\sts-4.27.0.RELEASE\plugins\org.eclipse.m2e.maven.runtime_3.9.900.20240824-1409\jars\maven-settings-builder-3.9.9.jar
2025-07-11 10:54:44,209 [Worker-14: Launching Executing install in C__Users_Shree_Desktop_FULL STACK_JRTP_01_MINI_projects_Student_CRM] INFO  o.eclipse.m2e.core.internal.Bundles - 	Entry: C:\IDE\spring-tool-suite-4-4.27.0.RELEASE-e4.34.0-win32.win32.x86_64\sts-4.27.0.RELEASE\plugins\org.eclipse.m2e.maven.runtime_3.9.900.20240824-1409\jars\maven-shared-utils-3.4.2.jar
2025-07-11 10:54:44,209 [Worker-14: Launching Executing install in C__Users_Shree_Desktop_FULL STACK_JRTP_01_MINI_projects_Student_CRM] INFO  o.eclipse.m2e.core.internal.Bundles - 	Entry: C:\IDE\spring-tool-suite-4-4.27.0.RELEASE-e4.34.0-win32.win32.x86_64\sts-4.27.0.RELEASE\plugins\org.eclipse.m2e.maven.runtime_3.9.900.20240824-1409\jars\org.eclipse.sisu.inject-0.9.0.M3.jar
2025-07-11 10:54:44,209 [Worker-14: Launching Executing install in C__Users_Shree_Desktop_FULL STACK_JRTP_01_MINI_projects_Student_CRM] INFO  o.eclipse.m2e.core.internal.Bundles - 	Entry: C:\IDE\spring-tool-suite-4-4.27.0.RELEASE-e4.34.0-win32.win32.x86_64\sts-4.27.0.RELEASE\plugins\org.eclipse.m2e.maven.runtime_3.9.900.20240824-1409\jars\org.eclipse.sisu.plexus-0.9.0.M3.jar
2025-07-11 10:54:44,210 [Worker-14: Launching Executing install in C__Users_Shree_Desktop_FULL STACK_JRTP_01_MINI_projects_Student_CRM] INFO  o.eclipse.m2e.core.internal.Bundles - 	Entry: C:\IDE\spring-tool-suite-4-4.27.0.RELEASE-e4.34.0-win32.win32.x86_64\sts-4.27.0.RELEASE\plugins\org.eclipse.m2e.maven.runtime_3.9.900.20240824-1409\jars\plexus-build-api-0.0.7.jar
2025-07-11 10:54:44,210 [Worker-14: Launching Executing install in C__Users_Shree_Desktop_FULL STACK_JRTP_01_MINI_projects_Student_CRM] INFO  o.eclipse.m2e.core.internal.Bundles - 	Entry: C:\IDE\spring-tool-suite-4-4.27.0.RELEASE-e4.34.0-win32.win32.x86_64\sts-4.27.0.RELEASE\plugins\org.eclipse.m2e.maven.runtime_3.9.900.20240824-1409\jars\plexus-build-api-1.2.0.jar
2025-07-11 10:54:44,210 [Worker-14: Launching Executing install in C__Users_Shree_Desktop_FULL STACK_JRTP_01_MINI_projects_Student_CRM] INFO  o.eclipse.m2e.core.internal.Bundles - 	Entry: C:\IDE\spring-tool-suite-4-4.27.0.RELEASE-e4.34.0-win32.win32.x86_64\sts-4.27.0.RELEASE\plugins\org.eclipse.m2e.maven.runtime_3.9.900.20240824-1409\jars\plexus-cipher-2.0.jar
2025-07-11 10:54:44,211 [Worker-14: Launching Executing install in C__Users_Shree_Desktop_FULL STACK_JRTP_01_MINI_projects_Student_CRM] INFO  o.eclipse.m2e.core.internal.Bundles - 	Entry: C:\IDE\spring-tool-suite-4-4.27.0.RELEASE-e4.34.0-win32.win32.x86_64\sts-4.27.0.RELEASE\plugins\org.eclipse.m2e.maven.runtime_3.9.900.20240824-1409\jars\plexus-classworlds-2.8.0.jar
2025-07-11 10:54:44,211 [Worker-14: Launching Executing install in C__Users_Shree_Desktop_FULL STACK_JRTP_01_MINI_projects_Student_CRM] INFO  o.eclipse.m2e.core.internal.Bundles - 	Entry: C:\IDE\spring-tool-suite-4-4.27.0.RELEASE-e4.34.0-win32.win32.x86_64\sts-4.27.0.RELEASE\plugins\org.eclipse.m2e.maven.runtime_3.9.900.20240824-1409\jars\plexus-component-annotations-2.1.0.jar
2025-07-11 10:54:44,212 [Worker-14: Launching Executing install in C__Users_Shree_Desktop_FULL STACK_JRTP_01_MINI_projects_Student_CRM] INFO  o.eclipse.m2e.core.internal.Bundles - 	Entry: C:\IDE\spring-tool-suite-4-4.27.0.RELEASE-e4.34.0-win32.win32.x86_64\sts-4.27.0.RELEASE\plugins\org.eclipse.m2e.maven.runtime_3.9.900.20240824-1409\jars\plexus-interpolation-1.27.jar
2025-07-11 10:54:44,212 [Worker-14: Launching Executing install in C__Users_Shree_Desktop_FULL STACK_JRTP_01_MINI_projects_Student_CRM] INFO  o.eclipse.m2e.core.internal.Bundles - 	Entry: C:\IDE\spring-tool-suite-4-4.27.0.RELEASE-e4.34.0-win32.win32.x86_64\sts-4.27.0.RELEASE\plugins\org.eclipse.m2e.maven.runtime_3.9.900.20240824-1409\jars\plexus-sec-dispatcher-2.0.jar
2025-07-11 10:54:44,212 [Worker-14: Launching Executing install in C__Users_Shree_Desktop_FULL STACK_JRTP_01_MINI_projects_Student_CRM] INFO  o.eclipse.m2e.core.internal.Bundles - 	Entry: C:\IDE\spring-tool-suite-4-4.27.0.RELEASE-e4.34.0-win32.win32.x86_64\sts-4.27.0.RELEASE\plugins\org.eclipse.m2e.maven.runtime_3.9.900.20240824-1409\jars\plexus-utils-3.5.1.jar
2025-07-11 10:54:44,213 [Worker-14: Launching Executing install in C__Users_Shree_Desktop_FULL STACK_JRTP_01_MINI_projects_Student_CRM] INFO  o.eclipse.m2e.core.internal.Bundles - 	Entry: C:\IDE\spring-tool-suite-4-4.27.0.RELEASE-e4.34.0-win32.win32.x86_64\sts-4.27.0.RELEASE\plugins\org.eclipse.m2e.maven.runtime_3.9.900.20240824-1409\jars\plexus-xml-3.0.1.jar
2025-07-11 10:54:44,213 [Worker-14: Launching Executing install in C__Users_Shree_Desktop_FULL STACK_JRTP_01_MINI_projects_Student_CRM] INFO  o.eclipse.m2e.core.internal.Bundles - 	Entry: C:\IDE\spring-tool-suite-4-4.27.0.RELEASE-e4.34.0-win32.win32.x86_64\sts-4.27.0.RELEASE\plugins\org.eclipse.m2e.maven.runtime_3.9.900.20240824-1409\jars\wagon-file-3.5.3.jar
2025-07-11 10:54:44,214 [Worker-14: Launching Executing install in C__Users_Shree_Desktop_FULL STACK_JRTP_01_MINI_projects_Student_CRM] INFO  o.eclipse.m2e.core.internal.Bundles - 	Entry: C:\IDE\spring-tool-suite-4-4.27.0.RELEASE-e4.34.0-win32.win32.x86_64\sts-4.27.0.RELEASE\plugins\org.eclipse.m2e.maven.runtime_3.9.900.20240824-1409\jars\wagon-http-3.5.3.jar
2025-07-11 10:54:44,214 [Worker-14: Launching Executing install in C__Users_Shree_Desktop_FULL STACK_JRTP_01_MINI_projects_Student_CRM] INFO  o.eclipse.m2e.core.internal.Bundles - 	Entry: C:\IDE\spring-tool-suite-4-4.27.0.RELEASE-e4.34.0-win32.win32.x86_64\sts-4.27.0.RELEASE\plugins\org.eclipse.m2e.maven.runtime_3.9.900.20240824-1409\jars\wagon-http-shared-3.5.3.jar
2025-07-11 10:54:44,214 [Worker-14: Launching Executing install in C__Users_Shree_Desktop_FULL STACK_JRTP_01_MINI_projects_Student_CRM] INFO  o.eclipse.m2e.core.internal.Bundles - 	Entry: C:\IDE\spring-tool-suite-4-4.27.0.RELEASE-e4.34.0-win32.win32.x86_64\sts-4.27.0.RELEASE\plugins\org.eclipse.m2e.maven.runtime_3.9.900.20240824-1409\jars\wagon-provider-api-3.5.3.jar
2025-07-11 10:54:44,218 [Worker-14: Launching Executing install in C__Users_Shree_Desktop_FULL STACK_JRTP_01_MINI_projects_Student_CRM] INFO  o.eclipse.m2e.core.internal.Bundles - getClasspathEntries(Bundle=com.google.guava_33.4.0.jre [621])
2025-07-11 10:54:44,219 [Worker-14: Launching Executing install in C__Users_Shree_Desktop_FULL STACK_JRTP_01_MINI_projects_Student_CRM] INFO  o.eclipse.m2e.core.internal.Bundles - 	Entry: C:\IDE\spring-tool-suite-4-4.27.0.RELEASE-e4.34.0-win32.win32.x86_64\sts-4.27.0.RELEASE\plugins\com.google.guava_33.4.0.jre.jar
2025-07-11 10:54:44,219 [Worker-14: Launching Executing install in C__Users_Shree_Desktop_FULL STACK_JRTP_01_MINI_projects_Student_CRM] INFO  o.eclipse.m2e.core.internal.Bundles - getClasspathEntries(Bundle=slf4j.api_2.0.16 [615])
2025-07-11 10:54:44,220 [Worker-14: Launching Executing install in C__Users_Shree_Desktop_FULL STACK_JRTP_01_MINI_projects_Student_CRM] INFO  o.eclipse.m2e.core.internal.Bundles - 	Entry: C:\IDE\spring-tool-suite-4-4.27.0.RELEASE-e4.34.0-win32.win32.x86_64\sts-4.27.0.RELEASE\plugins\slf4j.api_2.0.16.jar
2025-07-11 10:54:44,220 [Worker-14: Launching Executing install in C__Users_Shree_Desktop_FULL STACK_JRTP_01_MINI_projects_Student_CRM] INFO  o.eclipse.m2e.core.internal.Bundles - getClasspathEntries(Bundle=jakarta.inject.jakarta.inject-api_1.0.5 [45])
2025-07-11 10:54:44,221 [Worker-14: Launching Executing install in C__Users_Shree_Desktop_FULL STACK_JRTP_01_MINI_projects_Student_CRM] INFO  o.eclipse.m2e.core.internal.Bundles - 	Entry: C:\IDE\spring-tool-suite-4-4.27.0.RELEASE-e4.34.0-win32.win32.x86_64\sts-4.27.0.RELEASE\plugins\jakarta.inject.jakarta.inject-api_1.0.5.jar
2025-07-11 10:54:44,221 [Worker-14: Launching Executing install in C__Users_Shree_Desktop_FULL STACK_JRTP_01_MINI_projects_Student_CRM] INFO  o.eclipse.m2e.core.internal.Bundles - getClasspathEntries(Bundle=jakarta.annotation-api_1.3.5 [41])
2025-07-11 10:54:44,222 [Worker-14: Launching Executing install in C__Users_Shree_Desktop_FULL STACK_JRTP_01_MINI_projects_Student_CRM] INFO  o.eclipse.m2e.core.internal.Bundles - 	Entry: C:\IDE\spring-tool-suite-4-4.27.0.RELEASE-e4.34.0-win32.win32.x86_64\sts-4.27.0.RELEASE\plugins\jakarta.annotation-api_1.3.5.jar
2025-07-11 10:54:44,222 [Worker-14: Launching Executing install in C__Users_Shree_Desktop_FULL STACK_JRTP_01_MINI_projects_Student_CRM] INFO  o.eclipse.m2e.core.internal.Bundles - getClasspathEntries(Bundle=org.apache.commons.cli_1.9.0 [78])
2025-07-11 10:54:44,223 [Worker-14: Launching Executing install in C__Users_Shree_Desktop_FULL STACK_JRTP_01_MINI_projects_Student_CRM] INFO  o.eclipse.m2e.core.internal.Bundles - 	Entry: C:\IDE\spring-tool-suite-4-4.27.0.RELEASE-e4.34.0-win32.win32.x86_64\sts-4.27.0.RELEASE\plugins\org.apache.commons.cli_1.9.0.jar
2025-07-11 10:54:44,223 [Worker-14: Launching Executing install in C__Users_Shree_Desktop_FULL STACK_JRTP_01_MINI_projects_Student_CRM] INFO  o.eclipse.m2e.core.internal.Bundles - getClasspathEntries(Bundle=org.apache.commons.commons-codec_1.16.0 [81])
2025-07-11 10:54:44,225 [Worker-14: Launching Executing install in C__Users_Shree_Desktop_FULL STACK_JRTP_01_MINI_projects_Student_CRM] INFO  o.eclipse.m2e.core.internal.Bundles - 	Entry: C:\IDE\spring-tool-suite-4-4.27.0.RELEASE-e4.34.0-win32.win32.x86_64\sts-4.27.0.RELEASE\plugins\org.apache.commons.commons-codec_1.16.0.jar
2025-07-11 10:54:44,225 [Worker-14: Launching Executing install in C__Users_Shree_Desktop_FULL STACK_JRTP_01_MINI_projects_Student_CRM] INFO  o.eclipse.m2e.core.internal.Bundles - getClasspathEntries(Bundle=com.google.guava.failureaccess_1.0.2 [30])
2025-07-11 10:54:44,226 [Worker-14: Launching Executing install in C__Users_Shree_Desktop_FULL STACK_JRTP_01_MINI_projects_Student_CRM] INFO  o.eclipse.m2e.core.internal.Bundles - 	Entry: C:\IDE\spring-tool-suite-4-4.27.0.RELEASE-e4.34.0-win32.win32.x86_64\sts-4.27.0.RELEASE\plugins\com.google.guava.failureaccess_1.0.2.jar
2025-07-11 10:54:44,232 [Worker-14: Launching Executing install in C__Users_Shree_Desktop_FULL STACK_JRTP_01_MINI_projects_Student_CRM] INFO  o.e.m.i.launch.MavenLaunchDelegate - Run build in "C:\Users\Shree\Desktop\FULL STACK\JRTP\01_MINI_projects\Student_CRM":
2025-07-11 10:54:44,239 [Worker-14: Launching Executing install in C__Users_Shree_Desktop_FULL STACK_JRTP_01_MINI_projects_Student_CRM] INFO  o.e.m.i.launch.MavenLaunchDelegate -  mvn  -B -Dstyle.color=always install
2025-07-12 16:46:03,907 [Worker-4: Loading available Gradle versions] INFO  o.e.b.c.i.u.g.PublishedGradleVersions - Gradle version information cache is out-of-date. Trying to update.
2025-07-12 16:46:25,193 [Worker-2: Launching Student_CRM - Application (1)] INFO  o.a.m.s.f.DefaultMavenResourcesFiltering - Copying 1 resource from src\main\resources to target\classes
2025-07-12 16:46:25,240 [Worker-2: Launching Student_CRM - Application (1)] INFO  o.a.m.s.f.DefaultMavenResourcesFiltering - Copying 17 resources from src\main\resources to target\classes
2025-07-12 16:46:25,331 [Worker-2: Launching Student_CRM - Application (1)] INFO  o.a.m.s.f.DefaultMavenResourcesFiltering - skip non existing resourceDirectory C:\Users\Shree\Desktop\FULL STACK\JRTP\01_MINI_projects\Student_CRM\src\test\resources
2025-07-12 19:48:39,637 [Worker-17: Building] INFO  o.a.m.s.f.DefaultMavenResourcesFiltering - Copying 1 resource from src\main\resources to target\classes
2025-07-12 19:48:39,663 [Worker-17: Building] INFO  o.a.m.s.f.DefaultMavenResourcesFiltering - Copying 17 resources from src\main\resources to target\classes
2025-07-12 19:48:39,686 [Worker-17: Building] INFO  o.a.m.s.f.DefaultMavenResourcesFiltering - skip non existing resourceDirectory C:\Users\Shree\Desktop\FULL STACK\JRTP\01_MINI_projects\Student_CRM\src\test\resources
2025-07-12 19:50:21,562 [Worker-6: Building] INFO  o.a.m.s.f.DefaultMavenResourcesFiltering - Copying 1 resource from src\main\resources to target\classes
2025-07-12 19:50:21,585 [Worker-6: Building] INFO  o.a.m.s.f.DefaultMavenResourcesFiltering - Copying 17 resources from src\main\resources to target\classes
2025-07-12 19:50:21,635 [Worker-6: Building] INFO  o.a.m.s.f.DefaultMavenResourcesFiltering - skip non existing resourceDirectory C:\Users\Shree\Desktop\FULL STACK\JRTP\01_MINI_projects\Student_CRM\src\test\resources
2025-07-12 19:50:28,783 [Worker-12: Building] INFO  o.a.m.s.f.DefaultMavenResourcesFiltering - Copying 1 resource from src\main\resources to target\classes
2025-07-12 19:50:28,796 [Worker-12: Building] INFO  o.a.m.s.f.DefaultMavenResourcesFiltering - Copying 17 resources from src\main\resources to target\classes
2025-07-12 19:50:28,816 [Worker-12: Building] INFO  o.a.m.s.f.DefaultMavenResourcesFiltering - skip non existing resourceDirectory C:\Users\Shree\Desktop\FULL STACK\JRTP\01_MINI_projects\Student_CRM\src\test\resources
2025-07-12 19:51:44,003 [Worker-16: Building] INFO  o.a.m.s.f.DefaultMavenResourcesFiltering - Copying 1 resource from src\main\resources to target\classes
2025-07-12 19:51:44,023 [Worker-16: Building] INFO  o.a.m.s.f.DefaultMavenResourcesFiltering - Copying 17 resources from src\main\resources to target\classes
2025-07-12 19:51:44,050 [Worker-16: Building] INFO  o.a.m.s.f.DefaultMavenResourcesFiltering - skip non existing resourceDirectory C:\Users\Shree\Desktop\FULL STACK\JRTP\01_MINI_projects\Student_CRM\src\test\resources
2025-07-12 20:12:10,261 [Worker-6: Building] INFO  o.a.m.s.f.DefaultMavenResourcesFiltering - Copying 0 resource from src\main\resources to target\classes
2025-07-12 20:12:10,278 [Worker-6: Building] INFO  o.a.m.s.f.DefaultMavenResourcesFiltering - Copying 1 resource from src\main\resources to target\classes
2025-07-12 20:12:10,292 [Worker-6: Building] INFO  o.a.m.s.f.DefaultMavenResourcesFiltering - skip non existing resourceDirectory C:\Users\Shree\Desktop\FULL STACK\JRTP\01_MINI_projects\Student_CRM\src\test\resources
2025-07-12 20:12:13,017 [Worker-6: Building] INFO  o.a.m.s.f.DefaultMavenResourcesFiltering - Copying 1 resource from src\main\resources to target\classes
2025-07-12 20:12:13,052 [Worker-6: Building] INFO  o.a.m.s.f.DefaultMavenResourcesFiltering - Copying 17 resources from src\main\resources to target\classes
2025-07-12 20:12:13,079 [Worker-6: Building] INFO  o.a.m.s.f.DefaultMavenResourcesFiltering - skip non existing resourceDirectory C:\Users\Shree\Desktop\FULL STACK\JRTP\01_MINI_projects\Student_CRM\src\test\resources
2025-07-12 20:14:30,555 [Worker-16: Building] INFO  o.a.m.s.f.DefaultMavenResourcesFiltering - Copying 1 resource from src\main\resources to target\classes
2025-07-12 20:14:30,571 [Worker-16: Building] INFO  o.a.m.s.f.DefaultMavenResourcesFiltering - Copying 17 resources from src\main\resources to target\classes
2025-07-12 20:14:30,593 [Worker-16: Building] INFO  o.a.m.s.f.DefaultMavenResourcesFiltering - skip non existing resourceDirectory C:\Users\Shree\Desktop\FULL STACK\JRTP\01_MINI_projects\Student_CRM\src\test\resources
2025-07-12 20:15:33,935 [Worker-21: Building] INFO  o.a.m.s.f.DefaultMavenResourcesFiltering - Copying 0 resource from src\main\resources to target\classes
2025-07-12 20:15:33,942 [Worker-21: Building] INFO  o.a.m.s.f.DefaultMavenResourcesFiltering - Copying 1 resource from src\main\resources to target\classes
2025-07-12 20:15:33,949 [Worker-21: Building] INFO  o.a.m.s.f.DefaultMavenResourcesFiltering - skip non existing resourceDirectory C:\Users\Shree\Desktop\FULL STACK\JRTP\01_MINI_projects\Student_CRM\src\test\resources
2025-07-12 21:01:59,432 [Worker-21: Building] INFO  o.a.m.s.f.DefaultMavenResourcesFiltering - Copying 1 resource from src\main\resources to target\classes
2025-07-12 21:01:59,454 [Worker-21: Building] INFO  o.a.m.s.f.DefaultMavenResourcesFiltering - Copying 17 resources from src\main\resources to target\classes
2025-07-12 21:01:59,481 [Worker-21: Building] INFO  o.a.m.s.f.DefaultMavenResourcesFiltering - skip non existing resourceDirectory C:\Users\Shree\Desktop\FULL STACK\JRTP\01_MINI_projects\Student_CRM\src\test\resources
2025-07-12 21:17:38,330 [Worker-19: Building] INFO  o.a.m.s.f.DefaultMavenResourcesFiltering - Copying 1 resource from src\main\resources to target\classes
2025-07-12 21:17:38,349 [Worker-19: Building] INFO  o.a.m.s.f.DefaultMavenResourcesFiltering - Copying 17 resources from src\main\resources to target\classes
2025-07-12 21:17:38,369 [Worker-19: Building] INFO  o.a.m.s.f.DefaultMavenResourcesFiltering - skip non existing resourceDirectory C:\Users\Shree\Desktop\FULL STACK\JRTP\01_MINI_projects\Student_CRM\src\test\resources
2025-07-12 21:17:40,576 [Worker-17: Building] INFO  o.a.m.s.f.DefaultMavenResourcesFiltering - Copying 1 resource from src\main\resources to target\classes
2025-07-12 21:17:40,590 [Worker-17: Building] INFO  o.a.m.s.f.DefaultMavenResourcesFiltering - Copying 17 resources from src\main\resources to target\classes
2025-07-12 21:17:40,610 [Worker-17: Building] INFO  o.a.m.s.f.DefaultMavenResourcesFiltering - skip non existing resourceDirectory C:\Users\Shree\Desktop\FULL STACK\JRTP\01_MINI_projects\Student_CRM\src\test\resources
2025-07-12 21:19:47,986 [Worker-21: Building] INFO  o.a.m.s.f.DefaultMavenResourcesFiltering - Copying 1 resource from src\main\resources to target\classes
2025-07-12 21:19:48,002 [Worker-21: Building] INFO  o.a.m.s.f.DefaultMavenResourcesFiltering - Copying 17 resources from src\main\resources to target\classes
2025-07-12 21:19:48,018 [Worker-21: Building] INFO  o.a.m.s.f.DefaultMavenResourcesFiltering - skip non existing resourceDirectory C:\Users\Shree\Desktop\FULL STACK\JRTP\01_MINI_projects\Student_CRM\src\test\resources
2025-07-12 21:20:33,039 [Worker-16: Building] INFO  o.a.m.s.f.DefaultMavenResourcesFiltering - Copying 1 resource from src\main\resources to target\classes
2025-07-12 21:20:33,059 [Worker-16: Building] INFO  o.a.m.s.f.DefaultMavenResourcesFiltering - Copying 17 resources from src\main\resources to target\classes
2025-07-12 21:20:33,077 [Worker-16: Building] INFO  o.a.m.s.f.DefaultMavenResourcesFiltering - skip non existing resourceDirectory C:\Users\Shree\Desktop\FULL STACK\JRTP\01_MINI_projects\Student_CRM\src\test\resources
2025-07-12 21:20:35,330 [Worker-21: Building] INFO  o.a.m.s.f.DefaultMavenResourcesFiltering - Copying 1 resource from src\main\resources to target\classes
2025-07-12 21:20:35,348 [Worker-21: Building] INFO  o.a.m.s.f.DefaultMavenResourcesFiltering - Copying 17 resources from src\main\resources to target\classes
2025-07-12 21:20:35,376 [Worker-21: Building] INFO  o.a.m.s.f.DefaultMavenResourcesFiltering - skip non existing resourceDirectory C:\Users\Shree\Desktop\FULL STACK\JRTP\01_MINI_projects\Student_CRM\src\test\resources
2025-07-12 21:20:43,275 [Worker-21: Building] INFO  o.a.m.s.f.DefaultMavenResourcesFiltering - Copying 1 resource from src\main\resources to target\classes
2025-07-12 21:20:43,292 [Worker-21: Building] INFO  o.a.m.s.f.DefaultMavenResourcesFiltering - Copying 17 resources from src\main\resources to target\classes
2025-07-12 21:20:43,312 [Worker-21: Building] INFO  o.a.m.s.f.DefaultMavenResourcesFiltering - skip non existing resourceDirectory C:\Users\Shree\Desktop\FULL STACK\JRTP\01_MINI_projects\Student_CRM\src\test\resources
2025-07-12 21:21:26,133 [Worker-19: Building] INFO  o.a.m.s.f.DefaultMavenResourcesFiltering - Copying 1 resource from src\main\resources to target\classes
2025-07-12 21:21:26,148 [Worker-19: Building] INFO  o.a.m.s.f.DefaultMavenResourcesFiltering - Copying 17 resources from src\main\resources to target\classes
2025-07-12 21:21:26,168 [Worker-19: Building] INFO  o.a.m.s.f.DefaultMavenResourcesFiltering - skip non existing resourceDirectory C:\Users\Shree\Desktop\FULL STACK\JRTP\01_MINI_projects\Student_CRM\src\test\resources
2025-07-12 21:32:44,884 [Worker-19: Building] INFO  o.a.m.s.f.DefaultMavenResourcesFiltering - Copying 1 resource from src\main\resources to target\classes
2025-07-12 21:32:44,902 [Worker-19: Building] INFO  o.a.m.s.f.DefaultMavenResourcesFiltering - Copying 17 resources from src\main\resources to target\classes
2025-07-12 21:32:44,921 [Worker-19: Building] INFO  o.a.m.s.f.DefaultMavenResourcesFiltering - skip non existing resourceDirectory C:\Users\Shree\Desktop\FULL STACK\JRTP\01_MINI_projects\Student_CRM\src\test\resources
2025-07-12 21:39:20,543 [Worker-21: Building] INFO  o.a.m.s.f.DefaultMavenResourcesFiltering - Copying 1 resource from src\main\resources to target\classes
2025-07-12 21:39:20,560 [Worker-21: Building] INFO  o.a.m.s.f.DefaultMavenResourcesFiltering - Copying 17 resources from src\main\resources to target\classes
2025-07-12 21:39:20,578 [Worker-21: Building] INFO  o.a.m.s.f.DefaultMavenResourcesFiltering - skip non existing resourceDirectory C:\Users\Shree\Desktop\FULL STACK\JRTP\01_MINI_projects\Student_CRM\src\test\resources
2025-07-12 23:42:57,809 [Worker-1: Loading available Gradle versions] INFO  o.e.b.c.i.u.g.PublishedGradleVersions - Gradle version information cache is up-to-date. Trying to read.
2025-07-13 11:18:43,308 [Worker-5: Loading available Gradle versions] INFO  o.e.b.c.i.u.g.PublishedGradleVersions - Gradle version information cache is up-to-date. Trying to read.
2025-07-13 11:21:03,332 [Worker-1: Loading available Gradle versions] INFO  o.e.b.c.i.u.g.PublishedGradleVersions - Gradle version information cache is up-to-date. Trying to read.
2025-07-13 11:21:38,764 [Worker-8: Launching Student_CRM - Application (1)] INFO  o.a.m.s.f.DefaultMavenResourcesFiltering - Copying 1 resource from src\main\resources to target\classes
2025-07-13 11:21:38,804 [Worker-8: Launching Student_CRM - Application (1)] INFO  o.a.m.s.f.DefaultMavenResourcesFiltering - Copying 17 resources from src\main\resources to target\classes
2025-07-13 11:21:38,878 [Worker-8: Launching Student_CRM - Application (1)] INFO  o.a.m.s.f.DefaultMavenResourcesFiltering - skip non existing resourceDirectory C:\Users\Shree\Desktop\FULL STACK\JRTP\01_MINI_projects\Student_CRM\src\test\resources
2025-07-13 11:34:03,415 [Worker-10: Building] INFO  o.a.m.s.f.DefaultMavenResourcesFiltering - Copying 0 resource from src\main\resources to target\classes
2025-07-13 11:34:03,423 [Worker-10: Building] INFO  o.a.m.s.f.DefaultMavenResourcesFiltering - Copying 1 resource from src\main\resources to target\classes
2025-07-13 11:34:03,433 [Worker-10: Building] INFO  o.a.m.s.f.DefaultMavenResourcesFiltering - skip non existing resourceDirectory C:\Users\Shree\Desktop\FULL STACK\JRTP\01_MINI_projects\Student_CRM\src\test\resources
2025-07-13 11:42:56,810 [Worker-15: Building] INFO  o.a.m.s.f.DefaultMavenResourcesFiltering - Copying 1 resource from src\main\resources to target\classes
2025-07-13 11:42:56,835 [Worker-15: Building] INFO  o.a.m.s.f.DefaultMavenResourcesFiltering - Copying 17 resources from src\main\resources to target\classes
2025-07-13 11:42:56,850 [Worker-15: Building] INFO  o.a.m.s.f.DefaultMavenResourcesFiltering - skip non existing resourceDirectory C:\Users\Shree\Desktop\FULL STACK\JRTP\01_MINI_projects\Student_CRM\src\test\resources
2025-07-13 11:43:16,078 [Worker-15: Building] INFO  o.a.m.s.f.DefaultMavenResourcesFiltering - Copying 1 resource from src\main\resources to target\classes
2025-07-13 11:43:16,095 [Worker-15: Building] INFO  o.a.m.s.f.DefaultMavenResourcesFiltering - Copying 17 resources from src\main\resources to target\classes
2025-07-13 11:43:16,137 [Worker-15: Building] INFO  o.a.m.s.f.DefaultMavenResourcesFiltering - skip non existing resourceDirectory C:\Users\Shree\Desktop\FULL STACK\JRTP\01_MINI_projects\Student_CRM\src\test\resources
2025-07-13 11:44:46,240 [Worker-17: Building] INFO  o.a.m.s.f.DefaultMavenResourcesFiltering - Copying 1 resource from src\main\resources to target\classes
2025-07-13 11:44:46,258 [Worker-17: Building] INFO  o.a.m.s.f.DefaultMavenResourcesFiltering - Copying 17 resources from src\main\resources to target\classes
2025-07-13 11:44:46,288 [Worker-17: Building] INFO  o.a.m.s.f.DefaultMavenResourcesFiltering - skip non existing resourceDirectory C:\Users\Shree\Desktop\FULL STACK\JRTP\01_MINI_projects\Student_CRM\src\test\resources
2025-07-13 11:46:25,231 [Worker-3: Building] INFO  o.a.m.s.f.DefaultMavenResourcesFiltering - Copying 0 resource from src\main\resources to target\classes
2025-07-13 11:46:25,237 [Worker-3: Building] INFO  o.a.m.s.f.DefaultMavenResourcesFiltering - Copying 1 resource from src\main\resources to target\classes
2025-07-13 11:46:25,246 [Worker-3: Building] INFO  o.a.m.s.f.DefaultMavenResourcesFiltering - skip non existing resourceDirectory C:\Users\Shree\Desktop\FULL STACK\JRTP\01_MINI_projects\Student_CRM\src\test\resources
2025-07-13 11:46:38,206 [Worker-16: Launching Student_CRM - Application (1)] INFO  o.a.m.s.f.DefaultMavenResourcesFiltering - Copying 1 resource from src\main\resources to target\classes
2025-07-13 11:46:38,225 [Worker-16: Launching Student_CRM - Application (1)] INFO  o.a.m.s.f.DefaultMavenResourcesFiltering - Copying 17 resources from src\main\resources to target\classes
2025-07-13 11:46:38,247 [Worker-16: Launching Student_CRM - Application (1)] INFO  o.a.m.s.f.DefaultMavenResourcesFiltering - skip non existing resourceDirectory C:\Users\Shree\Desktop\FULL STACK\JRTP\01_MINI_projects\Student_CRM\src\test\resources
2025-07-13 11:48:57,286 [Worker-18: Building] INFO  o.a.m.s.f.DefaultMavenResourcesFiltering - Copying 0 resource from src\main\resources to target\classes
2025-07-13 11:48:57,293 [Worker-18: Building] INFO  o.a.m.s.f.DefaultMavenResourcesFiltering - Copying 1 resource from src\main\resources to target\classes
2025-07-13 11:48:57,299 [Worker-18: Building] INFO  o.a.m.s.f.DefaultMavenResourcesFiltering - skip non existing resourceDirectory C:\Users\Shree\Desktop\FULL STACK\JRTP\01_MINI_projects\Student_CRM\src\test\resources
2025-07-13 11:49:56,448 [Worker-21: Building] INFO  o.a.m.s.f.DefaultMavenResourcesFiltering - Copying 0 resource from src\main\resources to target\classes
2025-07-13 11:49:56,468 [Worker-21: Building] INFO  o.a.m.s.f.DefaultMavenResourcesFiltering - Copying 1 resource from src\main\resources to target\classes
2025-07-13 11:49:56,477 [Worker-21: Building] INFO  o.a.m.s.f.DefaultMavenResourcesFiltering - skip non existing resourceDirectory C:\Users\Shree\Desktop\FULL STACK\JRTP\01_MINI_projects\Student_CRM\src\test\resources
2025-07-13 17:12:37,862 [Worker-2: Loading available Gradle versions] INFO  o.e.b.c.i.u.g.PublishedGradleVersions - Gradle version information cache is out-of-date. Trying to update.
2025-07-13 17:18:05,802 [Worker-0: Loading available Gradle versions] INFO  o.e.b.c.i.u.g.PublishedGradleVersions - Gradle version information cache is up-to-date. Trying to read.
2025-07-14 08:43:07,785 [Worker-0: Loading available Gradle versions] INFO  o.e.b.c.i.u.g.PublishedGradleVersions - Gradle version information cache is up-to-date. Trying to read.
2025-07-14 09:50:43,167 [Worker-5: Building] INFO  o.a.m.s.f.DefaultMavenResourcesFiltering - Copying 1 resource from src\main\resources to target\classes
2025-07-14 09:50:43,205 [Worker-5: Building] INFO  o.a.m.s.f.DefaultMavenResourcesFiltering - Copying 17 resources from src\main\resources to target\classes
2025-07-14 09:50:43,231 [Worker-5: Building] INFO  o.a.m.s.f.DefaultMavenResourcesFiltering - skip non existing resourceDirectory C:\Users\Shree\Desktop\FULL STACK\JRTP\01_MINI_projects\Student_CRM\src\test\resources
2025-07-14 09:51:47,372 [Worker-5: Building] INFO  o.a.m.s.f.DefaultMavenResourcesFiltering - Copying 1 resource from src\main\resources to target\classes
2025-07-14 09:51:47,395 [Worker-5: Building] INFO  o.a.m.s.f.DefaultMavenResourcesFiltering - Copying 17 resources from src\main\resources to target\classes
2025-07-14 09:51:47,422 [Worker-5: Building] INFO  o.a.m.s.f.DefaultMavenResourcesFiltering - skip non existing resourceDirectory C:\Users\Shree\Desktop\FULL STACK\JRTP\01_MINI_projects\Student_CRM\src\test\resources
2025-07-14 09:53:05,590 [Worker-3: Building] INFO  o.a.m.s.f.DefaultMavenResourcesFiltering - Copying 0 resource from src\main\resources to target\classes
2025-07-14 09:53:05,602 [Worker-3: Building] INFO  o.a.m.s.f.DefaultMavenResourcesFiltering - Copying 1 resource from src\main\resources to target\classes
2025-07-14 09:53:05,614 [Worker-3: Building] INFO  o.a.m.s.f.DefaultMavenResourcesFiltering - skip non existing resourceDirectory C:\Users\Shree\Desktop\FULL STACK\JRTP\01_MINI_projects\Student_CRM\src\test\resources
2025-07-14 09:58:44,590 [Worker-1: Building] INFO  o.a.m.s.f.DefaultMavenResourcesFiltering - Copying 0 resource from src\main\resources to target\classes
2025-07-14 09:58:44,598 [Worker-1: Building] INFO  o.a.m.s.f.DefaultMavenResourcesFiltering - Copying 1 resource from src\main\resources to target\classes
2025-07-14 09:58:44,605 [Worker-1: Building] INFO  o.a.m.s.f.DefaultMavenResourcesFiltering - skip non existing resourceDirectory C:\Users\Shree\Desktop\FULL STACK\JRTP\01_MINI_projects\Student_CRM\src\test\resources
2025-07-14 11:02:08,935 [Worker-3: Building] INFO  o.a.m.s.f.DefaultMavenResourcesFiltering - Copying 0 resource from src\main\resources to target\classes
2025-07-14 11:02:08,952 [Worker-3: Building] INFO  o.a.m.s.f.DefaultMavenResourcesFiltering - Copying 1 resource from src\main\resources to target\classes
2025-07-14 11:02:08,975 [Worker-3: Building] INFO  o.a.m.s.f.DefaultMavenResourcesFiltering - skip non existing resourceDirectory C:\Users\Shree\Desktop\FULL STACK\JRTP\01_MINI_projects\Student_CRM\src\test\resources
2025-07-14 11:03:07,234 [Worker-11: Building] INFO  o.a.m.s.f.DefaultMavenResourcesFiltering - Copying 0 resource from src\main\resources to target\classes
2025-07-14 11:03:07,244 [Worker-11: Building] INFO  o.a.m.s.f.DefaultMavenResourcesFiltering - Copying 1 resource from src\main\resources to target\classes
2025-07-14 11:03:07,260 [Worker-11: Building] INFO  o.a.m.s.f.DefaultMavenResourcesFiltering - skip non existing resourceDirectory C:\Users\Shree\Desktop\FULL STACK\JRTP\01_MINI_projects\Student_CRM\src\test\resources
2025-07-15 09:22:32,152 [Worker-0: Loading available Gradle versions] INFO  o.e.b.c.i.u.g.PublishedGradleVersions - Gradle version information cache is out-of-date. Trying to update.
2025-07-16 10:29:37,010 [Worker-1: Loading available Gradle versions] INFO  o.e.b.c.i.u.g.PublishedGradleVersions - Gradle version information cache is out-of-date. Trying to update.
2025-07-16 10:30:06,081 [Worker-11: Building] INFO  o.a.m.s.f.DefaultMavenResourcesFiltering - Copying 1 resource from src\main\resources to target\classes
2025-07-16 10:30:06,145 [Worker-11: Building] INFO  o.a.m.s.f.DefaultMavenResourcesFiltering - Copying 17 resources from src\main\resources to target\classes
2025-07-16 10:30:06,286 [Worker-11: Building] INFO  o.a.m.s.f.DefaultMavenResourcesFiltering - skip non existing resourceDirectory C:\Users\Shree\Desktop\FULL STACK\JRTP\01_MINI_projects\Student_CRM\src\test\resources
2025-07-16 12:33:33,697 [Worker-21: Import Getting Started Content] INFO  o.e.m.c.i.l.LifecycleMappingFactory - Using org.eclipse.m2e.jdt.JarLifecycleMapping lifecycle mapping for MavenProject: com.example:03_Blog_App:0.0.1-SNAPSHOT @ C:\Users\Shree\Desktop\FULL STACK\JRTP\01_MINI_projects\03_Blog_App\pom.xml.
2025-07-16 12:33:36,145 [Worker-21: Import Getting Started Content] INFO  o.e.m.j.i.AbstractJavaProjectConfigurator - Adding source folder /03_Blog_App/src/main/java
2025-07-16 12:33:36,149 [Worker-21: Import Getting Started Content] INFO  o.e.m.j.i.AbstractJavaProjectConfigurator - Adding resource folder /03_Blog_App/src/main/resources
2025-07-16 12:33:36,158 [Worker-21: Import Getting Started Content] INFO  o.e.m.j.i.AbstractJavaProjectConfigurator - Adding resource folder /03_Blog_App/src/main/resources
2025-07-16 12:33:36,166 [Worker-21: Import Getting Started Content] INFO  o.e.m.j.i.AbstractJavaProjectConfigurator - Adding source folder /03_Blog_App/src/test/java
2025-07-16 12:33:36,169 [Worker-21: Import Getting Started Content] INFO  o.e.m.j.i.AbstractJavaProjectConfigurator - Adding resource folder /03_Blog_App/src/test/resources
2025-07-16 12:33:37,212 [Worker-21: Import Getting Started Content] INFO  o.e.m.c.i.p.ProjectConfigurationManager - Imported and configured 1 project(s) in 5 sec
2025-07-16 12:33:37,223 [Worker-21: Import Getting Started Content] INFO  o.e.m.c.i.p.ProjectConfigurationManager - Update started
2025-07-16 12:33:37,912 [Worker-21: Import Getting Started Content] INFO  o.e.m.c.i.l.LifecycleMappingFactory - Using org.eclipse.m2e.jdt.JarLifecycleMapping lifecycle mapping for MavenProject: com.example:03_Blog_App:0.0.1-SNAPSHOT @ C:\Users\Shree\Desktop\FULL STACK\JRTP\01_MINI_projects\03_Blog_App\pom.xml.
2025-07-16 12:33:39,287 [Worker-21: Import Getting Started Content] INFO  o.e.m.j.i.AbstractJavaProjectConfigurator - Adding source folder /03_Blog_App/src/main/java
2025-07-16 12:33:39,289 [Worker-21: Import Getting Started Content] INFO  o.e.m.j.i.AbstractJavaProjectConfigurator - Adding resource folder /03_Blog_App/src/main/resources
2025-07-16 12:33:39,290 [Worker-21: Import Getting Started Content] INFO  o.e.m.j.i.AbstractJavaProjectConfigurator - Adding resource folder /03_Blog_App/src/main/resources
2025-07-16 12:33:39,291 [Worker-21: Import Getting Started Content] INFO  o.e.m.j.i.AbstractJavaProjectConfigurator - Adding source folder /03_Blog_App/src/test/java
2025-07-16 12:33:39,293 [Worker-21: Import Getting Started Content] INFO  o.e.m.j.i.AbstractJavaProjectConfigurator - Adding resource folder /03_Blog_App/src/test/resources
2025-07-16 12:33:40,147 [Worker-21: Import Getting Started Content] INFO  o.e.m.c.i.p.ProjectConfigurationManager - Update completed for 1 poms: local refresh takes 0.00 sec, refresh facades takes 2.00 sec, update config takes 0.00 sec 
2025-07-16 12:33:40,928 [Worker-20: Building] INFO  o.a.m.s.f.DefaultMavenResourcesFiltering - Copying 1 resource from src\main\resources to target\classes
2025-07-16 12:33:40,964 [Worker-20: Building] INFO  o.a.m.s.f.DefaultMavenResourcesFiltering - Copying 0 resource from src\main\resources to target\classes
2025-07-16 12:33:40,977 [Worker-20: Building] INFO  o.a.m.s.f.DefaultMavenResourcesFiltering - skip non existing resourceDirectory C:\Users\Shree\Desktop\FULL STACK\JRTP\01_MINI_projects\03_Blog_App\src\test\resources
2025-07-16 12:34:09,561 [Worker-20: Building] INFO  o.e.m.c.i.l.LifecycleMappingFactory - Using org.maven.ide.eclipse.wtp.WarLifecycleMapping lifecycle mapping for MavenProject: com.example:02_MiniProject_App-1:0.0.1-SNAPSHOT @ C:\Users\Shree\Desktop\FULL STACK\JRTP\01_MINI_projects\02_Student_CRM\pom.xml.
2025-07-16 12:34:12,566 [Worker-20: Building] INFO  o.a.m.s.f.DefaultMavenResourcesFiltering - Copying 1 resource from src\main\resources to target\classes
2025-07-16 12:34:12,600 [Worker-20: Building] INFO  o.a.m.s.f.DefaultMavenResourcesFiltering - Copying 17 resources from src\main\resources to target\classes
2025-07-16 12:34:12,693 [Worker-20: Building] INFO  o.a.m.s.f.DefaultMavenResourcesFiltering - skip non existing resourceDirectory C:\Users\Shree\Desktop\FULL STACK\JRTP\01_MINI_projects\02_Student_CRM\src\test\resources
2025-07-16 12:34:14,541 [Worker-22: Building] INFO  o.a.m.s.f.DefaultMavenResourcesFiltering - Copying 1 resource from src\main\resources to target\classes
2025-07-16 12:34:14,546 [Worker-22: Building] INFO  o.a.m.s.f.DefaultMavenResourcesFiltering - Copying 17 resources from src\main\resources to target\classes
2025-07-16 12:34:14,738 [Worker-22: Building] INFO  o.a.m.s.f.DefaultMavenResourcesFiltering - skip non existing resourceDirectory C:\Users\Shree\Desktop\FULL STACK\JRTP\01_MINI_projects\02_Student_CRM\src\test\resources
2025-07-16 12:34:34,442 [Worker-24: Updating Maven Dependencies] INFO  o.e.m.c.i.l.LifecycleMappingFactory - Using org.maven.ide.eclipse.wtp.WarLifecycleMapping lifecycle mapping for MavenProject: com.example:01_ReportsApp:0.0.1-SNAPSHOT @ C:\Users\Shree\Desktop\FULL STACK\JRTP\01_MINI_projects\Insurance_Report_App\pom.xml.
2025-07-16 12:34:45,821 [Worker-20: Building] INFO  o.e.m.c.i.l.LifecycleMappingFactory - Using org.maven.ide.eclipse.wtp.WarLifecycleMapping lifecycle mapping for MavenProject: com.example:01_ReportsApp:0.0.1-SNAPSHOT @ C:\Users\Shree\Desktop\FULL STACK\JRTP\01_MINI_projects\01_Insurance_Report_App\pom.xml.
2025-07-16 12:34:48,093 [Worker-20: Building] INFO  o.a.m.s.f.DefaultMavenResourcesFiltering - Copying 1 resource from src\main\resources to target\classes
2025-07-16 12:34:48,124 [Worker-20: Building] INFO  o.a.m.s.f.DefaultMavenResourcesFiltering - Copying 0 resource from src\main\resources to target\classes
2025-07-16 12:34:48,136 [Worker-20: Building] INFO  o.a.m.s.f.DefaultMavenResourcesFiltering - skip non existing resourceDirectory C:\Users\Shree\Desktop\FULL STACK\JRTP\01_MINI_projects\01_Insurance_Report_App\src\test\resources
2025-07-16 12:34:49,837 [Worker-23: Building] INFO  o.a.m.s.f.DefaultMavenResourcesFiltering - Copying 1 resource from src\main\resources to target\classes
2025-07-16 12:34:49,844 [Worker-23: Building] INFO  o.a.m.s.f.DefaultMavenResourcesFiltering - Copying 0 resource from src\main\resources to target\classes
2025-07-16 12:34:49,853 [Worker-23: Building] INFO  o.a.m.s.f.DefaultMavenResourcesFiltering - skip non existing resourceDirectory C:\Users\Shree\Desktop\FULL STACK\JRTP\01_MINI_projects\01_Insurance_Report_App\src\test\resources
2025-07-16 12:36:53,216 [Worker-29: Building] INFO  o.a.m.s.f.DefaultMavenResourcesFiltering - Copying 0 resource from src\main\resources to target\classes
2025-07-16 12:36:53,219 [Worker-29: Building] INFO  o.a.m.s.f.DefaultMavenResourcesFiltering - Copying 0 resource from src\main\resources to target\classes
2025-07-16 12:36:53,227 [Worker-29: Building] INFO  o.a.m.s.f.DefaultMavenResourcesFiltering - skip non existing resourceDirectory C:\Users\Shree\Desktop\FULL STACK\JRTP\01_MINI_projects\01_Insurance_Report_App\src\test\resources
2025-07-16 12:38:02,163 [Worker-33: Updating Maven Dependencies] INFO  o.e.m.c.i.l.LifecycleMappingFactory - Using org.maven.ide.eclipse.wtp.WarLifecycleMapping lifecycle mapping for MavenProject: com.example:02_MiniProject_App-1:0.0.1-SNAPSHOT @ C:\Users\Shree\Desktop\FULL STACK\JRTP\01_MINI_projects\02_Student_CRM\pom.xml.
2025-07-16 12:38:39,161 [Worker-30: Building] INFO  o.a.m.s.f.DefaultMavenResourcesFiltering - Copying 1 resource from src\main\resources to target\classes
2025-07-16 12:38:39,176 [Worker-30: Building] INFO  o.a.m.s.f.DefaultMavenResourcesFiltering - Copying 0 resource from src\main\resources to target\classes
2025-07-16 12:38:39,182 [Worker-30: Building] INFO  o.a.m.s.f.DefaultMavenResourcesFiltering - skip non existing resourceDirectory C:\Users\Shree\Desktop\FULL STACK\JRTP\01_MINI_projects\03_Blog_App\src\test\resources
2025-07-16 12:39:13,895 [Worker-24: Building] INFO  o.a.m.s.f.DefaultMavenResourcesFiltering - Copying 1 resource from src\main\resources to target\classes
2025-07-16 12:39:13,907 [Worker-24: Building] INFO  o.a.m.s.f.DefaultMavenResourcesFiltering - Copying 0 resource from src\main\resources to target\classes
2025-07-16 12:39:13,915 [Worker-24: Building] INFO  o.a.m.s.f.DefaultMavenResourcesFiltering - skip non existing resourceDirectory C:\Users\Shree\Desktop\FULL STACK\JRTP\01_MINI_projects\03_Blog_App\src\test\resources
2025-07-16 12:39:46,540 [Worker-35: Updating Maven Dependencies] INFO  o.e.m.c.i.l.LifecycleMappingFactory - Using org.maven.ide.eclipse.wtp.WarLifecycleMapping lifecycle mapping for MavenProject: com.example:02_MiniProject_App-1:0.0.1-SNAPSHOT @ C:\Users\Shree\Desktop\FULL STACK\JRTP\01_MINI_projects\02_Student_CRM\pom.xml.
2025-07-16 12:40:55,960 [Worker-33: Building] INFO  o.a.m.s.f.DefaultMavenResourcesFiltering - Copying 1 resource from src\main\resources to target\classes
2025-07-16 12:40:55,976 [Worker-33: Building] INFO  o.a.m.s.f.DefaultMavenResourcesFiltering - Copying 0 resource from src\main\resources to target\classes
2025-07-16 12:40:55,984 [Worker-33: Building] INFO  o.a.m.s.f.DefaultMavenResourcesFiltering - skip non existing resourceDirectory C:\Users\Shree\Desktop\FULL STACK\JRTP\01_MINI_projects\03_Blog_App\src\test\resources
2025-07-16 12:46:40,071 [Worker-30: Building] INFO  o.a.m.s.f.DefaultMavenResourcesFiltering - Copying 1 resource from src\main\resources to target\classes
2025-07-16 12:46:40,087 [Worker-30: Building] INFO  o.a.m.s.f.DefaultMavenResourcesFiltering - Copying 0 resource from src\main\resources to target\classes
2025-07-16 12:46:40,097 [Worker-30: Building] INFO  o.a.m.s.f.DefaultMavenResourcesFiltering - skip non existing resourceDirectory C:\Users\Shree\Desktop\FULL STACK\JRTP\01_MINI_projects\03_Blog_App\src\test\resources
2025-07-16 12:53:41,346 [Worker-32: Building] INFO  o.a.m.s.f.DefaultMavenResourcesFiltering - Copying 1 resource from src\main\resources to target\classes
2025-07-16 12:53:41,362 [Worker-32: Building] INFO  o.a.m.s.f.DefaultMavenResourcesFiltering - Copying 0 resource from src\main\resources to target\classes
2025-07-16 12:53:41,372 [Worker-32: Building] INFO  o.a.m.s.f.DefaultMavenResourcesFiltering - skip non existing resourceDirectory C:\Users\Shree\Desktop\FULL STACK\JRTP\01_MINI_projects\03_Blog_App\src\test\resources
2025-07-16 12:58:10,683 [Worker-31: Building] INFO  o.a.m.s.f.DefaultMavenResourcesFiltering - Copying 1 resource from src\main\resources to target\classes
2025-07-16 12:58:10,695 [Worker-31: Building] INFO  o.a.m.s.f.DefaultMavenResourcesFiltering - Copying 0 resource from src\main\resources to target\classes
2025-07-16 12:58:10,702 [Worker-31: Building] INFO  o.a.m.s.f.DefaultMavenResourcesFiltering - skip non existing resourceDirectory C:\Users\Shree\Desktop\FULL STACK\JRTP\01_MINI_projects\03_Blog_App\src\test\resources
2025-07-16 13:00:50,393 [Worker-36: Building] INFO  o.a.m.s.f.DefaultMavenResourcesFiltering - Copying 1 resource from src\main\resources to target\classes
2025-07-16 13:00:50,406 [Worker-36: Building] INFO  o.a.m.s.f.DefaultMavenResourcesFiltering - Copying 0 resource from src\main\resources to target\classes
2025-07-16 13:00:50,413 [Worker-36: Building] INFO  o.a.m.s.f.DefaultMavenResourcesFiltering - skip non existing resourceDirectory C:\Users\Shree\Desktop\FULL STACK\JRTP\01_MINI_projects\03_Blog_App\src\test\resources
2025-07-16 13:08:05,285 [Worker-38: Building] INFO  o.a.m.s.f.DefaultMavenResourcesFiltering - Copying 1 resource from src\main\resources to target\classes
2025-07-16 13:08:05,295 [Worker-38: Building] INFO  o.a.m.s.f.DefaultMavenResourcesFiltering - Copying 0 resource from src\main\resources to target\classes
2025-07-16 13:08:05,299 [Worker-38: Building] INFO  o.a.m.s.f.DefaultMavenResourcesFiltering - skip non existing resourceDirectory C:\Users\Shree\Desktop\FULL STACK\JRTP\01_MINI_projects\03_Blog_App\src\test\resources
2025-07-16 13:10:11,999 [Worker-39: Building] INFO  o.a.m.s.f.DefaultMavenResourcesFiltering - Copying 1 resource from src\main\resources to target\classes
2025-07-16 13:10:12,022 [Worker-39: Building] INFO  o.a.m.s.f.DefaultMavenResourcesFiltering - Copying 0 resource from src\main\resources to target\classes
2025-07-16 13:10:12,030 [Worker-39: Building] INFO  o.a.m.s.f.DefaultMavenResourcesFiltering - skip non existing resourceDirectory C:\Users\Shree\Desktop\FULL STACK\JRTP\01_MINI_projects\03_Blog_App\src\test\resources
2025-07-16 13:12:29,685 [Worker-41: Building] INFO  o.a.m.s.f.DefaultMavenResourcesFiltering - Copying 1 resource from src\main\resources to target\classes
2025-07-16 13:12:29,707 [Worker-41: Building] INFO  o.a.m.s.f.DefaultMavenResourcesFiltering - Copying 0 resource from src\main\resources to target\classes
2025-07-16 13:12:29,714 [Worker-41: Building] INFO  o.a.m.s.f.DefaultMavenResourcesFiltering - skip non existing resourceDirectory C:\Users\Shree\Desktop\FULL STACK\JRTP\01_MINI_projects\03_Blog_App\src\test\resources
2025-07-16 13:12:31,914 [Worker-26: Building] INFO  o.a.m.s.f.DefaultMavenResourcesFiltering - Copying 1 resource from src\main\resources to target\classes
2025-07-16 13:12:31,952 [Worker-26: Building] INFO  o.a.m.s.f.DefaultMavenResourcesFiltering - Copying 0 resource from src\main\resources to target\classes
2025-07-16 13:12:31,959 [Worker-26: Building] INFO  o.a.m.s.f.DefaultMavenResourcesFiltering - skip non existing resourceDirectory C:\Users\Shree\Desktop\FULL STACK\JRTP\01_MINI_projects\03_Blog_App\src\test\resources
2025-07-16 13:13:30,216 [Worker-38: Building] INFO  o.a.m.s.f.DefaultMavenResourcesFiltering - Copying 1 resource from src\main\resources to target\classes
2025-07-16 13:13:30,241 [Worker-38: Building] INFO  o.a.m.s.f.DefaultMavenResourcesFiltering - Copying 0 resource from src\main\resources to target\classes
2025-07-16 13:13:30,248 [Worker-38: Building] INFO  o.a.m.s.f.DefaultMavenResourcesFiltering - skip non existing resourceDirectory C:\Users\Shree\Desktop\FULL STACK\JRTP\01_MINI_projects\03_Blog_App\src\test\resources
2025-07-16 13:16:49,822 [Worker-38: Building] INFO  o.a.m.s.f.DefaultMavenResourcesFiltering - Copying 1 resource from src\main\resources to target\classes
2025-07-16 13:16:49,839 [Worker-38: Building] INFO  o.a.m.s.f.DefaultMavenResourcesFiltering - Copying 0 resource from src\main\resources to target\classes
2025-07-16 13:16:49,845 [Worker-38: Building] INFO  o.a.m.s.f.DefaultMavenResourcesFiltering - skip non existing resourceDirectory C:\Users\Shree\Desktop\FULL STACK\JRTP\01_MINI_projects\03_Blog_App\src\test\resources
2025-07-16 13:17:36,029 [Worker-31: Updating Maven Project] INFO  o.e.m.c.i.p.ProjectConfigurationManager - Update started
2025-07-16 13:17:37,081 [Worker-31: Updating Maven Project] INFO  o.e.m.c.i.l.LifecycleMappingFactory - Using org.eclipse.m2e.jdt.JarLifecycleMapping lifecycle mapping for MavenProject: com.example:03_Blog_App:0.0.1-SNAPSHOT @ C:\Users\Shree\Desktop\FULL STACK\JRTP\01_MINI_projects\03_Blog_App\pom.xml.
2025-07-16 13:17:38,342 [Worker-31: Updating Maven Project] INFO  o.e.m.j.i.AbstractJavaProjectConfigurator - Adding source folder /03_Blog_App/src/main/java
2025-07-16 13:17:38,344 [Worker-31: Updating Maven Project] INFO  o.e.m.j.i.AbstractJavaProjectConfigurator - Adding resource folder /03_Blog_App/src/main/resources
2025-07-16 13:17:38,346 [Worker-31: Updating Maven Project] INFO  o.e.m.j.i.AbstractJavaProjectConfigurator - Adding resource folder /03_Blog_App/src/main/resources
2025-07-16 13:17:38,347 [Worker-31: Updating Maven Project] INFO  o.e.m.j.i.AbstractJavaProjectConfigurator - Adding source folder /03_Blog_App/src/test/java
2025-07-16 13:17:38,349 [Worker-31: Updating Maven Project] INFO  o.e.m.j.i.AbstractJavaProjectConfigurator - Adding resource folder /03_Blog_App/src/test/resources
2025-07-16 13:17:39,034 [Worker-31: Updating Maven Project] INFO  o.e.m.c.i.p.ProjectConfigurationManager - Update completed for 1 poms: local refresh takes 0.00 sec, refresh facades takes 2.00 sec, update config takes 0.00 sec 
2025-07-16 13:17:39,589 [Worker-42: Building] INFO  o.a.m.s.f.DefaultMavenResourcesFiltering - Copying 1 resource from src\main\resources to target\classes
2025-07-16 13:17:39,628 [Worker-42: Building] INFO  o.a.m.s.f.DefaultMavenResourcesFiltering - Copying 0 resource from src\main\resources to target\classes
2025-07-16 13:17:39,636 [Worker-42: Building] INFO  o.a.m.s.f.DefaultMavenResourcesFiltering - skip non existing resourceDirectory C:\Users\Shree\Desktop\FULL STACK\JRTP\01_MINI_projects\03_Blog_App\src\test\resources
2025-07-16 13:19:26,500 [Worker-37: Building] INFO  o.a.m.s.f.DefaultMavenResourcesFiltering - Copying 1 resource from src\main\resources to target\classes
2025-07-16 13:19:26,518 [Worker-37: Building] INFO  o.a.m.s.f.DefaultMavenResourcesFiltering - Copying 0 resource from src\main\resources to target\classes
2025-07-16 13:19:26,524 [Worker-37: Building] INFO  o.a.m.s.f.DefaultMavenResourcesFiltering - skip non existing resourceDirectory C:\Users\Shree\Desktop\FULL STACK\JRTP\01_MINI_projects\03_Blog_App\src\test\resources
2025-07-16 13:20:38,237 [Worker-38: Building] INFO  o.a.m.s.f.DefaultMavenResourcesFiltering - Copying 1 resource from src\main\resources to target\classes
2025-07-16 13:20:38,248 [Worker-38: Building] INFO  o.a.m.s.f.DefaultMavenResourcesFiltering - Copying 0 resource from src\main\resources to target\classes
2025-07-16 13:20:38,254 [Worker-38: Building] INFO  o.a.m.s.f.DefaultMavenResourcesFiltering - skip non existing resourceDirectory C:\Users\Shree\Desktop\FULL STACK\JRTP\01_MINI_projects\03_Blog_App\src\test\resources
2025-07-16 13:23:45,486 [Worker-42: Building] INFO  o.a.m.s.f.DefaultMavenResourcesFiltering - Copying 1 resource from src\main\resources to target\classes
2025-07-16 13:23:45,510 [Worker-42: Building] INFO  o.a.m.s.f.DefaultMavenResourcesFiltering - Copying 0 resource from src\main\resources to target\classes
2025-07-16 13:23:45,516 [Worker-42: Building] INFO  o.a.m.s.f.DefaultMavenResourcesFiltering - skip non existing resourceDirectory C:\Users\Shree\Desktop\FULL STACK\JRTP\01_MINI_projects\03_Blog_App\src\test\resources
2025-07-16 13:28:23,043 [Worker-31: Building] INFO  o.a.m.s.f.DefaultMavenResourcesFiltering - Copying 1 resource from src\main\resources to target\classes
2025-07-16 13:28:23,066 [Worker-31: Building] INFO  o.a.m.s.f.DefaultMavenResourcesFiltering - Copying 0 resource from src\main\resources to target\classes
2025-07-16 13:28:23,073 [Worker-31: Building] INFO  o.a.m.s.f.DefaultMavenResourcesFiltering - skip non existing resourceDirectory C:\Users\Shree\Desktop\FULL STACK\JRTP\01_MINI_projects\03_Blog_App\src\test\resources
2025-07-16 17:48:15,528 [Worker-43: Building] INFO  o.a.m.s.f.DefaultMavenResourcesFiltering - Copying 1 resource from src\main\resources to target\classes
2025-07-16 17:48:15,571 [Worker-43: Building] INFO  o.a.m.s.f.DefaultMavenResourcesFiltering - Copying 0 resource from src\main\resources to target\classes
2025-07-16 17:48:15,578 [Worker-43: Building] INFO  o.a.m.s.f.DefaultMavenResourcesFiltering - skip non existing resourceDirectory C:\Users\Shree\Desktop\FULL STACK\JRTP\01_MINI_projects\03_Blog_App\src\test\resources
2025-07-19 12:38:36,540 [Worker-4: Loading available Gradle versions] INFO  o.e.b.c.i.u.g.PublishedGradleVersions - Gradle version information cache is out-of-date. Trying to update.
2025-07-24 14:04:56,019 [Worker-2: Loading available Gradle versions] INFO  o.e.b.c.i.u.g.PublishedGradleVersions - Gradle version information cache is out-of-date. Trying to update.
2025-07-24 14:42:05,254 [Worker-14: Building] INFO  o.a.m.s.f.DefaultMavenResourcesFiltering - Copying 1 resource from src\main\resources to target\classes
2025-07-24 14:42:05,330 [Worker-14: Building] INFO  o.a.m.s.f.DefaultMavenResourcesFiltering - Copying 0 resource from src\main\resources to target\classes
2025-07-24 14:42:05,347 [Worker-14: Building] INFO  o.a.m.s.f.DefaultMavenResourcesFiltering - skip non existing resourceDirectory C:\Users\Shree\Desktop\FULL STACK\JRTP\01_MINI_projects\03_Blog_App\src\test\resources
2025-07-24 14:43:22,813 [Worker-18: Building] INFO  o.a.m.s.f.DefaultMavenResourcesFiltering - Copying 1 resource from src\main\resources to target\classes
2025-07-24 14:43:22,840 [Worker-18: Building] INFO  o.a.m.s.f.DefaultMavenResourcesFiltering - Copying 0 resource from src\main\resources to target\classes
2025-07-24 14:43:22,854 [Worker-18: Building] INFO  o.a.m.s.f.DefaultMavenResourcesFiltering - skip non existing resourceDirectory C:\Users\Shree\Desktop\FULL STACK\JRTP\01_MINI_projects\03_Blog_App\src\test\resources
2025-07-24 14:43:58,119 [Worker-20: Building] INFO  o.a.m.s.f.DefaultMavenResourcesFiltering - Copying 1 resource from src\main\resources to target\classes
2025-07-24 14:43:58,150 [Worker-20: Building] INFO  o.a.m.s.f.DefaultMavenResourcesFiltering - Copying 0 resource from src\main\resources to target\classes
2025-07-24 14:43:58,164 [Worker-20: Building] INFO  o.a.m.s.f.DefaultMavenResourcesFiltering - skip non existing resourceDirectory C:\Users\Shree\Desktop\FULL STACK\JRTP\01_MINI_projects\03_Blog_App\src\test\resources
2025-07-24 14:44:22,697 [Worker-21: Building] INFO  o.a.m.s.f.DefaultMavenResourcesFiltering - Copying 1 resource from src\main\resources to target\classes
2025-07-24 14:44:22,714 [Worker-21: Building] INFO  o.a.m.s.f.DefaultMavenResourcesFiltering - Copying 0 resource from src\main\resources to target\classes
2025-07-24 14:44:22,728 [Worker-21: Building] INFO  o.a.m.s.f.DefaultMavenResourcesFiltering - skip non existing resourceDirectory C:\Users\Shree\Desktop\FULL STACK\JRTP\01_MINI_projects\03_Blog_App\src\test\resources
2025-07-24 14:44:52,633 [Worker-14: Building] INFO  o.a.m.s.f.DefaultMavenResourcesFiltering - Copying 1 resource from src\main\resources to target\classes
2025-07-24 14:44:52,650 [Worker-14: Building] INFO  o.a.m.s.f.DefaultMavenResourcesFiltering - Copying 0 resource from src\main\resources to target\classes
2025-07-24 14:44:52,660 [Worker-14: Building] INFO  o.a.m.s.f.DefaultMavenResourcesFiltering - skip non existing resourceDirectory C:\Users\Shree\Desktop\FULL STACK\JRTP\01_MINI_projects\03_Blog_App\src\test\resources
2025-07-24 14:47:46,035 [Worker-14: Building] INFO  o.a.m.s.f.DefaultMavenResourcesFiltering - Copying 1 resource from src\main\resources to target\classes
2025-07-24 14:47:46,066 [Worker-14: Building] INFO  o.a.m.s.f.DefaultMavenResourcesFiltering - Copying 0 resource from src\main\resources to target\classes
2025-07-24 14:47:46,080 [Worker-14: Building] INFO  o.a.m.s.f.DefaultMavenResourcesFiltering - skip non existing resourceDirectory C:\Users\Shree\Desktop\FULL STACK\JRTP\01_MINI_projects\03_Blog_App\src\test\resources
2025-07-24 14:47:56,329 [Worker-17: Building] INFO  o.a.m.s.f.DefaultMavenResourcesFiltering - Copying 1 resource from src\main\resources to target\classes
2025-07-24 14:47:56,346 [Worker-17: Building] INFO  o.a.m.s.f.DefaultMavenResourcesFiltering - Copying 0 resource from src\main\resources to target\classes
2025-07-24 14:47:56,361 [Worker-17: Building] INFO  o.a.m.s.f.DefaultMavenResourcesFiltering - skip non existing resourceDirectory C:\Users\Shree\Desktop\FULL STACK\JRTP\01_MINI_projects\03_Blog_App\src\test\resources
2025-07-24 14:47:59,382 [Worker-20: Building] INFO  o.a.m.s.f.DefaultMavenResourcesFiltering - Copying 1 resource from src\main\resources to target\classes
2025-07-24 14:47:59,398 [Worker-20: Building] INFO  o.a.m.s.f.DefaultMavenResourcesFiltering - Copying 0 resource from src\main\resources to target\classes
2025-07-24 14:47:59,409 [Worker-20: Building] INFO  o.a.m.s.f.DefaultMavenResourcesFiltering - skip non existing resourceDirectory C:\Users\Shree\Desktop\FULL STACK\JRTP\01_MINI_projects\03_Blog_App\src\test\resources
2025-07-24 14:48:06,057 [Worker-17: Building] INFO  o.a.m.s.f.DefaultMavenResourcesFiltering - Copying 1 resource from src\main\resources to target\classes
2025-07-24 14:48:06,078 [Worker-17: Building] INFO  o.a.m.s.f.DefaultMavenResourcesFiltering - Copying 0 resource from src\main\resources to target\classes
2025-07-24 14:48:06,088 [Worker-17: Building] INFO  o.a.m.s.f.DefaultMavenResourcesFiltering - skip non existing resourceDirectory C:\Users\Shree\Desktop\FULL STACK\JRTP\01_MINI_projects\03_Blog_App\src\test\resources
2025-07-24 14:48:54,476 [Worker-20: Building] INFO  o.a.m.s.f.DefaultMavenResourcesFiltering - Copying 1 resource from src\main\resources to target\classes
2025-07-24 14:48:54,494 [Worker-20: Building] INFO  o.a.m.s.f.DefaultMavenResourcesFiltering - Copying 0 resource from src\main\resources to target\classes
2025-07-24 14:48:54,509 [Worker-20: Building] INFO  o.a.m.s.f.DefaultMavenResourcesFiltering - skip non existing resourceDirectory C:\Users\Shree\Desktop\FULL STACK\JRTP\01_MINI_projects\03_Blog_App\src\test\resources
2025-07-24 14:49:12,133 [Worker-19: Building] INFO  o.a.m.s.f.DefaultMavenResourcesFiltering - Copying 1 resource from src\main\resources to target\classes
2025-07-24 14:49:12,150 [Worker-19: Building] INFO  o.a.m.s.f.DefaultMavenResourcesFiltering - Copying 0 resource from src\main\resources to target\classes
2025-07-24 14:49:12,163 [Worker-19: Building] INFO  o.a.m.s.f.DefaultMavenResourcesFiltering - skip non existing resourceDirectory C:\Users\Shree\Desktop\FULL STACK\JRTP\01_MINI_projects\03_Blog_App\src\test\resources
2025-07-24 14:52:51,977 [Worker-22: Building] INFO  o.a.m.s.f.DefaultMavenResourcesFiltering - Copying 1 resource from src\main\resources to target\classes
2025-07-24 14:52:51,994 [Worker-22: Building] INFO  o.a.m.s.f.DefaultMavenResourcesFiltering - Copying 0 resource from src\main\resources to target\classes
2025-07-24 14:52:52,002 [Worker-22: Building] INFO  o.a.m.s.f.DefaultMavenResourcesFiltering - skip non existing resourceDirectory C:\Users\Shree\Desktop\FULL STACK\JRTP\01_MINI_projects\03_Blog_App\src\test\resources
2025-07-24 15:05:20,120 [Worker-24: Building] INFO  o.a.m.s.f.DefaultMavenResourcesFiltering - Copying 0 resource from src\main\resources to target\classes
2025-07-24 15:05:20,126 [Worker-24: Building] INFO  o.a.m.s.f.DefaultMavenResourcesFiltering - Copying 1 resource from src\main\resources to target\classes
2025-07-24 15:05:20,140 [Worker-24: Building] INFO  o.a.m.s.f.DefaultMavenResourcesFiltering - skip non existing resourceDirectory C:\Users\Shree\Desktop\FULL STACK\JRTP\01_MINI_projects\03_Blog_App\src\test\resources
2025-07-24 15:05:47,507 [Worker-24: Building] INFO  o.a.m.s.f.DefaultMavenResourcesFiltering - Copying 0 resource from src\main\resources to target\classes
2025-07-24 15:05:47,510 [Worker-24: Building] INFO  o.a.m.s.f.DefaultMavenResourcesFiltering - Copying 1 resource from src\main\resources to target\classes
2025-07-24 15:05:47,524 [Worker-24: Building] INFO  o.a.m.s.f.DefaultMavenResourcesFiltering - skip non existing resourceDirectory C:\Users\Shree\Desktop\FULL STACK\JRTP\01_MINI_projects\03_Blog_App\src\test\resources
2025-07-24 15:05:54,253 [Worker-22: Building] INFO  o.a.m.s.f.DefaultMavenResourcesFiltering - Copying 0 resource from src\main\resources to target\classes
2025-07-24 15:05:54,255 [Worker-22: Building] INFO  o.a.m.s.f.DefaultMavenResourcesFiltering - Copying 1 resource from src\main\resources to target\classes
2025-07-24 15:05:54,261 [Worker-22: Building] INFO  o.a.m.s.f.DefaultMavenResourcesFiltering - skip non existing resourceDirectory C:\Users\Shree\Desktop\FULL STACK\JRTP\01_MINI_projects\03_Blog_App\src\test\resources
2025-07-24 15:06:05,674 [Worker-26: Building] INFO  o.a.m.s.f.DefaultMavenResourcesFiltering - Copying 0 resource from src\main\resources to target\classes
2025-07-24 15:06:05,676 [Worker-26: Building] INFO  o.a.m.s.f.DefaultMavenResourcesFiltering - Copying 1 resource from src\main\resources to target\classes
2025-07-24 15:06:05,682 [Worker-26: Building] INFO  o.a.m.s.f.DefaultMavenResourcesFiltering - skip non existing resourceDirectory C:\Users\Shree\Desktop\FULL STACK\JRTP\01_MINI_projects\03_Blog_App\src\test\resources
2025-07-24 15:06:20,303 [Worker-26: Building] INFO  o.a.m.s.f.DefaultMavenResourcesFiltering - Copying 0 resource from src\main\resources to target\classes
2025-07-24 15:06:20,306 [Worker-26: Building] INFO  o.a.m.s.f.DefaultMavenResourcesFiltering - Copying 1 resource from src\main\resources to target\classes
2025-07-24 15:06:20,315 [Worker-26: Building] INFO  o.a.m.s.f.DefaultMavenResourcesFiltering - skip non existing resourceDirectory C:\Users\Shree\Desktop\FULL STACK\JRTP\01_MINI_projects\03_Blog_App\src\test\resources
2025-07-24 15:06:31,917 [Worker-22: Building] INFO  o.a.m.s.f.DefaultMavenResourcesFiltering - Copying 0 resource from src\main\resources to target\classes
2025-07-24 15:06:31,919 [Worker-22: Building] INFO  o.a.m.s.f.DefaultMavenResourcesFiltering - Copying 1 resource from src\main\resources to target\classes
2025-07-24 15:06:31,928 [Worker-22: Building] INFO  o.a.m.s.f.DefaultMavenResourcesFiltering - skip non existing resourceDirectory C:\Users\Shree\Desktop\FULL STACK\JRTP\01_MINI_projects\03_Blog_App\src\test\resources
2025-07-24 15:08:11,313 [Worker-26: Building] INFO  o.a.m.s.f.DefaultMavenResourcesFiltering - Copying 1 resource from src\main\resources to target\classes
2025-07-24 15:08:11,349 [Worker-26: Building] INFO  o.a.m.s.f.DefaultMavenResourcesFiltering - Copying 2 resources from src\main\resources to target\classes
2025-07-24 15:08:11,356 [Worker-26: Building] INFO  o.a.m.s.f.DefaultMavenResourcesFiltering - skip non existing resourceDirectory C:\Users\Shree\Desktop\FULL STACK\JRTP\01_MINI_projects\03_Blog_App\src\test\resources
2025-07-25 08:05:40,365 [Worker-1: Loading available Gradle versions] INFO  o.e.b.c.i.u.g.PublishedGradleVersions - Gradle version information cache is up-to-date. Trying to read.
2025-07-25 08:08:31,467 [Worker-9: Building] INFO  o.a.m.s.f.DefaultMavenResourcesFiltering - Copying 1 resource from src\main\resources to target\classes
2025-07-25 08:08:31,501 [Worker-9: Building] INFO  o.a.m.s.f.DefaultMavenResourcesFiltering - Copying 2 resources from src\main\resources to target\classes
2025-07-25 08:08:31,513 [Worker-9: Building] INFO  o.a.m.s.f.DefaultMavenResourcesFiltering - skip non existing resourceDirectory C:\Users\Shree\Desktop\FULL STACK\JRTP\01_MINI_projects\03_Blog_App\src\test\resources
2025-07-25 08:08:40,950 [Worker-10: Building] INFO  o.a.m.s.f.DefaultMavenResourcesFiltering - Copying 1 resource from src\main\resources to target\classes
2025-07-25 08:08:40,959 [Worker-10: Building] INFO  o.a.m.s.f.DefaultMavenResourcesFiltering - Copying 2 resources from src\main\resources to target\classes
2025-07-25 08:08:40,967 [Worker-10: Building] INFO  o.a.m.s.f.DefaultMavenResourcesFiltering - skip non existing resourceDirectory C:\Users\Shree\Desktop\FULL STACK\JRTP\01_MINI_projects\03_Blog_App\src\test\resources
2025-07-25 08:09:16,941 [Worker-10: Building] INFO  o.a.m.s.f.DefaultMavenResourcesFiltering - Copying 1 resource from src\main\resources to target\classes
2025-07-25 08:09:16,967 [Worker-10: Building] INFO  o.a.m.s.f.DefaultMavenResourcesFiltering - Copying 2 resources from src\main\resources to target\classes
2025-07-25 08:09:16,981 [Worker-10: Building] INFO  o.a.m.s.f.DefaultMavenResourcesFiltering - skip non existing resourceDirectory C:\Users\Shree\Desktop\FULL STACK\JRTP\01_MINI_projects\03_Blog_App\src\test\resources
2025-07-25 08:09:23,118 [Worker-10: Building] INFO  o.a.m.s.f.DefaultMavenResourcesFiltering - Copying 1 resource from src\main\resources to target\classes
2025-07-25 08:09:23,126 [Worker-10: Building] INFO  o.a.m.s.f.DefaultMavenResourcesFiltering - Copying 2 resources from src\main\resources to target\classes
2025-07-25 08:09:23,131 [Worker-10: Building] INFO  o.a.m.s.f.DefaultMavenResourcesFiltering - skip non existing resourceDirectory C:\Users\Shree\Desktop\FULL STACK\JRTP\01_MINI_projects\03_Blog_App\src\test\resources
2025-07-25 08:09:38,373 [Worker-6: Building] INFO  o.a.m.s.f.DefaultMavenResourcesFiltering - Copying 1 resource from src\main\resources to target\classes
2025-07-25 08:09:38,388 [Worker-6: Building] INFO  o.a.m.s.f.DefaultMavenResourcesFiltering - Copying 2 resources from src\main\resources to target\classes
2025-07-25 08:09:38,399 [Worker-6: Building] INFO  o.a.m.s.f.DefaultMavenResourcesFiltering - skip non existing resourceDirectory C:\Users\Shree\Desktop\FULL STACK\JRTP\01_MINI_projects\03_Blog_App\src\test\resources
2025-07-25 08:09:44,021 [Worker-6: Building] INFO  o.a.m.s.f.DefaultMavenResourcesFiltering - Copying 1 resource from src\main\resources to target\classes
2025-07-25 08:09:44,030 [Worker-6: Building] INFO  o.a.m.s.f.DefaultMavenResourcesFiltering - Copying 2 resources from src\main\resources to target\classes
2025-07-25 08:09:44,036 [Worker-6: Building] INFO  o.a.m.s.f.DefaultMavenResourcesFiltering - skip non existing resourceDirectory C:\Users\Shree\Desktop\FULL STACK\JRTP\01_MINI_projects\03_Blog_App\src\test\resources
2025-07-25 08:10:29,163 [Worker-10: Building] INFO  o.a.m.s.f.DefaultMavenResourcesFiltering - Copying 1 resource from src\main\resources to target\classes
2025-07-25 08:10:29,177 [Worker-10: Building] INFO  o.a.m.s.f.DefaultMavenResourcesFiltering - Copying 2 resources from src\main\resources to target\classes
2025-07-25 08:10:29,190 [Worker-10: Building] INFO  o.a.m.s.f.DefaultMavenResourcesFiltering - skip non existing resourceDirectory C:\Users\Shree\Desktop\FULL STACK\JRTP\01_MINI_projects\03_Blog_App\src\test\resources
2025-07-25 08:10:39,571 [Worker-1: Building] INFO  o.a.m.s.f.DefaultMavenResourcesFiltering - Copying 1 resource from src\main\resources to target\classes
2025-07-25 08:10:39,581 [Worker-1: Building] INFO  o.a.m.s.f.DefaultMavenResourcesFiltering - Copying 2 resources from src\main\resources to target\classes
2025-07-25 08:10:39,587 [Worker-1: Building] INFO  o.a.m.s.f.DefaultMavenResourcesFiltering - skip non existing resourceDirectory C:\Users\Shree\Desktop\FULL STACK\JRTP\01_MINI_projects\03_Blog_App\src\test\resources
2025-07-25 08:11:16,971 [Worker-5: Building] INFO  o.a.m.s.f.DefaultMavenResourcesFiltering - Copying 0 resource from src\main\resources to target\classes
2025-07-25 08:11:16,977 [Worker-5: Building] INFO  o.a.m.s.f.DefaultMavenResourcesFiltering - Copying 1 resource from src\main\resources to target\classes
2025-07-25 08:11:16,987 [Worker-5: Building] INFO  o.a.m.s.f.DefaultMavenResourcesFiltering - skip non existing resourceDirectory C:\Users\Shree\Desktop\FULL STACK\JRTP\01_MINI_projects\03_Blog_App\src\test\resources
2025-07-25 08:11:23,301 [Worker-12: Building] INFO  o.a.m.s.f.DefaultMavenResourcesFiltering - Copying 0 resource from src\main\resources to target\classes
2025-07-25 08:11:23,304 [Worker-12: Building] INFO  o.a.m.s.f.DefaultMavenResourcesFiltering - Copying 1 resource from src\main\resources to target\classes
2025-07-25 08:11:23,310 [Worker-12: Building] INFO  o.a.m.s.f.DefaultMavenResourcesFiltering - skip non existing resourceDirectory C:\Users\Shree\Desktop\FULL STACK\JRTP\01_MINI_projects\03_Blog_App\src\test\resources
2025-07-25 08:11:38,839 [Worker-11: Building] INFO  o.a.m.s.f.DefaultMavenResourcesFiltering - Copying 0 resource from src\main\resources to target\classes
2025-07-25 08:11:38,841 [Worker-11: Building] INFO  o.a.m.s.f.DefaultMavenResourcesFiltering - Copying 1 resource from src\main\resources to target\classes
2025-07-25 08:11:38,850 [Worker-11: Building] INFO  o.a.m.s.f.DefaultMavenResourcesFiltering - skip non existing resourceDirectory C:\Users\Shree\Desktop\FULL STACK\JRTP\01_MINI_projects\03_Blog_App\src\test\resources
2025-07-25 08:11:59,702 [Worker-1: Updating Maven Project] INFO  o.e.m.c.i.p.ProjectConfigurationManager - Update started
2025-07-25 08:12:00,869 [Worker-1: Updating Maven Project] INFO  o.e.m.c.i.l.LifecycleMappingFactory - Using org.eclipse.m2e.jdt.JarLifecycleMapping lifecycle mapping for MavenProject: com.example:03_Blog_App:0.0.1-SNAPSHOT @ C:\Users\Shree\Desktop\FULL STACK\JRTP\01_MINI_projects\03_Blog_App\pom.xml.
2025-07-25 08:12:02,161 [Worker-1: Updating Maven Project] INFO  o.e.m.j.i.AbstractJavaProjectConfigurator - Adding source folder /03_Blog_App/src/main/java
2025-07-25 08:12:02,165 [Worker-1: Updating Maven Project] INFO  o.e.m.j.i.AbstractJavaProjectConfigurator - Adding resource folder /03_Blog_App/src/main/resources
2025-07-25 08:12:02,166 [Worker-1: Updating Maven Project] INFO  o.e.m.j.i.AbstractJavaProjectConfigurator - Adding resource folder /03_Blog_App/src/main/resources
2025-07-25 08:12:02,168 [Worker-1: Updating Maven Project] INFO  o.e.m.j.i.AbstractJavaProjectConfigurator - Adding source folder /03_Blog_App/src/test/java
2025-07-25 08:12:02,170 [Worker-1: Updating Maven Project] INFO  o.e.m.j.i.AbstractJavaProjectConfigurator - Adding resource folder /03_Blog_App/src/test/resources
2025-07-25 08:12:02,900 [Worker-1: Updating Maven Project] INFO  o.e.m.c.i.p.ProjectConfigurationManager - Update completed for 1 poms: local refresh takes 0.00 sec, refresh facades takes 2.00 sec, update config takes 0.00 sec 
2025-07-25 08:12:03,588 [Worker-1: Building] INFO  o.a.m.s.f.DefaultMavenResourcesFiltering - Copying 1 resource from src\main\resources to target\classes
2025-07-25 08:12:03,622 [Worker-1: Building] INFO  o.a.m.s.f.DefaultMavenResourcesFiltering - Copying 3 resources from src\main\resources to target\classes
2025-07-25 08:12:03,640 [Worker-1: Building] INFO  o.a.m.s.f.DefaultMavenResourcesFiltering - skip non existing resourceDirectory C:\Users\Shree\Desktop\FULL STACK\JRTP\01_MINI_projects\03_Blog_App\src\test\resources
2025-07-25 08:12:15,879 [Worker-10: Building] INFO  o.a.m.s.f.DefaultMavenResourcesFiltering - Copying 0 resource from src\main\resources to target\classes
2025-07-25 08:12:15,882 [Worker-10: Building] INFO  o.a.m.s.f.DefaultMavenResourcesFiltering - Copying 0 resource from src\main\resources to target\classes
2025-07-25 08:12:15,891 [Worker-10: Building] INFO  o.a.m.s.f.DefaultMavenResourcesFiltering - skip non existing resourceDirectory C:\Users\Shree\Desktop\FULL STACK\JRTP\01_MINI_projects\03_Blog_App\src\test\resources
2025-07-25 08:13:12,867 [Worker-10: Building] INFO  o.a.m.s.f.DefaultMavenResourcesFiltering - Copying 0 resource from src\main\resources to target\classes
2025-07-25 08:13:12,873 [Worker-10: Building] INFO  o.a.m.s.f.DefaultMavenResourcesFiltering - Copying 1 resource from src\main\resources to target\classes
2025-07-25 08:13:12,882 [Worker-10: Building] INFO  o.a.m.s.f.DefaultMavenResourcesFiltering - skip non existing resourceDirectory C:\Users\Shree\Desktop\FULL STACK\JRTP\01_MINI_projects\03_Blog_App\src\test\resources
2025-07-25 08:13:23,365 [Worker-1: Building] INFO  o.a.m.s.f.DefaultMavenResourcesFiltering - Copying 0 resource from src\main\resources to target\classes
2025-07-25 08:13:23,367 [Worker-1: Building] INFO  o.a.m.s.f.DefaultMavenResourcesFiltering - Copying 1 resource from src\main\resources to target\classes
2025-07-25 08:13:23,373 [Worker-1: Building] INFO  o.a.m.s.f.DefaultMavenResourcesFiltering - skip non existing resourceDirectory C:\Users\Shree\Desktop\FULL STACK\JRTP\01_MINI_projects\03_Blog_App\src\test\resources
2025-07-25 08:13:45,841 [Worker-12: Building] INFO  o.a.m.s.f.DefaultMavenResourcesFiltering - Copying 0 resource from src\main\resources to target\classes
2025-07-25 08:13:45,844 [Worker-12: Building] INFO  o.a.m.s.f.DefaultMavenResourcesFiltering - Copying 1 resource from src\main\resources to target\classes
2025-07-25 08:13:45,854 [Worker-12: Building] INFO  o.a.m.s.f.DefaultMavenResourcesFiltering - skip non existing resourceDirectory C:\Users\Shree\Desktop\FULL STACK\JRTP\01_MINI_projects\03_Blog_App\src\test\resources
2025-07-25 08:13:51,681 [Worker-7: Building] INFO  o.a.m.s.f.DefaultMavenResourcesFiltering - Copying 0 resource from src\main\resources to target\classes
2025-07-25 08:13:51,684 [Worker-7: Building] INFO  o.a.m.s.f.DefaultMavenResourcesFiltering - Copying 1 resource from src\main\resources to target\classes
2025-07-25 08:13:51,693 [Worker-7: Building] INFO  o.a.m.s.f.DefaultMavenResourcesFiltering - skip non existing resourceDirectory C:\Users\Shree\Desktop\FULL STACK\JRTP\01_MINI_projects\03_Blog_App\src\test\resources
2025-07-25 08:19:16,244 [Worker-12: Building] INFO  o.a.m.s.f.DefaultMavenResourcesFiltering - Copying 0 resource from src\main\resources to target\classes
2025-07-25 08:19:16,247 [Worker-12: Building] INFO  o.a.m.s.f.DefaultMavenResourcesFiltering - Copying 1 resource from src\main\resources to target\classes
2025-07-25 08:19:16,253 [Worker-12: Building] INFO  o.a.m.s.f.DefaultMavenResourcesFiltering - skip non existing resourceDirectory C:\Users\Shree\Desktop\FULL STACK\JRTP\01_MINI_projects\03_Blog_App\src\test\resources
2025-07-25 08:19:33,218 [Worker-12: Building] INFO  o.a.m.s.f.DefaultMavenResourcesFiltering - Copying 0 resource from src\main\resources to target\classes
2025-07-25 08:19:33,221 [Worker-12: Building] INFO  o.a.m.s.f.DefaultMavenResourcesFiltering - Copying 1 resource from src\main\resources to target\classes
2025-07-25 08:19:33,228 [Worker-12: Building] INFO  o.a.m.s.f.DefaultMavenResourcesFiltering - skip non existing resourceDirectory C:\Users\Shree\Desktop\FULL STACK\JRTP\01_MINI_projects\03_Blog_App\src\test\resources
2025-07-25 08:20:10,612 [Worker-12: Building] INFO  o.a.m.s.f.DefaultMavenResourcesFiltering - Copying 0 resource from src\main\resources to target\classes
2025-07-25 08:20:10,615 [Worker-12: Building] INFO  o.a.m.s.f.DefaultMavenResourcesFiltering - Copying 1 resource from src\main\resources to target\classes
2025-07-25 08:20:10,625 [Worker-12: Building] INFO  o.a.m.s.f.DefaultMavenResourcesFiltering - skip non existing resourceDirectory C:\Users\Shree\Desktop\FULL STACK\JRTP\01_MINI_projects\03_Blog_App\src\test\resources
2025-07-25 08:20:38,029 [Worker-6: Building] INFO  o.a.m.s.f.DefaultMavenResourcesFiltering - Copying 0 resource from src\main\resources to target\classes
2025-07-25 08:20:38,031 [Worker-6: Building] INFO  o.a.m.s.f.DefaultMavenResourcesFiltering - Copying 1 resource from src\main\resources to target\classes
2025-07-25 08:20:38,038 [Worker-6: Building] INFO  o.a.m.s.f.DefaultMavenResourcesFiltering - skip non existing resourceDirectory C:\Users\Shree\Desktop\FULL STACK\JRTP\01_MINI_projects\03_Blog_App\src\test\resources
2025-07-25 08:20:46,495 [Worker-10: Building] INFO  o.a.m.s.f.DefaultMavenResourcesFiltering - Copying 0 resource from src\main\resources to target\classes
2025-07-25 08:20:46,497 [Worker-10: Building] INFO  o.a.m.s.f.DefaultMavenResourcesFiltering - Copying 1 resource from src\main\resources to target\classes
2025-07-25 08:20:46,503 [Worker-10: Building] INFO  o.a.m.s.f.DefaultMavenResourcesFiltering - skip non existing resourceDirectory C:\Users\Shree\Desktop\FULL STACK\JRTP\01_MINI_projects\03_Blog_App\src\test\resources
2025-07-25 08:22:39,592 [Worker-11: Building] INFO  o.a.m.s.f.DefaultMavenResourcesFiltering - Copying 1 resource from src\main\resources to target\classes
2025-07-25 08:22:39,615 [Worker-11: Building] INFO  o.a.m.s.f.DefaultMavenResourcesFiltering - Copying 4 resources from src\main\resources to target\classes
2025-07-25 08:22:39,632 [Worker-11: Building] INFO  o.a.m.s.f.DefaultMavenResourcesFiltering - skip non existing resourceDirectory C:\Users\Shree\Desktop\FULL STACK\JRTP\01_MINI_projects\03_Blog_App\src\test\resources
2025-07-25 08:22:45,234 [Worker-2: Building] INFO  o.a.m.s.f.DefaultMavenResourcesFiltering - Copying 1 resource from src\main\resources to target\classes
2025-07-25 08:22:45,242 [Worker-2: Building] INFO  o.a.m.s.f.DefaultMavenResourcesFiltering - Copying 4 resources from src\main\resources to target\classes
2025-07-25 08:22:45,249 [Worker-2: Building] INFO  o.a.m.s.f.DefaultMavenResourcesFiltering - skip non existing resourceDirectory C:\Users\Shree\Desktop\FULL STACK\JRTP\01_MINI_projects\03_Blog_App\src\test\resources
2025-07-25 08:23:08,820 [Worker-10: Building] INFO  o.a.m.s.f.DefaultMavenResourcesFiltering - Copying 1 resource from src\main\resources to target\classes
2025-07-25 08:23:08,834 [Worker-10: Building] INFO  o.a.m.s.f.DefaultMavenResourcesFiltering - Copying 4 resources from src\main\resources to target\classes
2025-07-25 08:23:08,847 [Worker-10: Building] INFO  o.a.m.s.f.DefaultMavenResourcesFiltering - skip non existing resourceDirectory C:\Users\Shree\Desktop\FULL STACK\JRTP\01_MINI_projects\03_Blog_App\src\test\resources
2025-07-25 08:23:13,675 [Worker-9: Building] INFO  o.a.m.s.f.DefaultMavenResourcesFiltering - Copying 1 resource from src\main\resources to target\classes
2025-07-25 08:23:13,688 [Worker-9: Building] INFO  o.a.m.s.f.DefaultMavenResourcesFiltering - Copying 4 resources from src\main\resources to target\classes
2025-07-25 08:23:13,698 [Worker-9: Building] INFO  o.a.m.s.f.DefaultMavenResourcesFiltering - skip non existing resourceDirectory C:\Users\Shree\Desktop\FULL STACK\JRTP\01_MINI_projects\03_Blog_App\src\test\resources
2025-07-25 08:23:35,408 [Worker-2: Building] INFO  o.a.m.s.f.DefaultMavenResourcesFiltering - Copying 1 resource from src\main\resources to target\classes
2025-07-25 08:23:35,420 [Worker-2: Building] INFO  o.a.m.s.f.DefaultMavenResourcesFiltering - Copying 4 resources from src\main\resources to target\classes
2025-07-25 08:23:35,429 [Worker-2: Building] INFO  o.a.m.s.f.DefaultMavenResourcesFiltering - skip non existing resourceDirectory C:\Users\Shree\Desktop\FULL STACK\JRTP\01_MINI_projects\03_Blog_App\src\test\resources
2025-07-25 08:23:41,046 [Worker-10: Building] INFO  o.a.m.s.f.DefaultMavenResourcesFiltering - Copying 1 resource from src\main\resources to target\classes
2025-07-25 08:23:41,055 [Worker-10: Building] INFO  o.a.m.s.f.DefaultMavenResourcesFiltering - Copying 4 resources from src\main\resources to target\classes
2025-07-25 08:23:41,061 [Worker-10: Building] INFO  o.a.m.s.f.DefaultMavenResourcesFiltering - skip non existing resourceDirectory C:\Users\Shree\Desktop\FULL STACK\JRTP\01_MINI_projects\03_Blog_App\src\test\resources
2025-07-25 08:24:59,295 [Worker-12: Building] INFO  o.a.m.s.f.DefaultMavenResourcesFiltering - Copying 1 resource from src\main\resources to target\classes
2025-07-25 08:24:59,324 [Worker-12: Building] INFO  o.a.m.s.f.DefaultMavenResourcesFiltering - Copying 4 resources from src\main\resources to target\classes
2025-07-25 08:24:59,342 [Worker-12: Building] INFO  o.a.m.s.f.DefaultMavenResourcesFiltering - skip non existing resourceDirectory C:\Users\Shree\Desktop\FULL STACK\JRTP\01_MINI_projects\03_Blog_App\src\test\resources
2025-07-25 08:25:11,595 [Worker-12: Building] INFO  o.a.m.s.f.DefaultMavenResourcesFiltering - Copying 1 resource from src\main\resources to target\classes
2025-07-25 08:25:11,604 [Worker-12: Building] INFO  o.a.m.s.f.DefaultMavenResourcesFiltering - Copying 4 resources from src\main\resources to target\classes
2025-07-25 08:25:11,610 [Worker-12: Building] INFO  o.a.m.s.f.DefaultMavenResourcesFiltering - skip non existing resourceDirectory C:\Users\Shree\Desktop\FULL STACK\JRTP\01_MINI_projects\03_Blog_App\src\test\resources
2025-07-25 08:26:10,328 [Worker-6: Building] INFO  o.a.m.s.f.DefaultMavenResourcesFiltering - Copying 0 resource from src\main\resources to target\classes
2025-07-25 08:26:10,332 [Worker-6: Building] INFO  o.a.m.s.f.DefaultMavenResourcesFiltering - Copying 1 resource from src\main\resources to target\classes
2025-07-25 08:26:10,339 [Worker-6: Building] INFO  o.a.m.s.f.DefaultMavenResourcesFiltering - skip non existing resourceDirectory C:\Users\Shree\Desktop\FULL STACK\JRTP\01_MINI_projects\03_Blog_App\src\test\resources
2025-07-25 08:26:16,256 [Worker-9: Building] INFO  o.a.m.s.f.DefaultMavenResourcesFiltering - Copying 0 resource from src\main\resources to target\classes
2025-07-25 08:26:16,259 [Worker-9: Building] INFO  o.a.m.s.f.DefaultMavenResourcesFiltering - Copying 1 resource from src\main\resources to target\classes
2025-07-25 08:26:16,264 [Worker-9: Building] INFO  o.a.m.s.f.DefaultMavenResourcesFiltering - skip non existing resourceDirectory C:\Users\Shree\Desktop\FULL STACK\JRTP\01_MINI_projects\03_Blog_App\src\test\resources
2025-07-25 08:29:25,938 [Worker-13: Building] INFO  o.a.m.s.f.DefaultMavenResourcesFiltering - Copying 1 resource from src\main\resources to target\classes
2025-07-25 08:29:25,950 [Worker-13: Building] INFO  o.a.m.s.f.DefaultMavenResourcesFiltering - Copying 5 resources from src\main\resources to target\classes
2025-07-25 08:29:25,957 [Worker-13: Building] INFO  o.a.m.s.f.DefaultMavenResourcesFiltering - skip non existing resourceDirectory C:\Users\Shree\Desktop\FULL STACK\JRTP\01_MINI_projects\03_Blog_App\src\test\resources
2025-07-25 08:29:30,312 [Worker-14: Building] INFO  o.a.m.s.f.DefaultMavenResourcesFiltering - Copying 1 resource from src\main\resources to target\classes
2025-07-25 08:29:30,326 [Worker-14: Building] INFO  o.a.m.s.f.DefaultMavenResourcesFiltering - Copying 5 resources from src\main\resources to target\classes
2025-07-25 08:29:30,337 [Worker-14: Building] INFO  o.a.m.s.f.DefaultMavenResourcesFiltering - skip non existing resourceDirectory C:\Users\Shree\Desktop\FULL STACK\JRTP\01_MINI_projects\03_Blog_App\src\test\resources
2025-07-25 08:29:48,482 [Worker-15: Building] INFO  o.a.m.s.f.DefaultMavenResourcesFiltering - Copying 1 resource from src\main\resources to target\classes
2025-07-25 08:29:48,494 [Worker-15: Building] INFO  o.a.m.s.f.DefaultMavenResourcesFiltering - Copying 5 resources from src\main\resources to target\classes
2025-07-25 08:29:48,502 [Worker-15: Building] INFO  o.a.m.s.f.DefaultMavenResourcesFiltering - skip non existing resourceDirectory C:\Users\Shree\Desktop\FULL STACK\JRTP\01_MINI_projects\03_Blog_App\src\test\resources
2025-07-25 08:30:11,339 [Worker-13: Building] INFO  o.a.m.s.f.DefaultMavenResourcesFiltering - Copying 0 resource from src\main\resources to target\classes
2025-07-25 08:30:11,343 [Worker-13: Building] INFO  o.a.m.s.f.DefaultMavenResourcesFiltering - Copying 1 resource from src\main\resources to target\classes
2025-07-25 08:30:11,351 [Worker-13: Building] INFO  o.a.m.s.f.DefaultMavenResourcesFiltering - skip non existing resourceDirectory C:\Users\Shree\Desktop\FULL STACK\JRTP\01_MINI_projects\03_Blog_App\src\test\resources
2025-07-25 08:30:17,460 [Worker-12: Building] INFO  o.a.m.s.f.DefaultMavenResourcesFiltering - Copying 0 resource from src\main\resources to target\classes
2025-07-25 08:30:17,462 [Worker-12: Building] INFO  o.a.m.s.f.DefaultMavenResourcesFiltering - Copying 1 resource from src\main\resources to target\classes
2025-07-25 08:30:17,469 [Worker-12: Building] INFO  o.a.m.s.f.DefaultMavenResourcesFiltering - skip non existing resourceDirectory C:\Users\Shree\Desktop\FULL STACK\JRTP\01_MINI_projects\03_Blog_App\src\test\resources
2025-07-25 08:32:22,656 [Worker-15: Building] INFO  o.a.m.s.f.DefaultMavenResourcesFiltering - Copying 1 resource from src\main\resources to target\classes
2025-07-25 08:32:22,667 [Worker-15: Building] INFO  o.a.m.s.f.DefaultMavenResourcesFiltering - Copying 6 resources from src\main\resources to target\classes
2025-07-25 08:32:22,675 [Worker-15: Building] INFO  o.a.m.s.f.DefaultMavenResourcesFiltering - skip non existing resourceDirectory C:\Users\Shree\Desktop\FULL STACK\JRTP\01_MINI_projects\03_Blog_App\src\test\resources
2025-07-25 08:47:31,774 [Worker-16: Building] INFO  o.a.m.s.f.DefaultMavenResourcesFiltering - Copying 1 resource from src\main\resources to target\classes
2025-07-25 08:47:31,814 [Worker-16: Building] INFO  o.a.m.s.f.DefaultMavenResourcesFiltering - Copying 6 resources from src\main\resources to target\classes
2025-07-25 08:47:31,822 [Worker-16: Building] INFO  o.a.m.s.f.DefaultMavenResourcesFiltering - skip non existing resourceDirectory C:\Users\Shree\Desktop\FULL STACK\JRTP\01_MINI_projects\03_Blog_App\src\test\resources
2025-07-25 08:49:20,632 [Worker-15: Building] INFO  o.a.m.s.f.DefaultMavenResourcesFiltering - Copying 1 resource from src\main\resources to target\classes
2025-07-25 08:49:20,644 [Worker-15: Building] INFO  o.a.m.s.f.DefaultMavenResourcesFiltering - Copying 6 resources from src\main\resources to target\classes
2025-07-25 08:49:20,652 [Worker-15: Building] INFO  o.a.m.s.f.DefaultMavenResourcesFiltering - skip non existing resourceDirectory C:\Users\Shree\Desktop\FULL STACK\JRTP\01_MINI_projects\03_Blog_App\src\test\resources
2025-07-25 08:50:05,120 [Worker-16: Building] INFO  o.a.m.s.f.DefaultMavenResourcesFiltering - Copying 1 resource from src\main\resources to target\classes
2025-07-25 08:50:05,130 [Worker-16: Building] INFO  o.a.m.s.f.DefaultMavenResourcesFiltering - Copying 6 resources from src\main\resources to target\classes
2025-07-25 08:50:05,138 [Worker-16: Building] INFO  o.a.m.s.f.DefaultMavenResourcesFiltering - skip non existing resourceDirectory C:\Users\Shree\Desktop\FULL STACK\JRTP\01_MINI_projects\03_Blog_App\src\test\resources
2025-07-25 08:50:20,198 [Worker-17: Building] INFO  o.a.m.s.f.DefaultMavenResourcesFiltering - Copying 1 resource from src\main\resources to target\classes
2025-07-25 08:50:20,205 [Worker-17: Building] INFO  o.a.m.s.f.DefaultMavenResourcesFiltering - Copying 6 resources from src\main\resources to target\classes
2025-07-25 08:50:20,213 [Worker-17: Building] INFO  o.a.m.s.f.DefaultMavenResourcesFiltering - skip non existing resourceDirectory C:\Users\Shree\Desktop\FULL STACK\JRTP\01_MINI_projects\03_Blog_App\src\test\resources
2025-07-25 08:51:07,351 [Worker-16: Building] INFO  o.a.m.s.f.DefaultMavenResourcesFiltering - Copying 1 resource from src\main\resources to target\classes
2025-07-25 08:51:07,364 [Worker-16: Building] INFO  o.a.m.s.f.DefaultMavenResourcesFiltering - Copying 6 resources from src\main\resources to target\classes
2025-07-25 08:51:07,375 [Worker-16: Building] INFO  o.a.m.s.f.DefaultMavenResourcesFiltering - skip non existing resourceDirectory C:\Users\Shree\Desktop\FULL STACK\JRTP\01_MINI_projects\03_Blog_App\src\test\resources
2025-07-25 08:52:19,552 [Worker-12: Building] INFO  o.a.m.s.f.DefaultMavenResourcesFiltering - Copying 1 resource from src\main\resources to target\classes
2025-07-25 08:52:19,564 [Worker-12: Building] INFO  o.a.m.s.f.DefaultMavenResourcesFiltering - Copying 6 resources from src\main\resources to target\classes
2025-07-25 08:52:19,571 [Worker-12: Building] INFO  o.a.m.s.f.DefaultMavenResourcesFiltering - skip non existing resourceDirectory C:\Users\Shree\Desktop\FULL STACK\JRTP\01_MINI_projects\03_Blog_App\src\test\resources
2025-07-25 08:55:39,194 [Worker-9: Building] INFO  o.a.m.s.f.DefaultMavenResourcesFiltering - Copying 1 resource from src\main\resources to target\classes
2025-07-25 08:55:39,209 [Worker-9: Building] INFO  o.a.m.s.f.DefaultMavenResourcesFiltering - Copying 6 resources from src\main\resources to target\classes
2025-07-25 08:55:39,220 [Worker-9: Building] INFO  o.a.m.s.f.DefaultMavenResourcesFiltering - skip non existing resourceDirectory C:\Users\Shree\Desktop\FULL STACK\JRTP\01_MINI_projects\03_Blog_App\src\test\resources
2025-07-25 08:55:55,554 [Worker-14: Building] INFO  o.a.m.s.f.DefaultMavenResourcesFiltering - Copying 1 resource from src\main\resources to target\classes
2025-07-25 08:55:55,563 [Worker-14: Building] INFO  o.a.m.s.f.DefaultMavenResourcesFiltering - Copying 6 resources from src\main\resources to target\classes
2025-07-25 08:55:55,570 [Worker-14: Building] INFO  o.a.m.s.f.DefaultMavenResourcesFiltering - skip non existing resourceDirectory C:\Users\Shree\Desktop\FULL STACK\JRTP\01_MINI_projects\03_Blog_App\src\test\resources
2025-07-25 08:56:32,087 [Worker-16: Building] INFO  o.a.m.s.f.DefaultMavenResourcesFiltering - Copying 1 resource from src\main\resources to target\classes
2025-07-25 08:56:32,098 [Worker-16: Building] INFO  o.a.m.s.f.DefaultMavenResourcesFiltering - Copying 6 resources from src\main\resources to target\classes
2025-07-25 08:56:32,106 [Worker-16: Building] INFO  o.a.m.s.f.DefaultMavenResourcesFiltering - skip non existing resourceDirectory C:\Users\Shree\Desktop\FULL STACK\JRTP\01_MINI_projects\03_Blog_App\src\test\resources
2025-07-25 09:05:32,490 [Worker-12: Building] INFO  o.a.m.s.f.DefaultMavenResourcesFiltering - Copying 1 resource from src\main\resources to target\classes
2025-07-25 09:05:32,506 [Worker-12: Building] INFO  o.a.m.s.f.DefaultMavenResourcesFiltering - Copying 0 resource from src\main\resources to target\classes
2025-07-25 09:05:32,510 [Worker-12: Building] INFO  o.a.m.s.f.DefaultMavenResourcesFiltering - skip non existing resourceDirectory C:\Users\Shree\Desktop\FULL STACK\JRTP\01_MINI_projects\03_Blog_App\src\test\resources
2025-07-25 09:07:17,759 [Worker-13: Building] INFO  o.a.m.s.f.DefaultMavenResourcesFiltering - Copying 0 resource from src\main\resources to target\classes
2025-07-25 09:07:17,762 [Worker-13: Building] INFO  o.a.m.s.f.DefaultMavenResourcesFiltering - Copying 1 resource from src\main\resources to target\classes
2025-07-25 09:07:17,769 [Worker-13: Building] INFO  o.a.m.s.f.DefaultMavenResourcesFiltering - skip non existing resourceDirectory C:\Users\Shree\Desktop\FULL STACK\JRTP\01_MINI_projects\03_Blog_App\src\test\resources
2025-07-25 09:08:33,755 [Worker-12: Building] INFO  o.a.m.s.f.DefaultMavenResourcesFiltering - Copying 0 resource from src\main\resources to target\classes
2025-07-25 09:08:33,759 [Worker-12: Building] INFO  o.a.m.s.f.DefaultMavenResourcesFiltering - Copying 1 resource from src\main\resources to target\classes
2025-07-25 09:08:33,766 [Worker-12: Building] INFO  o.a.m.s.f.DefaultMavenResourcesFiltering - skip non existing resourceDirectory C:\Users\Shree\Desktop\FULL STACK\JRTP\01_MINI_projects\03_Blog_App\src\test\resources
2025-07-25 09:09:17,493 [Worker-17: Building] INFO  o.a.m.s.f.DefaultMavenResourcesFiltering - Copying 0 resource from src\main\resources to target\classes
2025-07-25 09:09:17,497 [Worker-17: Building] INFO  o.a.m.s.f.DefaultMavenResourcesFiltering - Copying 1 resource from src\main\resources to target\classes
2025-07-25 09:09:17,504 [Worker-17: Building] INFO  o.a.m.s.f.DefaultMavenResourcesFiltering - skip non existing resourceDirectory C:\Users\Shree\Desktop\FULL STACK\JRTP\01_MINI_projects\03_Blog_App\src\test\resources
2025-07-25 09:11:43,405 [Worker-12: Building] INFO  o.a.m.s.f.DefaultMavenResourcesFiltering - Copying 0 resource from src\main\resources to target\classes
2025-07-25 09:11:43,408 [Worker-12: Building] INFO  o.a.m.s.f.DefaultMavenResourcesFiltering - Copying 1 resource from src\main\resources to target\classes
2025-07-25 09:11:43,415 [Worker-12: Building] INFO  o.a.m.s.f.DefaultMavenResourcesFiltering - skip non existing resourceDirectory C:\Users\Shree\Desktop\FULL STACK\JRTP\01_MINI_projects\03_Blog_App\src\test\resources
2025-07-25 09:12:42,007 [Worker-12: Building] INFO  o.a.m.s.f.DefaultMavenResourcesFiltering - Copying 0 resource from src\main\resources to target\classes
2025-07-25 09:12:42,010 [Worker-12: Building] INFO  o.a.m.s.f.DefaultMavenResourcesFiltering - Copying 1 resource from src\main\resources to target\classes
2025-07-25 09:12:42,044 [Worker-12: Building] INFO  o.a.m.s.f.DefaultMavenResourcesFiltering - skip non existing resourceDirectory C:\Users\Shree\Desktop\FULL STACK\JRTP\01_MINI_projects\03_Blog_App\src\test\resources
2025-07-25 09:14:19,795 [Worker-13: Building] INFO  o.a.m.s.f.DefaultMavenResourcesFiltering - Copying 1 resource from src\main\resources to target\classes
2025-07-25 09:14:19,848 [Worker-13: Building] INFO  o.a.m.s.f.DefaultMavenResourcesFiltering - Copying 6 resources from src\main\resources to target\classes
2025-07-25 09:14:19,856 [Worker-13: Building] INFO  o.a.m.s.f.DefaultMavenResourcesFiltering - skip non existing resourceDirectory C:\Users\Shree\Desktop\FULL STACK\JRTP\01_MINI_projects\03_Blog_App\src\test\resources
2025-07-25 09:16:24,842 [Worker-12: Building] INFO  o.a.m.s.f.DefaultMavenResourcesFiltering - Copying 1 resource from src\main\resources to target\classes
2025-07-25 09:16:24,878 [Worker-12: Building] INFO  o.a.m.s.f.DefaultMavenResourcesFiltering - Copying 6 resources from src\main\resources to target\classes
2025-07-25 09:16:24,890 [Worker-12: Building] INFO  o.a.m.s.f.DefaultMavenResourcesFiltering - skip non existing resourceDirectory C:\Users\Shree\Desktop\FULL STACK\JRTP\01_MINI_projects\03_Blog_App\src\test\resources
2025-07-25 09:20:11,532 [Worker-13: Building] INFO  o.a.m.s.f.DefaultMavenResourcesFiltering - Copying 0 resource from src\main\resources to target\classes
2025-07-25 09:20:11,535 [Worker-13: Building] INFO  o.a.m.s.f.DefaultMavenResourcesFiltering - Copying 1 resource from src\main\resources to target\classes
2025-07-25 09:20:11,542 [Worker-13: Building] INFO  o.a.m.s.f.DefaultMavenResourcesFiltering - skip non existing resourceDirectory C:\Users\Shree\Desktop\FULL STACK\JRTP\01_MINI_projects\03_Blog_App\src\test\resources
2025-07-25 09:20:36,250 [Worker-13: Building] INFO  o.a.m.s.f.DefaultMavenResourcesFiltering - Copying 0 resource from src\main\resources to target\classes
2025-07-25 09:20:36,253 [Worker-13: Building] INFO  o.a.m.s.f.DefaultMavenResourcesFiltering - Copying 1 resource from src\main\resources to target\classes
2025-07-25 09:20:36,259 [Worker-13: Building] INFO  o.a.m.s.f.DefaultMavenResourcesFiltering - skip non existing resourceDirectory C:\Users\Shree\Desktop\FULL STACK\JRTP\01_MINI_projects\03_Blog_App\src\test\resources
2025-07-25 09:20:53,123 [Worker-19: Building] INFO  o.a.m.s.f.DefaultMavenResourcesFiltering - Copying 0 resource from src\main\resources to target\classes
2025-07-25 09:20:53,126 [Worker-19: Building] INFO  o.a.m.s.f.DefaultMavenResourcesFiltering - Copying 1 resource from src\main\resources to target\classes
2025-07-25 09:20:53,133 [Worker-19: Building] INFO  o.a.m.s.f.DefaultMavenResourcesFiltering - skip non existing resourceDirectory C:\Users\Shree\Desktop\FULL STACK\JRTP\01_MINI_projects\03_Blog_App\src\test\resources
2025-07-25 09:21:17,822 [Worker-19: Building] INFO  o.a.m.s.f.DefaultMavenResourcesFiltering - Copying 0 resource from src\main\resources to target\classes
2025-07-25 09:21:17,825 [Worker-19: Building] INFO  o.a.m.s.f.DefaultMavenResourcesFiltering - Copying 1 resource from src\main\resources to target\classes
2025-07-25 09:21:17,830 [Worker-19: Building] INFO  o.a.m.s.f.DefaultMavenResourcesFiltering - skip non existing resourceDirectory C:\Users\Shree\Desktop\FULL STACK\JRTP\01_MINI_projects\03_Blog_App\src\test\resources
2025-07-25 09:24:43,314 [Worker-18: Building] INFO  o.a.m.s.f.DefaultMavenResourcesFiltering - Copying 0 resource from src\main\resources to target\classes
2025-07-25 09:24:43,316 [Worker-18: Building] INFO  o.a.m.s.f.DefaultMavenResourcesFiltering - Copying 1 resource from src\main\resources to target\classes
2025-07-25 09:24:43,321 [Worker-18: Building] INFO  o.a.m.s.f.DefaultMavenResourcesFiltering - skip non existing resourceDirectory C:\Users\Shree\Desktop\FULL STACK\JRTP\01_MINI_projects\03_Blog_App\src\test\resources
2025-07-25 09:25:45,770 [Worker-18: Building] INFO  o.a.m.s.f.DefaultMavenResourcesFiltering - Copying 1 resource from src\main\resources to target\classes
2025-07-25 09:25:45,801 [Worker-18: Building] INFO  o.a.m.s.f.DefaultMavenResourcesFiltering - Copying 6 resources from src\main\resources to target\classes
2025-07-25 09:25:45,810 [Worker-18: Building] INFO  o.a.m.s.f.DefaultMavenResourcesFiltering - skip non existing resourceDirectory C:\Users\Shree\Desktop\FULL STACK\JRTP\01_MINI_projects\03_Blog_App\src\test\resources
2025-07-25 09:26:46,677 [Worker-16: Building] INFO  o.a.m.s.f.DefaultMavenResourcesFiltering - Copying 1 resource from src\main\resources to target\classes
2025-07-25 09:26:46,693 [Worker-16: Building] INFO  o.a.m.s.f.DefaultMavenResourcesFiltering - Copying 6 resources from src\main\resources to target\classes
2025-07-25 09:26:46,699 [Worker-16: Building] INFO  o.a.m.s.f.DefaultMavenResourcesFiltering - skip non existing resourceDirectory C:\Users\Shree\Desktop\FULL STACK\JRTP\01_MINI_projects\03_Blog_App\src\test\resources
2025-07-25 09:27:21,537 [Worker-13: Building] INFO  o.a.m.s.f.DefaultMavenResourcesFiltering - Copying 0 resource from src\main\resources to target\classes
2025-07-25 09:27:21,539 [Worker-13: Building] INFO  o.a.m.s.f.DefaultMavenResourcesFiltering - Copying 1 resource from src\main\resources to target\classes
2025-07-25 09:27:21,544 [Worker-13: Building] INFO  o.a.m.s.f.DefaultMavenResourcesFiltering - skip non existing resourceDirectory C:\Users\Shree\Desktop\FULL STACK\JRTP\01_MINI_projects\03_Blog_App\src\test\resources
2025-07-25 12:39:13,738 [Worker-12: Building] INFO  o.a.m.s.f.DefaultMavenResourcesFiltering - Copying 1 resource from src\main\resources to target\classes
2025-07-25 12:39:13,916 [Worker-12: Building] INFO  o.a.m.s.f.DefaultMavenResourcesFiltering - Copying 6 resources from src\main\resources to target\classes
2025-07-25 12:39:13,928 [Worker-12: Building] INFO  o.a.m.s.f.DefaultMavenResourcesFiltering - skip non existing resourceDirectory C:\Users\Shree\Desktop\FULL STACK\JRTP\01_MINI_projects\03_Blog_App\src\test\resources
2025-07-25 12:42:11,245 [Worker-21: Building] INFO  o.a.m.s.f.DefaultMavenResourcesFiltering - Copying 0 resource from src\main\resources to target\classes
2025-07-25 12:42:11,251 [Worker-21: Building] INFO  o.a.m.s.f.DefaultMavenResourcesFiltering - Copying 1 resource from src\main\resources to target\classes
2025-07-25 12:42:11,260 [Worker-21: Building] INFO  o.a.m.s.f.DefaultMavenResourcesFiltering - skip non existing resourceDirectory C:\Users\Shree\Desktop\FULL STACK\JRTP\01_MINI_projects\03_Blog_App\src\test\resources
2025-07-25 12:42:43,524 [Worker-17: Updating Maven Project] INFO  o.e.m.c.i.p.ProjectConfigurationManager - Update started
2025-07-25 12:42:44,585 [Worker-17: Updating Maven Project] INFO  o.e.m.c.i.l.LifecycleMappingFactory - Using org.eclipse.m2e.jdt.JarLifecycleMapping lifecycle mapping for MavenProject: com.example:03_Blog_App:0.0.1-SNAPSHOT @ C:\Users\Shree\Desktop\FULL STACK\JRTP\01_MINI_projects\03_Blog_App\pom.xml.
2025-07-25 12:42:45,897 [Worker-17: Updating Maven Project] INFO  o.e.m.j.i.AbstractJavaProjectConfigurator - Adding source folder /03_Blog_App/src/main/java
2025-07-25 12:42:45,898 [Worker-17: Updating Maven Project] INFO  o.e.m.j.i.AbstractJavaProjectConfigurator - Adding resource folder /03_Blog_App/src/main/resources
2025-07-25 12:42:45,900 [Worker-17: Updating Maven Project] INFO  o.e.m.j.i.AbstractJavaProjectConfigurator - Adding resource folder /03_Blog_App/src/main/resources
2025-07-25 12:42:45,901 [Worker-17: Updating Maven Project] INFO  o.e.m.j.i.AbstractJavaProjectConfigurator - Adding source folder /03_Blog_App/src/test/java
2025-07-25 12:42:45,902 [Worker-17: Updating Maven Project] INFO  o.e.m.j.i.AbstractJavaProjectConfigurator - Adding resource folder /03_Blog_App/src/test/resources
2025-07-25 12:42:46,443 [Worker-17: Updating Maven Project] INFO  o.e.m.c.i.p.ProjectConfigurationManager - Update completed for 1 poms: local refresh takes 0.00 sec, refresh facades takes 2.00 sec, update config takes 0.00 sec 
2025-07-25 12:42:46,961 [Worker-22: Building] INFO  o.a.m.s.f.DefaultMavenResourcesFiltering - Copying 1 resource from src\main\resources to target\classes
2025-07-25 12:42:46,986 [Worker-22: Building] INFO  o.a.m.s.f.DefaultMavenResourcesFiltering - Copying 6 resources from src\main\resources to target\classes
2025-07-25 12:42:47,006 [Worker-22: Building] INFO  o.a.m.s.f.DefaultMavenResourcesFiltering - skip non existing resourceDirectory C:\Users\Shree\Desktop\FULL STACK\JRTP\01_MINI_projects\03_Blog_App\src\test\resources
2025-07-25 12:45:07,654 [Worker-12: Building] INFO  o.a.m.s.f.DefaultMavenResourcesFiltering - Copying 0 resource from src\main\resources to target\classes
2025-07-25 12:45:07,658 [Worker-12: Building] INFO  o.a.m.s.f.DefaultMavenResourcesFiltering - Copying 1 resource from src\main\resources to target\classes
2025-07-25 12:45:07,664 [Worker-12: Building] INFO  o.a.m.s.f.DefaultMavenResourcesFiltering - skip non existing resourceDirectory C:\Users\Shree\Desktop\FULL STACK\JRTP\01_MINI_projects\03_Blog_App\src\test\resources
2025-07-25 12:45:40,241 [Worker-17: Building] INFO  o.a.m.s.f.DefaultMavenResourcesFiltering - Copying 0 resource from src\main\resources to target\classes
2025-07-25 12:45:40,248 [Worker-17: Building] INFO  o.a.m.s.f.DefaultMavenResourcesFiltering - Copying 1 resource from src\main\resources to target\classes
2025-07-25 12:45:40,259 [Worker-17: Building] INFO  o.a.m.s.f.DefaultMavenResourcesFiltering - skip non existing resourceDirectory C:\Users\Shree\Desktop\FULL STACK\JRTP\01_MINI_projects\03_Blog_App\src\test\resources
2025-07-25 12:46:38,713 [Worker-21: Building] INFO  o.a.m.s.f.DefaultMavenResourcesFiltering - Copying 1 resource from src\main\resources to target\classes
2025-07-25 12:46:38,729 [Worker-21: Building] INFO  o.a.m.s.f.DefaultMavenResourcesFiltering - Copying 6 resources from src\main\resources to target\classes
2025-07-25 12:46:38,739 [Worker-21: Building] INFO  o.a.m.s.f.DefaultMavenResourcesFiltering - skip non existing resourceDirectory C:\Users\Shree\Desktop\FULL STACK\JRTP\01_MINI_projects\03_Blog_App\src\test\resources
2025-07-25 12:47:08,760 [Worker-23: Building] INFO  o.a.m.s.f.DefaultMavenResourcesFiltering - Copying 1 resource from src\main\resources to target\classes
2025-07-25 12:47:08,772 [Worker-23: Building] INFO  o.a.m.s.f.DefaultMavenResourcesFiltering - Copying 6 resources from src\main\resources to target\classes
2025-07-25 12:47:08,780 [Worker-23: Building] INFO  o.a.m.s.f.DefaultMavenResourcesFiltering - skip non existing resourceDirectory C:\Users\Shree\Desktop\FULL STACK\JRTP\01_MINI_projects\03_Blog_App\src\test\resources
2025-07-25 12:48:13,578 [Worker-12: Building] INFO  o.a.m.s.f.DefaultMavenResourcesFiltering - Copying 0 resource from src\main\resources to target\classes
2025-07-25 12:48:13,580 [Worker-12: Building] INFO  o.a.m.s.f.DefaultMavenResourcesFiltering - Copying 1 resource from src\main\resources to target\classes
2025-07-25 12:48:13,587 [Worker-12: Building] INFO  o.a.m.s.f.DefaultMavenResourcesFiltering - skip non existing resourceDirectory C:\Users\Shree\Desktop\FULL STACK\JRTP\01_MINI_projects\03_Blog_App\src\test\resources
2025-07-25 12:51:13,146 [Worker-23: Building] INFO  o.a.m.s.f.DefaultMavenResourcesFiltering - Copying 0 resource from src\main\resources to target\classes
2025-07-25 12:51:13,149 [Worker-23: Building] INFO  o.a.m.s.f.DefaultMavenResourcesFiltering - Copying 1 resource from src\main\resources to target\classes
2025-07-25 12:51:13,156 [Worker-23: Building] INFO  o.a.m.s.f.DefaultMavenResourcesFiltering - skip non existing resourceDirectory C:\Users\Shree\Desktop\FULL STACK\JRTP\01_MINI_projects\03_Blog_App\src\test\resources
2025-07-25 12:54:37,061 [Worker-19: Building] INFO  o.a.m.s.f.DefaultMavenResourcesFiltering - Copying 0 resource from src\main\resources to target\classes
2025-07-25 12:54:37,065 [Worker-19: Building] INFO  o.a.m.s.f.DefaultMavenResourcesFiltering - Copying 1 resource from src\main\resources to target\classes
2025-07-25 12:54:37,069 [Worker-19: Building] INFO  o.a.m.s.f.DefaultMavenResourcesFiltering - skip non existing resourceDirectory C:\Users\Shree\Desktop\FULL STACK\JRTP\01_MINI_projects\03_Blog_App\src\test\resources
2025-07-25 12:56:44,590 [Worker-21: Building] INFO  o.a.m.s.f.DefaultMavenResourcesFiltering - Copying 1 resource from src\main\resources to target\classes
2025-07-25 12:56:44,618 [Worker-21: Building] INFO  o.a.m.s.f.DefaultMavenResourcesFiltering - Copying 0 resource from src\main\resources to target\classes
2025-07-25 12:56:44,624 [Worker-21: Building] INFO  o.a.m.s.f.DefaultMavenResourcesFiltering - skip non existing resourceDirectory C:\Users\Shree\Desktop\FULL STACK\JRTP\01_MINI_projects\03_Blog_App\src\test\resources
2025-07-25 12:57:02,689 [Worker-19: Building] INFO  o.a.m.s.f.DefaultMavenResourcesFiltering - Copying 1 resource from src\main\resources to target\classes
2025-07-25 12:57:02,711 [Worker-19: Building] INFO  o.a.m.s.f.DefaultMavenResourcesFiltering - Copying 0 resource from src\main\resources to target\classes
2025-07-25 12:57:02,715 [Worker-19: Building] INFO  o.a.m.s.f.DefaultMavenResourcesFiltering - skip non existing resourceDirectory C:\Users\Shree\Desktop\FULL STACK\JRTP\01_MINI_projects\03_Blog_App\src\test\resources
2025-07-25 13:04:00,853 [Worker-12: Building] INFO  o.a.m.s.f.DefaultMavenResourcesFiltering - Copying 0 resource from src\main\resources to target\classes
2025-07-25 13:04:00,858 [Worker-12: Building] INFO  o.a.m.s.f.DefaultMavenResourcesFiltering - Copying 1 resource from src\main\resources to target\classes
2025-07-25 13:04:00,866 [Worker-12: Building] INFO  o.a.m.s.f.DefaultMavenResourcesFiltering - skip non existing resourceDirectory C:\Users\Shree\Desktop\FULL STACK\JRTP\01_MINI_projects\03_Blog_App\src\test\resources
2025-07-25 13:06:30,303 [Worker-17: Building] INFO  o.a.m.s.f.DefaultMavenResourcesFiltering - Copying 0 resource from src\main\resources to target\classes
2025-07-25 13:06:30,306 [Worker-17: Building] INFO  o.a.m.s.f.DefaultMavenResourcesFiltering - Copying 1 resource from src\main\resources to target\classes
2025-07-25 13:06:30,312 [Worker-17: Building] INFO  o.a.m.s.f.DefaultMavenResourcesFiltering - skip non existing resourceDirectory C:\Users\Shree\Desktop\FULL STACK\JRTP\01_MINI_projects\03_Blog_App\src\test\resources
2025-07-25 13:16:02,740 [Worker-19: Building] INFO  o.a.m.s.f.DefaultMavenResourcesFiltering - Copying 0 resource from src\main\resources to target\classes
2025-07-25 13:16:02,744 [Worker-19: Building] INFO  o.a.m.s.f.DefaultMavenResourcesFiltering - Copying 1 resource from src\main\resources to target\classes
2025-07-25 13:16:02,752 [Worker-19: Building] INFO  o.a.m.s.f.DefaultMavenResourcesFiltering - skip non existing resourceDirectory C:\Users\Shree\Desktop\FULL STACK\JRTP\01_MINI_projects\03_Blog_App\src\test\resources
2025-07-25 13:16:51,264 [Worker-22: Building] INFO  o.a.m.s.f.DefaultMavenResourcesFiltering - Copying 0 resource from src\main\resources to target\classes
2025-07-25 13:16:51,266 [Worker-22: Building] INFO  o.a.m.s.f.DefaultMavenResourcesFiltering - Copying 1 resource from src\main\resources to target\classes
2025-07-25 13:16:51,272 [Worker-22: Building] INFO  o.a.m.s.f.DefaultMavenResourcesFiltering - skip non existing resourceDirectory C:\Users\Shree\Desktop\FULL STACK\JRTP\01_MINI_projects\03_Blog_App\src\test\resources
2025-07-25 13:17:29,907 [Worker-19: Building] INFO  o.a.m.s.f.DefaultMavenResourcesFiltering - Copying 0 resource from src\main\resources to target\classes
2025-07-25 13:17:29,910 [Worker-19: Building] INFO  o.a.m.s.f.DefaultMavenResourcesFiltering - Copying 1 resource from src\main\resources to target\classes
2025-07-25 13:17:29,918 [Worker-19: Building] INFO  o.a.m.s.f.DefaultMavenResourcesFiltering - skip non existing resourceDirectory C:\Users\Shree\Desktop\FULL STACK\JRTP\01_MINI_projects\03_Blog_App\src\test\resources
2025-07-25 13:17:53,843 [Worker-19: Building] INFO  o.a.m.s.f.DefaultMavenResourcesFiltering - Copying 0 resource from src\main\resources to target\classes
2025-07-25 13:17:53,847 [Worker-19: Building] INFO  o.a.m.s.f.DefaultMavenResourcesFiltering - Copying 1 resource from src\main\resources to target\classes
2025-07-25 13:17:53,853 [Worker-19: Building] INFO  o.a.m.s.f.DefaultMavenResourcesFiltering - skip non existing resourceDirectory C:\Users\Shree\Desktop\FULL STACK\JRTP\01_MINI_projects\03_Blog_App\src\test\resources
2025-07-25 13:18:22,366 [Worker-12: Building] INFO  o.a.m.s.f.DefaultMavenResourcesFiltering - Copying 0 resource from src\main\resources to target\classes
2025-07-25 13:18:22,369 [Worker-12: Building] INFO  o.a.m.s.f.DefaultMavenResourcesFiltering - Copying 1 resource from src\main\resources to target\classes
2025-07-25 13:18:22,375 [Worker-12: Building] INFO  o.a.m.s.f.DefaultMavenResourcesFiltering - skip non existing resourceDirectory C:\Users\Shree\Desktop\FULL STACK\JRTP\01_MINI_projects\03_Blog_App\src\test\resources
2025-07-25 13:18:49,426 [Worker-17: Building] INFO  o.a.m.s.f.DefaultMavenResourcesFiltering - Copying 0 resource from src\main\resources to target\classes
2025-07-25 13:18:49,428 [Worker-17: Building] INFO  o.a.m.s.f.DefaultMavenResourcesFiltering - Copying 1 resource from src\main\resources to target\classes
2025-07-25 13:18:49,434 [Worker-17: Building] INFO  o.a.m.s.f.DefaultMavenResourcesFiltering - skip non existing resourceDirectory C:\Users\Shree\Desktop\FULL STACK\JRTP\01_MINI_projects\03_Blog_App\src\test\resources
2025-07-25 13:19:08,708 [Worker-23: Building] INFO  o.a.m.s.f.DefaultMavenResourcesFiltering - Copying 0 resource from src\main\resources to target\classes
2025-07-25 13:19:08,710 [Worker-23: Building] INFO  o.a.m.s.f.DefaultMavenResourcesFiltering - Copying 1 resource from src\main\resources to target\classes
2025-07-25 13:19:08,715 [Worker-23: Building] INFO  o.a.m.s.f.DefaultMavenResourcesFiltering - skip non existing resourceDirectory C:\Users\Shree\Desktop\FULL STACK\JRTP\01_MINI_projects\03_Blog_App\src\test\resources
2025-07-25 13:19:38,773 [Worker-17: Building] INFO  o.a.m.s.f.DefaultMavenResourcesFiltering - Copying 0 resource from src\main\resources to target\classes
2025-07-25 13:19:38,776 [Worker-17: Building] INFO  o.a.m.s.f.DefaultMavenResourcesFiltering - Copying 1 resource from src\main\resources to target\classes
2025-07-25 13:19:38,782 [Worker-17: Building] INFO  o.a.m.s.f.DefaultMavenResourcesFiltering - skip non existing resourceDirectory C:\Users\Shree\Desktop\FULL STACK\JRTP\01_MINI_projects\03_Blog_App\src\test\resources
2025-07-25 13:21:03,147 [Worker-17: Building] INFO  o.a.m.s.f.DefaultMavenResourcesFiltering - Copying 0 resource from src\main\resources to target\classes
2025-07-25 13:21:03,150 [Worker-17: Building] INFO  o.a.m.s.f.DefaultMavenResourcesFiltering - Copying 1 resource from src\main\resources to target\classes
2025-07-25 13:21:03,157 [Worker-17: Building] INFO  o.a.m.s.f.DefaultMavenResourcesFiltering - skip non existing resourceDirectory C:\Users\Shree\Desktop\FULL STACK\JRTP\01_MINI_projects\03_Blog_App\src\test\resources
2025-07-25 13:21:21,580 [Worker-23: Building] INFO  o.a.m.s.f.DefaultMavenResourcesFiltering - Copying 0 resource from src\main\resources to target\classes
2025-07-25 13:21:21,582 [Worker-23: Building] INFO  o.a.m.s.f.DefaultMavenResourcesFiltering - Copying 1 resource from src\main\resources to target\classes
2025-07-25 13:21:21,589 [Worker-23: Building] INFO  o.a.m.s.f.DefaultMavenResourcesFiltering - skip non existing resourceDirectory C:\Users\Shree\Desktop\FULL STACK\JRTP\01_MINI_projects\03_Blog_App\src\test\resources
2025-07-25 13:21:47,619 [Worker-1: Loading available Gradle versions] INFO  o.e.b.c.i.u.g.PublishedGradleVersions - Gradle version information cache is up-to-date. Trying to read.
2025-07-25 13:22:44,909 [Worker-3: Building] INFO  o.a.m.s.f.DefaultMavenResourcesFiltering - Copying 1 resource from src\main\resources to target\classes
2025-07-25 13:22:44,938 [Worker-3: Building] INFO  o.a.m.s.f.DefaultMavenResourcesFiltering - Copying 6 resources from src\main\resources to target\classes
2025-07-25 13:22:44,954 [Worker-3: Building] INFO  o.a.m.s.f.DefaultMavenResourcesFiltering - skip non existing resourceDirectory C:\Users\Shree\Desktop\FULL STACK\JRTP\01_MINI_projects\03_Blog_App\src\test\resources
2025-07-25 13:24:33,789 [Worker-10: Building] INFO  o.a.m.s.f.DefaultMavenResourcesFiltering - Copying 0 resource from src\main\resources to target\classes
2025-07-25 13:24:33,794 [Worker-10: Building] INFO  o.a.m.s.f.DefaultMavenResourcesFiltering - Copying 1 resource from src\main\resources to target\classes
2025-07-25 13:24:33,802 [Worker-10: Building] INFO  o.a.m.s.f.DefaultMavenResourcesFiltering - skip non existing resourceDirectory C:\Users\Shree\Desktop\FULL STACK\JRTP\01_MINI_projects\03_Blog_App\src\test\resources
2025-07-25 13:24:46,662 [Worker-9: Building] INFO  o.a.m.s.f.DefaultMavenResourcesFiltering - Copying 0 resource from src\main\resources to target\classes
2025-07-25 13:24:46,666 [Worker-9: Building] INFO  o.a.m.s.f.DefaultMavenResourcesFiltering - Copying 1 resource from src\main\resources to target\classes
2025-07-25 13:24:46,673 [Worker-9: Building] INFO  o.a.m.s.f.DefaultMavenResourcesFiltering - skip non existing resourceDirectory C:\Users\Shree\Desktop\FULL STACK\JRTP\01_MINI_projects\03_Blog_App\src\test\resources
2025-07-25 13:25:04,450 [Worker-0: Building] INFO  o.a.m.s.f.DefaultMavenResourcesFiltering - Copying 0 resource from src\main\resources to target\classes
2025-07-25 13:25:04,453 [Worker-0: Building] INFO  o.a.m.s.f.DefaultMavenResourcesFiltering - Copying 1 resource from src\main\resources to target\classes
2025-07-25 13:25:04,462 [Worker-0: Building] INFO  o.a.m.s.f.DefaultMavenResourcesFiltering - skip non existing resourceDirectory C:\Users\Shree\Desktop\FULL STACK\JRTP\01_MINI_projects\03_Blog_App\src\test\resources
2025-07-25 13:25:28,088 [Worker-5: Building] INFO  o.e.m.c.i.l.LifecycleMappingFactory - Using org.maven.ide.eclipse.wtp.WarLifecycleMapping lifecycle mapping for MavenProject: com.example:02_MiniProject_App-1:0.0.1-SNAPSHOT @ C:\Users\Shree\Desktop\FULL STACK\JRTP\01_MINI_projects\02_Student_CRM\pom.xml.
2025-07-25 13:25:31,982 [Worker-8: Updating Maven Dependencies] INFO  o.e.m.c.i.l.LifecycleMappingFactory - Using org.maven.ide.eclipse.wtp.WarLifecycleMapping lifecycle mapping for MavenProject: com.example:02_MiniProject_App-1:0.0.1-SNAPSHOT @ C:\Users\Shree\Desktop\FULL STACK\JRTP\01_MINI_projects\02_Student_CRM\pom.xml.
2025-07-25 13:25:55,033 [Worker-1: Building] INFO  o.a.m.s.f.DefaultMavenResourcesFiltering - Copying 1 resource from src\main\resources to target\classes
2025-07-25 13:25:55,055 [Worker-1: Building] INFO  o.a.m.s.f.DefaultMavenResourcesFiltering - Copying 17 resources from src\main\resources to target\classes
2025-07-25 13:25:55,078 [Worker-1: Building] INFO  o.a.m.s.f.DefaultMavenResourcesFiltering - skip non existing resourceDirectory C:\Users\Shree\Desktop\FULL STACK\JRTP\01_MINI_projects\02_Student_CRM\src\test\resources
2025-07-25 13:26:10,198 [Worker-13: Building] INFO  o.a.m.s.f.DefaultMavenResourcesFiltering - Copying 0 resource from src\main\resources to target\classes
2025-07-25 13:26:10,202 [Worker-13: Building] INFO  o.a.m.s.f.DefaultMavenResourcesFiltering - Copying 1 resource from src\main\resources to target\classes
2025-07-25 13:26:10,210 [Worker-13: Building] INFO  o.a.m.s.f.DefaultMavenResourcesFiltering - skip non existing resourceDirectory C:\Users\Shree\Desktop\FULL STACK\JRTP\01_MINI_projects\03_Blog_App\src\test\resources
2025-07-25 13:26:37,353 [Worker-3: Building] INFO  o.a.m.s.f.DefaultMavenResourcesFiltering - Copying 1 resource from src\main\resources to target\classes
2025-07-25 13:26:37,374 [Worker-3: Building] INFO  o.a.m.s.f.DefaultMavenResourcesFiltering - Copying 0 resource from src\main\resources to target\classes
2025-07-25 13:26:37,378 [Worker-3: Building] INFO  o.a.m.s.f.DefaultMavenResourcesFiltering - skip non existing resourceDirectory C:\Users\Shree\Desktop\FULL STACK\JRTP\01_MINI_projects\02_Student_CRM\src\test\resources
2025-07-25 13:26:53,327 [Worker-4: Building] INFO  o.a.m.s.f.DefaultMavenResourcesFiltering - Copying 1 resource from src\main\resources to target\classes
2025-07-25 13:26:53,337 [Worker-4: Building] INFO  o.a.m.s.f.DefaultMavenResourcesFiltering - Copying 0 resource from src\main\resources to target\classes
2025-07-25 13:26:53,341 [Worker-4: Building] INFO  o.a.m.s.f.DefaultMavenResourcesFiltering - skip non existing resourceDirectory C:\Users\Shree\Desktop\FULL STACK\JRTP\01_MINI_projects\03_Blog_App\src\test\resources
2025-07-25 13:27:26,214 [Worker-0: Building] INFO  o.a.m.s.f.DefaultMavenResourcesFiltering - Copying 1 resource from src\main\resources to target\classes
2025-07-25 13:27:26,226 [Worker-0: Building] INFO  o.a.m.s.f.DefaultMavenResourcesFiltering - Copying 0 resource from src\main\resources to target\classes
2025-07-25 13:27:26,230 [Worker-0: Building] INFO  o.a.m.s.f.DefaultMavenResourcesFiltering - skip non existing resourceDirectory C:\Users\Shree\Desktop\FULL STACK\JRTP\01_MINI_projects\03_Blog_App\src\test\resources
2025-07-25 13:29:20,712 [Worker-14: Building] INFO  o.a.m.s.f.DefaultMavenResourcesFiltering - Copying 0 resource from src\main\resources to target\classes
2025-07-25 13:29:20,715 [Worker-14: Building] INFO  o.a.m.s.f.DefaultMavenResourcesFiltering - Copying 1 resource from src\main\resources to target\classes
2025-07-25 13:29:20,724 [Worker-14: Building] INFO  o.a.m.s.f.DefaultMavenResourcesFiltering - skip non existing resourceDirectory C:\Users\Shree\Desktop\FULL STACK\JRTP\01_MINI_projects\03_Blog_App\src\test\resources
2025-07-25 13:30:04,180 [Worker-5: Building] INFO  o.a.m.s.f.DefaultMavenResourcesFiltering - Copying 0 resource from src\main\resources to target\classes
2025-07-25 13:30:04,184 [Worker-5: Building] INFO  o.a.m.s.f.DefaultMavenResourcesFiltering - Copying 1 resource from src\main\resources to target\classes
2025-07-25 13:30:04,193 [Worker-5: Building] INFO  o.a.m.s.f.DefaultMavenResourcesFiltering - skip non existing resourceDirectory C:\Users\Shree\Desktop\FULL STACK\JRTP\01_MINI_projects\03_Blog_App\src\test\resources
2025-07-25 13:31:49,870 [Worker-2: Building] INFO  o.a.m.s.f.DefaultMavenResourcesFiltering - Copying 0 resource from src\main\resources to target\classes
2025-07-25 13:31:49,874 [Worker-2: Building] INFO  o.a.m.s.f.DefaultMavenResourcesFiltering - Copying 1 resource from src\main\resources to target\classes
2025-07-25 13:31:49,883 [Worker-2: Building] INFO  o.a.m.s.f.DefaultMavenResourcesFiltering - skip non existing resourceDirectory C:\Users\Shree\Desktop\FULL STACK\JRTP\01_MINI_projects\03_Blog_App\src\test\resources
2025-07-25 14:44:17,515 [Worker-11: Building] INFO  o.a.m.s.f.DefaultMavenResourcesFiltering - Copying 1 resource from src\main\resources to target\classes
2025-07-25 14:44:17,542 [Worker-11: Building] INFO  o.a.m.s.f.DefaultMavenResourcesFiltering - Copying 0 resource from src\main\resources to target\classes
2025-07-25 14:44:17,546 [Worker-11: Building] INFO  o.a.m.s.f.DefaultMavenResourcesFiltering - skip non existing resourceDirectory C:\Users\Shree\Desktop\FULL STACK\JRTP\01_MINI_projects\03_Blog_App\src\test\resources
2025-07-25 14:44:40,145 [Worker-12: Building] INFO  o.a.m.s.f.DefaultMavenResourcesFiltering - Copying 1 resource from src\main\resources to target\classes
2025-07-25 14:44:40,171 [Worker-12: Building] INFO  o.a.m.s.f.DefaultMavenResourcesFiltering - Copying 0 resource from src\main\resources to target\classes
2025-07-25 14:44:40,176 [Worker-12: Building] INFO  o.a.m.s.f.DefaultMavenResourcesFiltering - skip non existing resourceDirectory C:\Users\Shree\Desktop\FULL STACK\JRTP\01_MINI_projects\03_Blog_App\src\test\resources
2025-07-25 15:01:31,272 [Worker-11: Building] INFO  o.a.m.s.f.DefaultMavenResourcesFiltering - Copying 0 resource from src\main\resources to target\classes
2025-07-25 15:01:31,279 [Worker-11: Building] INFO  o.a.m.s.f.DefaultMavenResourcesFiltering - Copying 1 resource from src\main\resources to target\classes
2025-07-25 15:01:31,287 [Worker-11: Building] INFO  o.a.m.s.f.DefaultMavenResourcesFiltering - skip non existing resourceDirectory C:\Users\Shree\Desktop\FULL STACK\JRTP\01_MINI_projects\03_Blog_App\src\test\resources
2025-07-25 15:02:59,138 [Worker-12: Building] INFO  o.a.m.s.f.DefaultMavenResourcesFiltering - Copying 1 resource from src\main\resources to target\classes
2025-07-25 15:02:59,152 [Worker-12: Building] INFO  o.a.m.s.f.DefaultMavenResourcesFiltering - Copying 6 resources from src\main\resources to target\classes
2025-07-25 15:02:59,161 [Worker-12: Building] INFO  o.a.m.s.f.DefaultMavenResourcesFiltering - skip non existing resourceDirectory C:\Users\Shree\Desktop\FULL STACK\JRTP\01_MINI_projects\03_Blog_App\src\test\resources
2025-07-25 15:08:41,425 [Worker-11: Building] INFO  o.a.m.s.f.DefaultMavenResourcesFiltering - Copying 1 resource from src\main\resources to target\classes
2025-07-25 15:08:41,440 [Worker-11: Building] INFO  o.a.m.s.f.DefaultMavenResourcesFiltering - Copying 6 resources from src\main\resources to target\classes
2025-07-25 15:08:41,454 [Worker-11: Building] INFO  o.a.m.s.f.DefaultMavenResourcesFiltering - skip non existing resourceDirectory C:\Users\Shree\Desktop\FULL STACK\JRTP\01_MINI_projects\03_Blog_App\src\test\resources
2025-07-25 15:11:28,140 [Worker-5: Building] INFO  o.a.m.s.f.DefaultMavenResourcesFiltering - Copying 0 resource from src\main\resources to target\classes
2025-07-25 15:11:28,146 [Worker-5: Building] INFO  o.a.m.s.f.DefaultMavenResourcesFiltering - Copying 1 resource from src\main\resources to target\classes
2025-07-25 15:11:28,152 [Worker-5: Building] INFO  o.a.m.s.f.DefaultMavenResourcesFiltering - skip non existing resourceDirectory C:\Users\Shree\Desktop\FULL STACK\JRTP\01_MINI_projects\03_Blog_App\src\test\resources
2025-07-25 15:11:41,933 [Worker-14: Building] INFO  o.a.m.s.f.DefaultMavenResourcesFiltering - Copying 0 resource from src\main\resources to target\classes
2025-07-25 15:11:41,938 [Worker-14: Building] INFO  o.a.m.s.f.DefaultMavenResourcesFiltering - Copying 1 resource from src\main\resources to target\classes
2025-07-25 15:11:41,945 [Worker-14: Building] INFO  o.a.m.s.f.DefaultMavenResourcesFiltering - skip non existing resourceDirectory C:\Users\Shree\Desktop\FULL STACK\JRTP\01_MINI_projects\03_Blog_App\src\test\resources
2025-07-25 15:11:48,990 [Worker-14: Building] INFO  o.a.m.s.f.DefaultMavenResourcesFiltering - Copying 0 resource from src\main\resources to target\classes
2025-07-25 15:11:48,992 [Worker-14: Building] INFO  o.a.m.s.f.DefaultMavenResourcesFiltering - Copying 1 resource from src\main\resources to target\classes
2025-07-25 15:11:48,999 [Worker-14: Building] INFO  o.a.m.s.f.DefaultMavenResourcesFiltering - skip non existing resourceDirectory C:\Users\Shree\Desktop\FULL STACK\JRTP\01_MINI_projects\03_Blog_App\src\test\resources
2025-07-25 15:12:07,044 [Worker-5: Building] INFO  o.a.m.s.f.DefaultMavenResourcesFiltering - Copying 0 resource from src\main\resources to target\classes
2025-07-25 15:12:07,047 [Worker-5: Building] INFO  o.a.m.s.f.DefaultMavenResourcesFiltering - Copying 1 resource from src\main\resources to target\classes
2025-07-25 15:12:07,056 [Worker-5: Building] INFO  o.a.m.s.f.DefaultMavenResourcesFiltering - skip non existing resourceDirectory C:\Users\Shree\Desktop\FULL STACK\JRTP\01_MINI_projects\03_Blog_App\src\test\resources
2025-07-25 15:12:17,650 [Worker-15: Building] INFO  o.a.m.s.f.DefaultMavenResourcesFiltering - Copying 0 resource from src\main\resources to target\classes
2025-07-25 15:12:17,653 [Worker-15: Building] INFO  o.a.m.s.f.DefaultMavenResourcesFiltering - Copying 1 resource from src\main\resources to target\classes
2025-07-25 15:12:17,659 [Worker-15: Building] INFO  o.a.m.s.f.DefaultMavenResourcesFiltering - skip non existing resourceDirectory C:\Users\Shree\Desktop\FULL STACK\JRTP\01_MINI_projects\03_Blog_App\src\test\resources
2025-07-25 15:12:40,475 [Worker-11: Building] INFO  o.a.m.s.f.DefaultMavenResourcesFiltering - Copying 0 resource from src\main\resources to target\classes
2025-07-25 15:12:40,478 [Worker-11: Building] INFO  o.a.m.s.f.DefaultMavenResourcesFiltering - Copying 1 resource from src\main\resources to target\classes
2025-07-25 15:12:40,485 [Worker-11: Building] INFO  o.a.m.s.f.DefaultMavenResourcesFiltering - skip non existing resourceDirectory C:\Users\Shree\Desktop\FULL STACK\JRTP\01_MINI_projects\03_Blog_App\src\test\resources
2025-07-25 15:14:18,381 [Worker-11: Building] INFO  o.a.m.s.f.DefaultMavenResourcesFiltering - Copying 0 resource from src\main\resources to target\classes
2025-07-25 15:14:18,384 [Worker-11: Building] INFO  o.a.m.s.f.DefaultMavenResourcesFiltering - Copying 1 resource from src\main\resources to target\classes
2025-07-25 15:14:18,392 [Worker-11: Building] INFO  o.a.m.s.f.DefaultMavenResourcesFiltering - skip non existing resourceDirectory C:\Users\Shree\Desktop\FULL STACK\JRTP\01_MINI_projects\03_Blog_App\src\test\resources
2025-07-25 15:14:28,908 [Worker-15: Building] INFO  o.a.m.s.f.DefaultMavenResourcesFiltering - Copying 0 resource from src\main\resources to target\classes
2025-07-25 15:14:28,911 [Worker-15: Building] INFO  o.a.m.s.f.DefaultMavenResourcesFiltering - Copying 1 resource from src\main\resources to target\classes
2025-07-25 15:14:28,918 [Worker-15: Building] INFO  o.a.m.s.f.DefaultMavenResourcesFiltering - skip non existing resourceDirectory C:\Users\Shree\Desktop\FULL STACK\JRTP\01_MINI_projects\03_Blog_App\src\test\resources
2025-07-25 15:14:41,649 [Worker-11: Building] INFO  o.a.m.s.f.DefaultMavenResourcesFiltering - Copying 0 resource from src\main\resources to target\classes
2025-07-25 15:14:41,653 [Worker-11: Building] INFO  o.a.m.s.f.DefaultMavenResourcesFiltering - Copying 1 resource from src\main\resources to target\classes
2025-07-25 15:14:41,659 [Worker-11: Building] INFO  o.a.m.s.f.DefaultMavenResourcesFiltering - skip non existing resourceDirectory C:\Users\Shree\Desktop\FULL STACK\JRTP\01_MINI_projects\03_Blog_App\src\test\resources
2025-07-25 15:14:48,614 [Worker-11: Building] INFO  o.a.m.s.f.DefaultMavenResourcesFiltering - Copying 0 resource from src\main\resources to target\classes
2025-07-25 15:14:48,617 [Worker-11: Building] INFO  o.a.m.s.f.DefaultMavenResourcesFiltering - Copying 1 resource from src\main\resources to target\classes
2025-07-25 15:14:48,625 [Worker-11: Building] INFO  o.a.m.s.f.DefaultMavenResourcesFiltering - skip non existing resourceDirectory C:\Users\Shree\Desktop\FULL STACK\JRTP\01_MINI_projects\03_Blog_App\src\test\resources
2025-07-25 15:15:01,211 [Worker-5: Building] INFO  o.a.m.s.f.DefaultMavenResourcesFiltering - Copying 0 resource from src\main\resources to target\classes
2025-07-25 15:15:01,214 [Worker-5: Building] INFO  o.a.m.s.f.DefaultMavenResourcesFiltering - Copying 1 resource from src\main\resources to target\classes
2025-07-25 15:15:01,221 [Worker-5: Building] INFO  o.a.m.s.f.DefaultMavenResourcesFiltering - skip non existing resourceDirectory C:\Users\Shree\Desktop\FULL STACK\JRTP\01_MINI_projects\03_Blog_App\src\test\resources
2025-07-25 15:15:22,370 [Worker-15: Building] INFO  o.a.m.s.f.DefaultMavenResourcesFiltering - Copying 0 resource from src\main\resources to target\classes
2025-07-25 15:15:22,373 [Worker-15: Building] INFO  o.a.m.s.f.DefaultMavenResourcesFiltering - Copying 1 resource from src\main\resources to target\classes
2025-07-25 15:15:22,379 [Worker-15: Building] INFO  o.a.m.s.f.DefaultMavenResourcesFiltering - skip non existing resourceDirectory C:\Users\Shree\Desktop\FULL STACK\JRTP\01_MINI_projects\03_Blog_App\src\test\resources
2025-07-25 15:15:30,798 [Worker-11: Building] INFO  o.a.m.s.f.DefaultMavenResourcesFiltering - Copying 0 resource from src\main\resources to target\classes
2025-07-25 15:15:30,801 [Worker-11: Building] INFO  o.a.m.s.f.DefaultMavenResourcesFiltering - Copying 1 resource from src\main\resources to target\classes
2025-07-25 15:15:30,808 [Worker-11: Building] INFO  o.a.m.s.f.DefaultMavenResourcesFiltering - skip non existing resourceDirectory C:\Users\Shree\Desktop\FULL STACK\JRTP\01_MINI_projects\03_Blog_App\src\test\resources
2025-07-25 15:16:18,496 [Worker-2: Building] INFO  o.a.m.s.f.DefaultMavenResourcesFiltering - Copying 0 resource from src\main\resources to target\classes
2025-07-25 15:16:18,499 [Worker-2: Building] INFO  o.a.m.s.f.DefaultMavenResourcesFiltering - Copying 1 resource from src\main\resources to target\classes
2025-07-25 15:16:18,507 [Worker-2: Building] INFO  o.a.m.s.f.DefaultMavenResourcesFiltering - skip non existing resourceDirectory C:\Users\Shree\Desktop\FULL STACK\JRTP\01_MINI_projects\03_Blog_App\src\test\resources
2025-07-25 15:17:51,325 [Worker-12: Building] INFO  o.a.m.s.f.DefaultMavenResourcesFiltering - Copying 0 resource from src\main\resources to target\classes
2025-07-25 15:17:51,329 [Worker-12: Building] INFO  o.a.m.s.f.DefaultMavenResourcesFiltering - Copying 1 resource from src\main\resources to target\classes
2025-07-25 15:17:51,334 [Worker-12: Building] INFO  o.a.m.s.f.DefaultMavenResourcesFiltering - skip non existing resourceDirectory C:\Users\Shree\Desktop\FULL STACK\JRTP\01_MINI_projects\03_Blog_App\src\test\resources
2025-07-25 15:18:18,629 [Worker-2: Building] INFO  o.a.m.s.f.DefaultMavenResourcesFiltering - Copying 0 resource from src\main\resources to target\classes
2025-07-25 15:18:18,633 [Worker-2: Building] INFO  o.a.m.s.f.DefaultMavenResourcesFiltering - Copying 1 resource from src\main\resources to target\classes
2025-07-25 15:18:18,641 [Worker-2: Building] INFO  o.a.m.s.f.DefaultMavenResourcesFiltering - skip non existing resourceDirectory C:\Users\Shree\Desktop\FULL STACK\JRTP\01_MINI_projects\03_Blog_App\src\test\resources
2025-07-25 15:19:57,558 [Worker-2: Building] INFO  o.a.m.s.f.DefaultMavenResourcesFiltering - Copying 0 resource from src\main\resources to target\classes
2025-07-25 15:19:57,562 [Worker-2: Building] INFO  o.a.m.s.f.DefaultMavenResourcesFiltering - Copying 1 resource from src\main\resources to target\classes
2025-07-25 15:19:57,568 [Worker-2: Building] INFO  o.a.m.s.f.DefaultMavenResourcesFiltering - skip non existing resourceDirectory C:\Users\Shree\Desktop\FULL STACK\JRTP\01_MINI_projects\03_Blog_App\src\test\resources
2025-07-25 15:20:48,807 [Worker-12: Building] INFO  o.a.m.s.f.DefaultMavenResourcesFiltering - Copying 0 resource from src\main\resources to target\classes
2025-07-25 15:20:48,810 [Worker-12: Building] INFO  o.a.m.s.f.DefaultMavenResourcesFiltering - Copying 1 resource from src\main\resources to target\classes
2025-07-25 15:20:48,815 [Worker-12: Building] INFO  o.a.m.s.f.DefaultMavenResourcesFiltering - skip non existing resourceDirectory C:\Users\Shree\Desktop\FULL STACK\JRTP\01_MINI_projects\03_Blog_App\src\test\resources
2025-07-25 15:23:22,297 [Worker-5: Building] INFO  o.a.m.s.f.DefaultMavenResourcesFiltering - Copying 0 resource from src\main\resources to target\classes
2025-07-25 15:23:22,300 [Worker-5: Building] INFO  o.a.m.s.f.DefaultMavenResourcesFiltering - Copying 1 resource from src\main\resources to target\classes
2025-07-25 15:23:22,306 [Worker-5: Building] INFO  o.a.m.s.f.DefaultMavenResourcesFiltering - skip non existing resourceDirectory C:\Users\Shree\Desktop\FULL STACK\JRTP\01_MINI_projects\03_Blog_App\src\test\resources
